SetupTitle, I/V Sweep
PrimitiveTest, I/V Sweep
TestParameter, Context.MainFrame, B1500A
TestParameter, Channel.UnitType, SMU, SMU, SMU
TestParameter, Channel.Unit, SMU1:MP, SMU3:MP, SMU4:MP
TestParameter, Channel.IName, IB, IC, IT
TestParameter, Channel.VName, VB, VC, VT
TestParameter, Channel.Mode, I, V, I
TestParameter, Channel.Func, VAR2, VAR1, CONST
TestParameter, Channel.Index, 
TestParameter, Channel.Time, 
TestParameter, Measurement.Port.Unit, SMU1:MP, SMU3:MP, SMU4:MP
TestParameter, Measurement.Port.SeriesResistor, NONE, NONE, NONE
TestParameter, Measurement.Port.Filter, ON, ON, ON
TestParameter, Measurement.Primary.Locus, Double
TestParameter, Measurement.Primary.Scale, LINEAR
TestParameter, Measurement.Primary.Start, 0
TestParameter, Measurement.Primary.Stop, 3
TestParameter, Measurement.Primary.Step, 0.02
TestParameter, Measurement.Primary.Compliance, 0.04
TestParameter, Measurement.Primary.PowerCompliance, 0
TestParameter, Measurement.Aborting.Condition, CONTINUE AT ANY
TestParameter, Measurement.PostOutput.Value, START
TestParameter, Measurement.PostOutput.Retention, OFF
TestParameter, Measurement.Secondary.Start, 5E-06
TestParameter, Measurement.Secondary.Count, 5
TestParameter, Measurement.Secondary.Step, 4.9999999999999996E-06
TestParameter, Measurement.Secondary.Compliance, 1.2
TestParameter, Measurement.Secondary.PowerCompliance, 0
TestParameter, Measurement.Bias.Source, 5E-06, 0, 0.001
TestParameter, Measurement.Bias.Compliance, 1.2, 0.04, 1.5
TestParameter, Measurement.Monitor.Unit, SMU1:MP, SMU3:MP, SMU4:MP
TestParameter, Measurement.Monitor.Adc, HR ADC, HR ADC, HR ADC
TestParameter, Measurement.Monitor.RangingMode, AUTO, LIMITED, AUTO
TestParameter, Measurement.Monitor.RangeBoundary, , 1nA, 
TestParameter, Measurement.Timing.Hold, 0
TestParameter, Measurement.Timing.Delay, 0
TestParameter, Measurement.Adc.HighSpeed.Mode, AUTO
TestParameter, Measurement.Adc.HighSpeed.Coeff, 1
TestParameter, Measurement.Adc.HighResolution.AutoZero, OFF
TestParameter, Measurement.Adc.HighResolution.Mode, AUTO
TestParameter, Measurement.Adc.HighResolution.Coeff, 64
TestParameter, Measurement.WaitTime.Source.Coeff, 1
TestParameter, Measurement.WaitTime.Source.Offset, 0
TestParameter, Measurement.WaitTime.Monitor.Coeff, 1
TestParameter, Measurement.WaitTime.Monitor.Offset, 0
TestParameter, Function.User.Name, RPT100
TestParameter, Function.User.Unit, ohm
TestParameter, Function.User.Definition, VT/IT
TestParameter, Output.Graph.Enabled, true
TestParameter, Output.Graph.XAxis.Data, VC
TestParameter, Output.Graph.XAxis.Scale, Linear
TestParameter, Output.Graph.XAxis.Left, 0
TestParameter, Output.Graph.XAxis.Right, 3
TestParameter, Output.Graph.YAxis.Data, IC, RPT100
TestParameter, Output.Graph.YAxis.Scale, Linear, Linear
TestParameter, Output.Graph.YAxis.Bottom, 0, 50
TestParameter, Output.Graph.YAxis.Top, 0.04, 150
TestParameter, Output.Graph.YAxis.Group, , 
TestParameter, AutoAnalysis.Interpolation, false
TestParameter, AutoAnalysis.Line1.Enabled, false
TestParameter, AutoAnalysis.Line1.Type, 1
TestParameter, AutoAnalysis.Line1.Fix, True
TestParameter, AutoAnalysis.Line1.YAxis, 0
TestParameter, AutoAnalysis.Line1.Point1.Type, 0
TestParameter, AutoAnalysis.Line1.Point1.XY.X, 
TestParameter, AutoAnalysis.Line1.Point1.XY.Y, 
TestParameter, AutoAnalysis.Line1.Point1.Data.Var, 
TestParameter, AutoAnalysis.Line1.Point1.Data.Condition, 
TestParameter, AutoAnalysis.Line1.Point1.Data.Start, false
TestParameter, AutoAnalysis.Line1.Point1.Data.StartVar, 
TestParameter, AutoAnalysis.Line1.Point1.Data.StartCondition, 
TestParameter, AutoAnalysis.Line1.Point2.Type, 0
TestParameter, AutoAnalysis.Line1.Point2.XY.X, 
TestParameter, AutoAnalysis.Line1.Point2.XY.Y, 
TestParameter, AutoAnalysis.Line1.Point2.Data.Var, 
TestParameter, AutoAnalysis.Line1.Point2.Data.Condition, 
TestParameter, AutoAnalysis.Line1.Point2.Data.Start, false
TestParameter, AutoAnalysis.Line1.Point2.Data.StartVar, 
TestParameter, AutoAnalysis.Line1.Point2.Data.StartCondition, 
TestParameter, AutoAnalysis.Line1.GradientExpr, 0
TestParameter, AutoAnalysis.Line2.Enabled, false
TestParameter, AutoAnalysis.Line2.Type, 1
TestParameter, AutoAnalysis.Line2.Fix, True
TestParameter, AutoAnalysis.Line2.YAxis, 0
TestParameter, AutoAnalysis.Line2.Point1.Type, 0
TestParameter, AutoAnalysis.Line2.Point1.XY.X, 
TestParameter, AutoAnalysis.Line2.Point1.XY.Y, 
TestParameter, AutoAnalysis.Line2.Point1.Data.Var, 
TestParameter, AutoAnalysis.Line2.Point1.Data.Condition, 
TestParameter, AutoAnalysis.Line2.Point1.Data.Start, false
TestParameter, AutoAnalysis.Line2.Point1.Data.StartVar, 
TestParameter, AutoAnalysis.Line2.Point1.Data.StartCondition, 
TestParameter, AutoAnalysis.Line2.Point2.Type, 0
TestParameter, AutoAnalysis.Line2.Point2.XY.X, 
TestParameter, AutoAnalysis.Line2.Point2.XY.Y, 
TestParameter, AutoAnalysis.Line2.Point2.Data.Var, 
TestParameter, AutoAnalysis.Line2.Point2.Data.Condition, 
TestParameter, AutoAnalysis.Line2.Point2.Data.Start, false
TestParameter, AutoAnalysis.Line2.Point2.Data.StartVar, 
TestParameter, AutoAnalysis.Line2.Point2.Data.StartCondition, 
TestParameter, AutoAnalysis.Line2.GradientExpr, 0
TestParameter, AutoAnalysis.Marker.Enabled, false
TestParameter, AutoAnalysis.Marker.Data.Var, 
TestParameter, AutoAnalysis.Marker.Data.Condition, 
TestParameter, AutoAnalysis.Marker.Data.Start, false
TestParameter, AutoAnalysis.Marker.Data.StartVar, 
TestParameter, AutoAnalysis.Marker.Data.StartCondition, 
MetaData, TestRecord.EntryPoint, true
MetaData, TestRecord.RecordTime, 07/11/2025 15:55:53
MetaData, TestRecord.TestTarget, 
MetaData, TestRecord.IterationIndex, 2
MetaData, TestRecord.Preservation, true
MetaData, TestRecord.Flag, 
MetaData, TestRecord.Remarks, 
MetaData, TestRecord.LinkKey, 6cc20740-e538-40a6-b3a2-68aab747a2d9
AnalysisSetup, Analysis.Setup.Vector.Graph.Enabled, true
AnalysisSetup, Analysis.Setup.Vector.Graph.ActiveYAxis, 0
AnalysisSetup, Analysis.Setup.Vector.Graph.LeftYAxis, 0
AnalysisSetup, Analysis.Setup.Vector.Graph.RightYAxis, 1
AnalysisSetup, Analysis.Setup.Vector.Graph.XAxis.Name, VC
AnalysisSetup, Analysis.Setup.Vector.Graph.XAxis.GroupName, 
AnalysisSetup, Analysis.Setup.Vector.Graph.XAxis.Unit, V
AnalysisSetup, Analysis.Setup.Vector.Graph.XAxis.Scale, Linear
AnalysisSetup, Analysis.Setup.Vector.Graph.XAxis.Left, 0
AnalysisSetup, Analysis.Setup.Vector.Graph.XAxis.Right, 3
AnalysisSetup, Analysis.Setup.Vector.Graph.YAxis.Name, IC, RPT100
AnalysisSetup, Analysis.Setup.Vector.Graph.YAxis.GroupName, , 
AnalysisSetup, Analysis.Setup.Vector.Graph.YAxis.Unit, A, ohm
AnalysisSetup, Analysis.Setup.Vector.Graph.YAxis.Scale, Linear, Linear
AnalysisSetup, Analysis.Setup.Vector.Graph.YAxis.Bottom, 0, 50
AnalysisSetup, Analysis.Setup.Vector.Graph.YAxis.Top, 0.04, 150
AnalysisSetup, Analysis.Setup.Vector.Graph.Operation.Marker.Enabled, false
AnalysisSetup, Analysis.Setup.Vector.Graph.Operation.Marker.Interpolation, false
AnalysisSetup, Analysis.Setup.Vector.Graph.Operation.Marker.Index, 0
AnalysisSetup, Analysis.Setup.Vector.Graph.Operation.Marker.Step, 0
AnalysisSetup, Analysis.Setup.Vector.Graph.Operation.Cursor.Enabled, false
AnalysisSetup, Analysis.Setup.Vector.Graph.Operation.Cursor.Active, true
AnalysisSetup, Analysis.Setup.Vector.Graph.Operation.Cursor.NormalX, 0.5
AnalysisSetup, Analysis.Setup.Vector.Graph.Operation.Cursor.NormalY, 0.5
AnalysisSetup, Analysis.Setup.Vector.Graph.Operation.Line1.Enabled, false
AnalysisSetup, Analysis.Setup.Vector.Graph.Operation.Line1.Active, false
AnalysisSetup, Analysis.Setup.Vector.Graph.Operation.Line1.Fix, false
AnalysisSetup, Analysis.Setup.Vector.Graph.Operation.Line1.Type, 1
AnalysisSetup, Analysis.Setup.Vector.Graph.Operation.Line1.YAxisIndex, 0
AnalysisSetup, Analysis.Setup.Vector.Graph.Operation.Line1.LastIndex, -1
AnalysisSetup, Analysis.Setup.Vector.Graph.Operation.Line1.LastStep, -1
AnalysisSetup, Analysis.Setup.Vector.Graph.Operation.Line1.Cursor1.Enabled, false
AnalysisSetup, Analysis.Setup.Vector.Graph.Operation.Line1.Cursor1.Active, false
AnalysisSetup, Analysis.Setup.Vector.Graph.Operation.Line1.Cursor1.NormalX, 0.5
AnalysisSetup, Analysis.Setup.Vector.Graph.Operation.Line1.Cursor1.NormalY, 0.5
AnalysisSetup, Analysis.Setup.Vector.Graph.Operation.Line1.Cursor2.Enabled, false
AnalysisSetup, Analysis.Setup.Vector.Graph.Operation.Line1.Cursor2.Active, false
AnalysisSetup, Analysis.Setup.Vector.Graph.Operation.Line1.Cursor2.NormalX, 0.5
AnalysisSetup, Analysis.Setup.Vector.Graph.Operation.Line1.Cursor2.NormalY, 0.5
AnalysisSetup, Analysis.Setup.Vector.Graph.Operation.Line1.Gradient, 
AnalysisSetup, Analysis.Setup.Vector.Graph.Operation.Line2.Enabled, false
AnalysisSetup, Analysis.Setup.Vector.Graph.Operation.Line2.Active, false
AnalysisSetup, Analysis.Setup.Vector.Graph.Operation.Line2.Fix, false
AnalysisSetup, Analysis.Setup.Vector.Graph.Operation.Line2.Type, 1
AnalysisSetup, Analysis.Setup.Vector.Graph.Operation.Line2.YAxisIndex, 0
AnalysisSetup, Analysis.Setup.Vector.Graph.Operation.Line2.LastIndex, -1
AnalysisSetup, Analysis.Setup.Vector.Graph.Operation.Line2.LastStep, -1
AnalysisSetup, Analysis.Setup.Vector.Graph.Operation.Line2.Cursor1.Enabled, false
AnalysisSetup, Analysis.Setup.Vector.Graph.Operation.Line2.Cursor1.Active, false
AnalysisSetup, Analysis.Setup.Vector.Graph.Operation.Line2.Cursor1.NormalX, 0.5
AnalysisSetup, Analysis.Setup.Vector.Graph.Operation.Line2.Cursor1.NormalY, 0.5
AnalysisSetup, Analysis.Setup.Vector.Graph.Operation.Line2.Cursor2.Enabled, false
AnalysisSetup, Analysis.Setup.Vector.Graph.Operation.Line2.Cursor2.Active, false
AnalysisSetup, Analysis.Setup.Vector.Graph.Operation.Line2.Cursor2.NormalX, 0.5
AnalysisSetup, Analysis.Setup.Vector.Graph.Operation.Line2.Cursor2.NormalY, 0.5
AnalysisSetup, Analysis.Setup.Vector.Graph.Operation.Line2.Gradient, 
AnalysisSetup, Analysis.Setup.Vector.Graph.Preference.BackgroundColor, -1
AnalysisSetup, Analysis.Setup.Vector.Graph.Preference.TextColor, -16777216
AnalysisSetup, Analysis.Setup.Vector.Graph.Preference.GridColor, -3618616
AnalysisSetup, Analysis.Setup.Vector.Graph.Preference.LineColor, -65336
AnalysisSetup, Analysis.Setup.Vector.Graph.Preference.Plots.Y1.Visible, true
AnalysisSetup, Analysis.Setup.Vector.Graph.Preference.Plots.Y1.PlotColor, -16777036
AnalysisSetup, Analysis.Setup.Vector.Graph.Preference.Plots.Y1.Thickness, 1
AnalysisSetup, Analysis.Setup.Vector.Graph.Preference.Plots.Y2.Visible, true
AnalysisSetup, Analysis.Setup.Vector.Graph.Preference.Plots.Y2.PlotColor, -39936
AnalysisSetup, Analysis.Setup.Vector.Graph.Preference.Plots.Y2.Thickness, 1
AnalysisSetup, Analysis.Setup.Vector.Graph.Preference.Plots.Y3.Visible, true
AnalysisSetup, Analysis.Setup.Vector.Graph.Preference.Plots.Y3.PlotColor, -16731136
AnalysisSetup, Analysis.Setup.Vector.Graph.Preference.Plots.Y3.Thickness, 1
AnalysisSetup, Analysis.Setup.Vector.Graph.Preference.Plots.Y4.Visible, true
AnalysisSetup, Analysis.Setup.Vector.Graph.Preference.Plots.Y4.PlotColor, -8892376
AnalysisSetup, Analysis.Setup.Vector.Graph.Preference.Plots.Y4.Thickness, 1
AnalysisSetup, Analysis.Setup.Vector.Graph.Preference.Plots.Y5.Visible, true
AnalysisSetup, Analysis.Setup.Vector.Graph.Preference.Plots.Y5.PlotColor, -65536
AnalysisSetup, Analysis.Setup.Vector.Graph.Preference.Plots.Y5.Thickness, 1
AnalysisSetup, Analysis.Setup.Vector.Graph.Preference.Plots.Y6.Visible, true
AnalysisSetup, Analysis.Setup.Vector.Graph.Preference.Plots.Y6.PlotColor, -14336
AnalysisSetup, Analysis.Setup.Vector.Graph.Preference.Plots.Y6.Thickness, 1
AnalysisSetup, Analysis.Setup.Vector.Graph.Preference.Plots.Y7.Visible, true
AnalysisSetup, Analysis.Setup.Vector.Graph.Preference.Plots.Y7.PlotColor, -6946586
AnalysisSetup, Analysis.Setup.Vector.Graph.Preference.Plots.Y7.Thickness, 1
AnalysisSetup, Analysis.Setup.Vector.Graph.Preference.Plots.Y8.Visible, true
AnalysisSetup, Analysis.Setup.Vector.Graph.Preference.Plots.Y8.PlotColor, -16733546
AnalysisSetup, Analysis.Setup.Vector.Graph.Preference.Plots.Y8.Thickness, 1
AnalysisSetup, Analysis.Setup.Vector.Graph.Preference.Text.AxisTitle.FontName, Tahoma
AnalysisSetup, Analysis.Setup.Vector.Graph.Preference.Text.AxisTitle.RelativeSize, Medium
AnalysisSetup, Analysis.Setup.Vector.Graph.Preference.Text.AxisTitle.Size, 7
AnalysisSetup, Analysis.Setup.Vector.Graph.Preference.Text.ScaleText.FontName, Tahoma
AnalysisSetup, Analysis.Setup.Vector.Graph.Preference.Text.ScaleText.RelativeSize, Medium
AnalysisSetup, Analysis.Setup.Vector.Graph.Preference.Text.ScaleText.Size, 7
AnalysisSetup, Analysis.Setup.Vector.Graph.Preference.Text.Legend.FontName, Tahoma
AnalysisSetup, Analysis.Setup.Vector.Graph.Preference.Text.Legend.RelativeSize, Medium
AnalysisSetup, Analysis.Setup.Vector.Graph.Preference.Text.Legend.Size, 7
AnalysisSetup, Analysis.Setup.Vector.Graph.Preference.Scale.LogTickedDecadeCount, 6
AnalysisSetup, Analysis.Setup.Vector.Graph.Preference.GridVisible, true
AnalysisSetup, Analysis.Setup.Preference.GraphVisible, true
AnalysisSetup, Analysis.Setup.Preference.ListVisible, true
AnalysisSetup, Analysis.Setup.Preference.ScalarVisible, true
AnalysisSetup, Analysis.Setup.Title, I/V Sweep
Dimension1, 302, 302, 302, 302, 302
Dimension2, 5, 5, 5, 5, 5
DataName, VC, IT, IC, VT, RPT100
DataValue, 0, 0.001, -3.15168E-07, 0.11201900000000001, 112.019
DataValue, 0.02, 0.001, 0.000107992, 0.11201300000000002, 112.013
DataValue, 0.04, 0.001, 0.000306748, 0.11201700000000002, 112.01700000000001
DataValue, 0.06, 0.001, 0.00062482400000000006, 0.112029, 112.029
DataValue, 0.08, 0.001, 0.001070542, 0.112038, 112.038
DataValue, 0.1, 0.001, 0.0016128, 0.112043, 112.043
DataValue, 0.12, 0.001, 0.00217122, 0.112051, 112.05099999999999
DataValue, 0.13999999999999999, 0.001, 0.00267738, 0.11205700000000002, 112.057
DataValue, 0.16000000000000003, 0.001, 0.00308094, 0.112062, 112.062
DataValue, 0.18000000000000002, 0.001, 0.0033582800000000004, 0.11207, 112.07000000000001
DataValue, 0.2, 0.001, 0.00353314, 0.112072, 112.07199999999999
DataValue, 0.22000000000000003, 0.001, 0.00363434, 0.11207, 112.07000000000001
DataValue, 0.24, 0.001, 0.0036919400000000003, 0.11207400000000001, 112.07400000000001
DataValue, 0.26, 0.001, 0.00372604, 0.112079, 112.079
DataValue, 0.27999999999999997, 0.001, 0.00374704, 0.11207400000000001, 112.07400000000001
DataValue, 0.30000000000000004, 0.001, 0.0037613200000000003, 0.11207100000000002, 112.07100000000001
DataValue, 0.32000000000000006, 0.001, 0.0037708200000000002, 0.11207700000000001, 112.077
DataValue, 0.34, 0.001, 0.0037781600000000005, 0.112075, 112.07499999999999
DataValue, 0.36000000000000004, 0.001, 0.0037834599999999998, 0.11207700000000001, 112.077
DataValue, 0.38, 0.001, 0.0037883200000000004, 0.11208100000000001, 112.081
DataValue, 0.4, 0.001, 0.00379256, 0.112075, 112.07499999999999
DataValue, 0.42000000000000004, 0.001, 0.0037960600000000004, 0.11207700000000001, 112.077
DataValue, 0.44000000000000006, 0.001, 0.00379926, 0.11207400000000001, 112.07400000000001
DataValue, 0.45999999999999996, 0.001, 0.00380306, 0.112075, 112.07499999999999
DataValue, 0.48, 0.001, 0.00380536, 0.112083, 112.083
DataValue, 0.5, 0.001, 0.0038078599999999997, 0.11207700000000001, 112.077
DataValue, 0.52, 0.001, 0.00381006, 0.112079, 112.079
DataValue, 0.54, 0.001, 0.00381208, 0.11207700000000001, 112.077
DataValue, 0.55999999999999994, 0.001, 0.003814, 0.11207400000000001, 112.07400000000001
DataValue, 0.58, 0.001, 0.0038152, 0.11207700000000001, 112.077
DataValue, 0.60000000000000009, 0.001, 0.00381684, 0.11208000000000001, 112.08
DataValue, 0.62000000000000011, 0.001, 0.0038182000000000003, 0.11207700000000001, 112.077
DataValue, 0.64000000000000012, 0.001, 0.0038202600000000002, 0.11207700000000001, 112.077
DataValue, 0.66, 0.001, 0.0038214000000000004, 0.112079, 112.079
DataValue, 0.68, 0.001, 0.0038223, 0.11208100000000001, 112.081
DataValue, 0.70000000000000007, 0.001, 0.00382346, 0.112079, 112.079
DataValue, 0.72000000000000008, 0.001, 0.00382442, 0.11208100000000001, 112.081
DataValue, 0.7400000000000001, 0.001, 0.00382584, 0.112082, 112.082
DataValue, 0.76, 0.001, 0.0038263600000000004, 0.112083, 112.083
DataValue, 0.78, 0.001, 0.00382716, 0.112079, 112.079
DataValue, 0.8, 0.001, 0.00382838, 0.11208000000000001, 112.08
DataValue, 0.82, 0.001, 0.0038295200000000003, 0.11208000000000001, 112.08
DataValue, 0.84000000000000008, 0.001, 0.0038298, 0.11207800000000001, 112.07800000000002
DataValue, 0.86, 0.001, 0.0038306200000000003, 0.112083, 112.083
DataValue, 0.88000000000000012, 0.001, 0.0038314, 0.112082, 112.082
DataValue, 0.9, 0.001, 0.00383214, 0.11207800000000001, 112.07800000000002
DataValue, 0.91999999999999993, 0.001, 0.0038325800000000004, 0.11208000000000001, 112.08
DataValue, 0.94000000000000006, 0.001, 0.0038332600000000002, 0.11208000000000001, 112.08
DataValue, 0.96, 0.001, 0.00383362, 0.11208100000000001, 112.081
DataValue, 0.98000000000000009, 0.001, 0.0038344, 0.11208400000000002, 112.084
DataValue, 1, 0.001, 0.0038351, 0.112079, 112.079
DataValue, 1.02, 0.001, 0.00383566, 0.11208000000000001, 112.08
DataValue, 1.04, 0.001, 0.0038362, 0.11207600000000001, 112.076
DataValue, 1.06, 0.001, 0.00383678, 0.112072, 112.07199999999999
DataValue, 1.08, 0.001, 0.00383684, 0.11208000000000001, 112.08
DataValue, 1.1, 0.001, 0.00383714, 0.112079, 112.079
DataValue, 1.12, 0.001, 0.00383742, 0.11207600000000001, 112.076
DataValue, 1.14, 0.001, 0.0038385600000000004, 0.112079, 112.079
DataValue, 1.16, 0.001, 0.00383892, 0.112082, 112.082
DataValue, 1.18, 0.001, 0.00383962, 0.112086, 112.086
DataValue, 1.2, 0.001, 0.0038396800000000003, 0.112083, 112.083
DataValue, 1.22, 0.001, 0.0038399000000000003, 0.11207700000000001, 112.077
DataValue, 1.24, 0.001, 0.00384068, 0.11208000000000001, 112.08
DataValue, 1.26, 0.001, 0.00384076, 0.112079, 112.079
DataValue, 1.28, 0.001, 0.00384072, 0.11208400000000002, 112.084
DataValue, 1.3, 0.001, 0.0038409800000000003, 0.112087, 112.087
DataValue, 1.32, 0.001, 0.00384122, 0.112087, 112.087
DataValue, 1.34, 0.001, 0.00384138, 0.11208400000000002, 112.084
DataValue, 1.36, 0.001, 0.00384174, 0.112083, 112.083
DataValue, 1.38, 0.001, 0.00384132, 0.11208100000000001, 112.081
DataValue, 1.4, 0.001, 0.00384184, 0.11208000000000001, 112.08
DataValue, 1.42, 0.001, 0.00384224, 0.112083, 112.083
DataValue, 1.44, 0.001, 0.00384262, 0.112083, 112.083
DataValue, 1.46, 0.001, 0.0038430200000000004, 0.11208400000000002, 112.084
DataValue, 1.48, 0.001, 0.0038431600000000004, 0.11208000000000001, 112.08
DataValue, 1.5, 0.001, 0.00384388, 0.112082, 112.082
DataValue, 1.52, 0.001, 0.00384402, 0.112075, 112.07499999999999
DataValue, 1.54, 0.001, 0.0038441800000000004, 0.112082, 112.082
DataValue, 1.56, 0.001, 0.0038445800000000002, 0.11208400000000002, 112.084
DataValue, 1.58, 0.001, 0.0038447200000000003, 0.112082, 112.082
DataValue, 1.6, 0.001, 0.0038447399999999997, 0.112083, 112.083
DataValue, 1.62, 0.001, 0.0038447200000000003, 0.112082, 112.082
DataValue, 1.64, 0.001, 0.00384484, 0.112075, 112.07499999999999
DataValue, 1.66, 0.001, 0.00384504, 0.112079, 112.079
DataValue, 1.68, 0.001, 0.0038455, 0.11208000000000001, 112.08
DataValue, 1.7, 0.001, 0.00384584, 0.11208000000000001, 112.08
DataValue, 1.72, 0.001, 0.00384642, 0.11208400000000002, 112.084
DataValue, 1.74, 0.001, 0.003847, 0.11208100000000001, 112.081
DataValue, 1.76, 0.001, 0.0038469600000000004, 0.112079, 112.079
DataValue, 1.78, 0.001, 0.0038476400000000003, 0.112083, 112.083
DataValue, 1.8, 0.001, 0.00384772, 0.112082, 112.082
DataValue, 1.82, 0.001, 0.00384842, 0.11208800000000002, 112.08800000000001
DataValue, 1.84, 0.001, 0.0038494600000000003, 0.11208400000000002, 112.084
DataValue, 1.86, 0.001, 0.0038496199999999998, 0.11208100000000001, 112.081
DataValue, 1.88, 0.001, 0.00385008, 0.112083, 112.083
DataValue, 1.9, 0.001, 0.00385112, 0.112083, 112.083
DataValue, 1.92, 0.001, 0.00385158, 0.11209000000000001, 112.09
DataValue, 1.94, 0.001, 0.00385308, 0.112079, 112.079
DataValue, 1.96, 0.001, 0.00385374, 0.112083, 112.083
DataValue, 1.98, 0.001, 0.0038550399999999997, 0.112083, 112.083
DataValue, 2, 0.001, 0.0038565, 0.112086, 112.086
DataValue, 2.02, 0.001, 0.00385764, 0.112086, 112.086
DataValue, 2.04, 0.001, 0.00385938, 0.11208400000000002, 112.084
DataValue, 2.06, 0.001, 0.00386072, 0.112083, 112.083
DataValue, 2.08, 0.001, 0.0038625, 0.11208400000000002, 112.084
DataValue, 2.1, 0.001, 0.00386418, 0.11208400000000002, 112.084
DataValue, 2.12, 0.001, 0.00386596, 0.11208800000000002, 112.08800000000001
DataValue, 2.14, 0.001, 0.0038679, 0.11208400000000002, 112.084
DataValue, 2.16, 0.001, 0.00387018, 0.112089, 112.089
DataValue, 2.18, 0.001, 0.00387228, 0.112082, 112.082
DataValue, 2.2, 0.001, 0.0038745200000000002, 0.11208499999999999, 112.085
DataValue, 2.22, 0.001, 0.0038776799999999997, 0.11208000000000001, 112.08
DataValue, 2.24, 0.001, 0.0038806, 0.112083, 112.083
DataValue, 2.26, 0.001, 0.00388366, 0.112083, 112.083
DataValue, 2.28, 0.001, 0.00388666, 0.112087, 112.087
DataValue, 2.3, 0.001, 0.00389024, 0.112082, 112.082
DataValue, 2.32, 0.001, 0.00389398, 0.112079, 112.079
DataValue, 2.34, 0.001, 0.00389798, 0.112089, 112.089
DataValue, 2.36, 0.001, 0.00390232, 0.11209100000000001, 112.09100000000001
DataValue, 2.38, 0.001, 0.0039063, 0.112087, 112.087
DataValue, 2.4, 0.001, 0.0039108200000000006, 0.112086, 112.086
DataValue, 2.42, 0.001, 0.00391572, 0.11208499999999999, 112.085
DataValue, 2.44, 0.001, 0.00392074, 0.112086, 112.086
DataValue, 2.46, 0.001, 0.00392658, 0.112087, 112.087
DataValue, 2.48, 0.001, 0.00393228, 0.112087, 112.087
DataValue, 2.5, 0.001, 0.00393844, 0.112086, 112.086
DataValue, 2.52, 0.001, 0.0039445800000000005, 0.112083, 112.083
DataValue, 2.54, 0.001, 0.00395166, 0.112083, 112.083
DataValue, 2.56, 0.001, 0.00395886, 0.112086, 112.086
DataValue, 2.58, 0.001, 0.00396588, 0.112086, 112.086
DataValue, 2.6, 0.001, 0.003974, 0.11208800000000002, 112.08800000000001
DataValue, 2.62, 0.001, 0.0039821, 0.112089, 112.089
DataValue, 2.64, 0.001, 0.00399046, 0.11208499999999999, 112.085
DataValue, 2.66, 0.001, 0.004, 0.11208400000000002, 112.084
DataValue, 2.68, 0.001, 0.00400974, 0.11208400000000002, 112.084
DataValue, 2.7, 0.001, 0.00401966, 0.11208800000000002, 112.08800000000001
DataValue, 2.72, 0.001, 0.00402974, 0.112089, 112.089
DataValue, 2.74, 0.001, 0.0040410199999999993, 0.112087, 112.087
DataValue, 2.76, 0.001, 0.00405218, 0.11209000000000001, 112.09
DataValue, 2.78, 0.001, 0.00406392, 0.11208499999999999, 112.085
DataValue, 2.8, 0.001, 0.0040767600000000005, 0.11209100000000001, 112.09100000000001
DataValue, 2.82, 0.001, 0.00408986, 0.112086, 112.086
DataValue, 2.84, 0.001, 0.0041036000000000006, 0.11208800000000002, 112.08800000000001
DataValue, 2.86, 0.001, 0.00411778, 0.11209000000000001, 112.09
DataValue, 2.88, 0.001, 0.00413324, 0.11209000000000001, 112.09
DataValue, 2.9, 0.001, 0.0041487, 0.11209100000000001, 112.09100000000001
DataValue, 2.92, 0.001, 0.00416456, 0.112089, 112.089
DataValue, 2.94, 0.001, 0.0041821400000000009, 0.112087, 112.087
DataValue, 2.96, 0.001, 0.0041994400000000005, 0.11209100000000001, 112.09100000000001
DataValue, 2.98, 0.001, 0.00421772, 0.112092, 112.09199999999999
DataValue, 3, 0.001, 0.00423824, 0.112096, 112.09599999999999
DataValue, 3, 0.001, 0.00423714, 0.112092, 112.09199999999999
DataValue, 2.98, 0.001, 0.00421754, 0.112092, 112.09199999999999
DataValue, 2.96, 0.001, 0.00419856, 0.11208800000000002, 112.08800000000001
DataValue, 2.94, 0.001, 0.0041802400000000009, 0.112089, 112.089
DataValue, 2.92, 0.001, 0.0041629399999999995, 0.112093, 112.093
DataValue, 2.9, 0.001, 0.0041464, 0.11209800000000002, 112.09800000000001
DataValue, 2.88, 0.001, 0.0041301800000000007, 0.112093, 112.093
DataValue, 2.86, 0.001, 0.0041150200000000005, 0.11208800000000002, 112.08800000000001
DataValue, 2.84, 0.001, 0.00410006, 0.112089, 112.089
DataValue, 2.82, 0.001, 0.0040863800000000006, 0.112087, 112.087
DataValue, 2.8, 0.001, 0.00407308, 0.112089, 112.089
DataValue, 2.78, 0.001, 0.0040602200000000007, 0.112093, 112.093
DataValue, 2.76, 0.001, 0.00404802, 0.112092, 112.09199999999999
DataValue, 2.74, 0.001, 0.00403648, 0.112083, 112.083
DataValue, 2.72, 0.001, 0.0040252800000000009, 0.112082, 112.082
DataValue, 2.7, 0.001, 0.0040148599999999994, 0.11208800000000002, 112.08800000000001
DataValue, 2.68, 0.001, 0.00400498, 0.112087, 112.087
DataValue, 2.66, 0.001, 0.00399536, 0.112087, 112.087
DataValue, 2.64, 0.001, 0.00398598, 0.112092, 112.09199999999999
DataValue, 2.62, 0.001, 0.00397704, 0.11208499999999999, 112.085
DataValue, 2.6, 0.001, 0.0039689, 0.112083, 112.083
DataValue, 2.58, 0.001, 0.00396018, 0.11208800000000002, 112.08800000000001
DataValue, 2.56, 0.001, 0.003953, 0.112086, 112.086
DataValue, 2.54, 0.001, 0.00394574, 0.11209100000000001, 112.09100000000001
DataValue, 2.52, 0.001, 0.003939, 0.11208800000000002, 112.08800000000001
DataValue, 2.5, 0.001, 0.0039324400000000006, 0.112089, 112.089
DataValue, 2.48, 0.001, 0.00392592, 0.112086, 112.086
DataValue, 2.46, 0.001, 0.00391992, 0.112082, 112.082
DataValue, 2.44, 0.001, 0.0039143599999999995, 0.11208800000000002, 112.08800000000001
DataValue, 2.42, 0.001, 0.0039097, 0.112087, 112.087
DataValue, 2.4, 0.001, 0.0039048200000000003, 0.11208800000000002, 112.08800000000001
DataValue, 2.38, 0.001, 0.00390008, 0.11209100000000001, 112.09100000000001
DataValue, 2.36, 0.001, 0.0038957, 0.112087, 112.087
DataValue, 2.34, 0.001, 0.00389134, 0.112087, 112.087
DataValue, 2.32, 0.001, 0.00388778, 0.11208499999999999, 112.085
DataValue, 2.3, 0.001, 0.00388332, 0.11208800000000002, 112.08800000000001
DataValue, 2.28, 0.001, 0.0038796200000000003, 0.112086, 112.086
DataValue, 2.26, 0.001, 0.0038763800000000005, 0.11209100000000001, 112.09100000000001
DataValue, 2.24, 0.001, 0.00387304, 0.11208499999999999, 112.085
DataValue, 2.22, 0.001, 0.0038704200000000003, 0.112086, 112.086
DataValue, 2.2, 0.001, 0.0038677000000000004, 0.112083, 112.083
DataValue, 2.18, 0.001, 0.0038650000000000004, 0.112087, 112.087
DataValue, 2.16, 0.001, 0.00386264, 0.11209100000000001, 112.09100000000001
DataValue, 2.14, 0.001, 0.00386006, 0.112095, 112.09499999999999
DataValue, 2.12, 0.001, 0.0038579, 0.112087, 112.087
DataValue, 2.1, 0.001, 0.0038563200000000003, 0.11208800000000002, 112.08800000000001
DataValue, 2.08, 0.001, 0.0038544, 0.11208800000000002, 112.08800000000001
DataValue, 2.06, 0.001, 0.0038529000000000002, 0.11209100000000001, 112.09100000000001
DataValue, 2.04, 0.001, 0.00385102, 0.11209000000000001, 112.09
DataValue, 2.02, 0.001, 0.00384966, 0.112087, 112.087
DataValue, 2, 0.001, 0.00384836, 0.11208400000000002, 112.084
DataValue, 1.98, 0.001, 0.00384708, 0.112093, 112.093
DataValue, 1.96, 0.001, 0.00384672, 0.112096, 112.09599999999999
DataValue, 1.94, 0.001, 0.0038448600000000003, 0.11209000000000001, 112.09
DataValue, 1.92, 0.001, 0.0038445000000000003, 0.11208499999999999, 112.085
DataValue, 1.9, 0.001, 0.00384342, 0.112086, 112.086
DataValue, 1.88, 0.001, 0.00384244, 0.11208800000000002, 112.08800000000001
DataValue, 1.86, 0.001, 0.0038411200000000004, 0.112086, 112.086
DataValue, 1.84, 0.001, 0.00384042, 0.112086, 112.086
DataValue, 1.82, 0.001, 0.00383978, 0.11208400000000002, 112.084
DataValue, 1.8, 0.001, 0.00383852, 0.11208800000000002, 112.08800000000001
DataValue, 1.78, 0.001, 0.0038386, 0.112093, 112.093
DataValue, 1.76, 0.001, 0.00383826, 0.112092, 112.09199999999999
DataValue, 1.74, 0.001, 0.00383788, 0.11208800000000002, 112.08800000000001
DataValue, 1.72, 0.001, 0.00383694, 0.112089, 112.089
DataValue, 1.7, 0.001, 0.0038367, 0.11208499999999999, 112.085
DataValue, 1.68, 0.001, 0.0038363200000000003, 0.11208800000000002, 112.08800000000001
DataValue, 1.66, 0.001, 0.0038355999999999998, 0.11209400000000001, 112.09400000000001
DataValue, 1.64, 0.001, 0.00383532, 0.11209100000000001, 112.09100000000001
DataValue, 1.62, 0.001, 0.0038355000000000004, 0.112086, 112.086
DataValue, 1.6, 0.001, 0.0038347600000000004, 0.11209100000000001, 112.09100000000001
DataValue, 1.58, 0.001, 0.00383482, 0.112086, 112.086
DataValue, 1.56, 0.001, 0.0038344200000000003, 0.11208499999999999, 112.085
DataValue, 1.54, 0.001, 0.00383438, 0.11209000000000001, 112.09
DataValue, 1.52, 0.001, 0.0038341, 0.112089, 112.089
DataValue, 1.5, 0.001, 0.0038338800000000004, 0.11209000000000001, 112.09
DataValue, 1.48, 0.001, 0.0038340600000000002, 0.112092, 112.09199999999999
DataValue, 1.46, 0.001, 0.0038340600000000002, 0.11209100000000001, 112.09100000000001
DataValue, 1.44, 0.001, 0.0038332600000000002, 0.112082, 112.082
DataValue, 1.42, 0.001, 0.00383278, 0.112092, 112.09199999999999
DataValue, 1.4, 0.001, 0.00383236, 0.112089, 112.089
DataValue, 1.38, 0.001, 0.0038323800000000002, 0.11209000000000001, 112.09
DataValue, 1.36, 0.001, 0.00383242, 0.11209100000000001, 112.09100000000001
DataValue, 1.34, 0.001, 0.0038318400000000004, 0.112086, 112.086
DataValue, 1.32, 0.001, 0.0038314200000000003, 0.11208800000000002, 112.08800000000001
DataValue, 1.3, 0.001, 0.00383096, 0.11208400000000002, 112.084
DataValue, 1.28, 0.001, 0.00383102, 0.112092, 112.09199999999999
DataValue, 1.26, 0.001, 0.00383086, 0.112092, 112.09199999999999
DataValue, 1.24, 0.001, 0.00383052, 0.112086, 112.086
DataValue, 1.22, 0.001, 0.00383022, 0.11208800000000002, 112.08800000000001
DataValue, 1.2, 0.001, 0.00383004, 0.112089, 112.089
DataValue, 1.18, 0.001, 0.00383018, 0.11209100000000001, 112.09100000000001
DataValue, 1.16, 0.001, 0.0038298, 0.112095, 112.09499999999999
DataValue, 1.14, 0.001, 0.00382954, 0.11208800000000002, 112.08800000000001
DataValue, 1.12, 0.001, 0.0038285999999999997, 0.11208400000000002, 112.084
DataValue, 1.1, 0.001, 0.0038282, 0.112087, 112.087
DataValue, 1.08, 0.001, 0.00382782, 0.11208800000000002, 112.08800000000001
DataValue, 1.06, 0.001, 0.00382718, 0.11208800000000002, 112.08800000000001
DataValue, 1.04, 0.001, 0.0038268, 0.112093, 112.093
DataValue, 1.02, 0.001, 0.00382626, 0.112087, 112.087
DataValue, 1, 0.001, 0.00382592, 0.112092, 112.09199999999999
DataValue, 0.98000000000000009, 0.001, 0.00382532, 0.112087, 112.087
DataValue, 0.96, 0.001, 0.00382472, 0.112089, 112.089
DataValue, 0.94000000000000006, 0.001, 0.0038241399999999997, 0.11209100000000001, 112.09100000000001
DataValue, 0.91999999999999993, 0.001, 0.0038236, 0.112093, 112.093
DataValue, 0.9, 0.001, 0.00382266, 0.112095, 112.09499999999999
DataValue, 0.88000000000000012, 0.001, 0.00382184, 0.112087, 112.087
DataValue, 0.86, 0.001, 0.00382144, 0.112083, 112.083
DataValue, 0.84000000000000008, 0.001, 0.0038212199999999997, 0.112092, 112.09199999999999
DataValue, 0.82, 0.001, 0.00382, 0.11209100000000001, 112.09100000000001
DataValue, 0.8, 0.001, 0.0038191799999999997, 0.11208800000000002, 112.08800000000001
DataValue, 0.78, 0.001, 0.00381818, 0.112095, 112.09499999999999
DataValue, 0.76, 0.001, 0.00381702, 0.11208499999999999, 112.085
DataValue, 0.7400000000000001, 0.001, 0.00381604, 0.11209000000000001, 112.09
DataValue, 0.72000000000000008, 0.001, 0.0038147600000000004, 0.112087, 112.087
DataValue, 0.70000000000000007, 0.001, 0.00381408, 0.11209100000000001, 112.09100000000001
DataValue, 0.68, 0.001, 0.00381304, 0.112093, 112.093
DataValue, 0.66, 0.001, 0.0038116400000000003, 0.112092, 112.09199999999999
DataValue, 0.64000000000000012, 0.001, 0.0038105, 0.11208499999999999, 112.085
DataValue, 0.62000000000000011, 0.001, 0.0038090600000000004, 0.11208400000000002, 112.084
DataValue, 0.60000000000000009, 0.001, 0.00380756, 0.11209100000000001, 112.09100000000001
DataValue, 0.58, 0.001, 0.00380578, 0.112096, 112.09599999999999
DataValue, 0.55999999999999994, 0.001, 0.00380428, 0.112083, 112.083
DataValue, 0.54, 0.001, 0.00380268, 0.112089, 112.089
DataValue, 0.52, 0.001, 0.0038001999999999997, 0.11209100000000001, 112.09100000000001
DataValue, 0.5, 0.001, 0.00379814, 0.112092, 112.09199999999999
DataValue, 0.48, 0.001, 0.00379612, 0.112093, 112.093
DataValue, 0.45999999999999996, 0.001, 0.00379364, 0.112087, 112.087
DataValue, 0.44000000000000006, 0.001, 0.0037904, 0.112087, 112.087
DataValue, 0.42000000000000004, 0.001, 0.00378732, 0.112083, 112.083
DataValue, 0.4, 0.001, 0.0037841000000000003, 0.112089, 112.089
DataValue, 0.38, 0.001, 0.0037801, 0.11208800000000002, 112.08800000000001
DataValue, 0.36000000000000004, 0.001, 0.0037748, 0.112095, 112.09499999999999
DataValue, 0.34, 0.001, 0.0037692199999999998, 0.11208800000000002, 112.08800000000001
DataValue, 0.32000000000000006, 0.001, 0.0037616, 0.11208499999999999, 112.085
DataValue, 0.30000000000000004, 0.001, 0.00375234, 0.112089, 112.089
DataValue, 0.27999999999999997, 0.001, 0.00373922, 0.11209000000000001, 112.09
DataValue, 0.26, 0.001, 0.0037185800000000004, 0.11209100000000001, 112.09100000000001
DataValue, 0.24, 0.001, 0.00368462, 0.11209000000000001, 112.09
DataValue, 0.22000000000000003, 0.001, 0.0036264599999999998, 0.112083, 112.083
DataValue, 0.2, 0.001, 0.00352534, 0.11208800000000002, 112.08800000000001
DataValue, 0.18000000000000002, 0.001, 0.0033505600000000003, 0.112083, 112.083
DataValue, 0.16000000000000003, 0.001, 0.0030733, 0.11208400000000002, 112.084
DataValue, 0.13999999999999999, 0.001, 0.00267012, 0.11207, 112.07000000000001
DataValue, 0.12, 0.001, 0.00216446, 0.112068, 112.06799999999998
DataValue, 0.1, 0.001, 0.00160714, 0.11206, 112.06
DataValue, 0.08, 0.001, 0.00106672, 0.11204700000000001, 112.04700000000001
DataValue, 0.06, 0.001, 0.000622336, 0.112041, 112.041
DataValue, 0.04, 0.001, 0.000305542, 0.112035, 112.035
DataValue, 0.02, 0.001, 0.00010757600000000002, 0.112029, 112.029
DataValue, 0, 0.001, -3.09752E-07, 0.112035, 112.035
DataValue, 0, 0.001, -1.7021599999999997E-06, 0.112032, 112.032
DataValue, 0.02, 0.001, 0.000201484, 0.112041, 112.041
DataValue, 0.04, 0.001, 0.000553738, 0.112046, 112.046
DataValue, 0.06, 0.001, 0.0010850480000000001, 0.11205700000000002, 112.057
DataValue, 0.08, 0.001, 0.00179554, 0.11206100000000002, 112.061
DataValue, 0.1, 0.001, 0.00264586, 0.11207400000000001, 112.07400000000001
DataValue, 0.12, 0.001, 0.00354878, 0.112087, 112.087
DataValue, 0.13999999999999999, 0.001, 0.0044398400000000005, 0.112102, 112.10199999999999
DataValue, 0.16000000000000003, 0.001, 0.00525768, 0.112114, 112.114
DataValue, 0.18000000000000002, 0.001, 0.00593914, 0.11212899999999999, 112.12899999999999
DataValue, 0.2, 0.001, 0.00646768, 0.112133, 112.133
DataValue, 0.22000000000000003, 0.001, 0.00683482, 0.112136, 112.136
DataValue, 0.24, 0.001, 0.00707432, 0.11214, 112.14
DataValue, 0.26, 0.001, 0.0072229799999999995, 0.112147, 112.14699999999999
DataValue, 0.27999999999999997, 0.001, 0.007313, 0.11214800000000001, 112.148
DataValue, 0.30000000000000004, 0.001, 0.0073701, 0.112147, 112.14699999999999
DataValue, 0.32000000000000006, 0.001, 0.00740852, 0.112146, 112.14599999999999
DataValue, 0.34, 0.001, 0.00743514, 0.112147, 112.14699999999999
DataValue, 0.36000000000000004, 0.001, 0.00745496, 0.112153, 112.15299999999999
DataValue, 0.38, 0.001, 0.0074702200000000005, 0.112155, 112.155
DataValue, 0.4, 0.001, 0.00748206, 0.11215, 112.14999999999999
DataValue, 0.42000000000000004, 0.001, 0.00749222, 0.112146, 112.14599999999999
DataValue, 0.44000000000000006, 0.001, 0.00750182, 0.112146, 112.14599999999999
DataValue, 0.45999999999999996, 0.001, 0.0075082000000000005, 0.11215, 112.14999999999999
DataValue, 0.48, 0.001, 0.00751452, 0.11214900000000001, 112.14900000000002
DataValue, 0.5, 0.001, 0.00752022, 0.11214900000000001, 112.14900000000002
DataValue, 0.52, 0.001, 0.00752536, 0.112153, 112.15299999999999
DataValue, 0.54, 0.001, 0.0075309999999999995, 0.112151, 112.151
DataValue, 0.55999999999999994, 0.001, 0.00753496, 0.11214900000000001, 112.14900000000002
DataValue, 0.58, 0.001, 0.0075386800000000007, 0.11214900000000001, 112.14900000000002
DataValue, 0.60000000000000009, 0.001, 0.00754174, 0.11214900000000001, 112.14900000000002
DataValue, 0.62000000000000011, 0.001, 0.00754562, 0.112153, 112.15299999999999
DataValue, 0.64000000000000012, 0.001, 0.0075493600000000006, 0.112154, 112.154
DataValue, 0.66, 0.001, 0.00755264, 0.112151, 112.151
DataValue, 0.68, 0.001, 0.0075551199999999994, 0.112154, 112.154
DataValue, 0.70000000000000007, 0.001, 0.00755628, 0.112146, 112.14599999999999
DataValue, 0.72000000000000008, 0.001, 0.00755964, 0.112147, 112.14699999999999
DataValue, 0.7400000000000001, 0.001, 0.007561, 0.11214900000000001, 112.14900000000002
DataValue, 0.76, 0.001, 0.0075622, 0.112147, 112.14699999999999
DataValue, 0.78, 0.001, 0.00756418, 0.11215, 112.14999999999999
DataValue, 0.8, 0.001, 0.00756624, 0.11215, 112.14999999999999
DataValue, 0.82, 0.001, 0.00756768, 0.11214900000000001, 112.14900000000002
DataValue, 0.84000000000000008, 0.001, 0.00756884, 0.112154, 112.154
DataValue, 0.86, 0.001, 0.00756962, 0.112154, 112.154
DataValue, 0.88000000000000012, 0.001, 0.0075712400000000008, 0.112153, 112.15299999999999
DataValue, 0.9, 0.001, 0.00757152, 0.112153, 112.15299999999999
DataValue, 0.91999999999999993, 0.001, 0.00757274, 0.112147, 112.14699999999999
DataValue, 0.94000000000000006, 0.001, 0.0075737, 0.112146, 112.14599999999999
DataValue, 0.96, 0.001, 0.0075743600000000005, 0.11215200000000002, 112.152
DataValue, 0.98000000000000009, 0.001, 0.0075747, 0.112153, 112.15299999999999
DataValue, 1, 0.001, 0.007575300000000001, 0.112155, 112.155
DataValue, 1.02, 0.001, 0.0075755, 0.11215200000000002, 112.152
DataValue, 1.04, 0.001, 0.0075764, 0.11215, 112.14999999999999
DataValue, 1.06, 0.001, 0.0075771, 0.11214900000000001, 112.14900000000002
DataValue, 1.08, 0.001, 0.0075772000000000009, 0.112151, 112.151
DataValue, 1.1, 0.001, 0.0075774200000000005, 0.11215, 112.14999999999999
DataValue, 1.12, 0.001, 0.00757688, 0.112151, 112.151
DataValue, 1.14, 0.001, 0.00757722, 0.11215, 112.14999999999999
DataValue, 1.16, 0.001, 0.0075776, 0.11215, 112.14999999999999
DataValue, 1.18, 0.001, 0.0075774200000000005, 0.11214500000000001, 112.14500000000001
DataValue, 1.2, 0.001, 0.0075783, 0.11214900000000001, 112.14900000000002
DataValue, 1.22, 0.001, 0.0075781400000000006, 0.112153, 112.15299999999999
DataValue, 1.24, 0.001, 0.00757704, 0.11215, 112.14999999999999
DataValue, 1.26, 0.001, 0.00757778, 0.11215200000000002, 112.152
DataValue, 1.28, 0.001, 0.0075786, 0.11215, 112.14999999999999
DataValue, 1.3, 0.001, 0.00757726, 0.11214500000000001, 112.14500000000001
DataValue, 1.32, 0.001, 0.0075774, 0.11214800000000001, 112.148
DataValue, 1.34, 0.001, 0.0075775, 0.11214800000000001, 112.148
DataValue, 1.36, 0.001, 0.00757688, 0.11215200000000002, 112.152
DataValue, 1.38, 0.001, 0.00757724, 0.112153, 112.15299999999999
DataValue, 1.4, 0.001, 0.0075767, 0.11214200000000002, 112.14200000000001
DataValue, 1.42, 0.001, 0.0075760800000000007, 0.11214800000000001, 112.148
DataValue, 1.44, 0.001, 0.0075762600000000005, 0.11215, 112.14999999999999
DataValue, 1.46, 0.001, 0.00757564, 0.112151, 112.151
DataValue, 1.48, 0.001, 0.00757514, 0.112151, 112.151
DataValue, 1.5, 0.001, 0.00757534, 0.112151, 112.151
DataValue, 1.52, 0.001, 0.0075750200000000009, 0.11215, 112.14999999999999
DataValue, 1.54, 0.001, 0.0075737, 0.112154, 112.154
DataValue, 1.56, 0.001, 0.00757308, 0.112151, 112.151
DataValue, 1.58, 0.001, 0.00757356, 0.11215, 112.14999999999999
DataValue, 1.6, 0.001, 0.0075739000000000006, 0.112154, 112.154
DataValue, 1.62, 0.001, 0.0075734800000000005, 0.112154, 112.154
DataValue, 1.64, 0.001, 0.00757358, 0.11215, 112.14999999999999
DataValue, 1.66, 0.001, 0.0075740400000000006, 0.11215, 112.14999999999999
DataValue, 1.68, 0.001, 0.0075724, 0.112151, 112.151
DataValue, 1.7, 0.001, 0.0075725600000000007, 0.11214800000000001, 112.148
DataValue, 1.72, 0.001, 0.0075728600000000007, 0.112154, 112.154
DataValue, 1.74, 0.001, 0.0075725600000000007, 0.11215, 112.14999999999999
DataValue, 1.76, 0.001, 0.0075712400000000008, 0.11215, 112.14999999999999
DataValue, 1.78, 0.001, 0.00757126, 0.112146, 112.14599999999999
DataValue, 1.8, 0.001, 0.0075715800000000005, 0.11215200000000002, 112.152
DataValue, 1.82, 0.001, 0.00757046, 0.112151, 112.151
DataValue, 1.84, 0.001, 0.00756986, 0.112154, 112.154
DataValue, 1.86, 0.001, 0.0075711000000000007, 0.112146, 112.14599999999999
DataValue, 1.88, 0.001, 0.0075721600000000005, 0.11215, 112.14999999999999
DataValue, 1.9, 0.001, 0.0075722800000000007, 0.112154, 112.154
DataValue, 1.92, 0.001, 0.00757326, 0.11215, 112.14999999999999
DataValue, 1.94, 0.001, 0.0075743200000000007, 0.112151, 112.151
DataValue, 1.96, 0.001, 0.0075736, 0.112151, 112.151
DataValue, 1.98, 0.001, 0.00757482, 0.11214900000000001, 112.14900000000002
DataValue, 2, 0.001, 0.0075752400000000004, 0.11214900000000001, 112.14900000000002
DataValue, 2.02, 0.001, 0.007575300000000001, 0.11215, 112.14999999999999
DataValue, 2.04, 0.001, 0.00757646, 0.112157, 112.157
DataValue, 2.06, 0.001, 0.00757778, 0.11215, 112.14999999999999
DataValue, 2.08, 0.001, 0.00757942, 0.11214800000000001, 112.148
DataValue, 2.1, 0.001, 0.00758026, 0.11215, 112.14999999999999
DataValue, 2.12, 0.001, 0.0075815200000000004, 0.112153, 112.15299999999999
DataValue, 2.14, 0.001, 0.0075831, 0.112153, 112.15299999999999
DataValue, 2.16, 0.001, 0.00758486, 0.112151, 112.151
DataValue, 2.18, 0.001, 0.0075883200000000008, 0.112151, 112.151
DataValue, 2.2, 0.001, 0.00758922, 0.112147, 112.14699999999999
DataValue, 2.22, 0.001, 0.00759188, 0.11215, 112.14999999999999
DataValue, 2.24, 0.001, 0.00759476, 0.112147, 112.14699999999999
DataValue, 2.26, 0.001, 0.0075995, 0.112153, 112.15299999999999
DataValue, 2.28, 0.001, 0.0076013400000000007, 0.112155, 112.155
DataValue, 2.3, 0.001, 0.00760452, 0.11215, 112.14999999999999
DataValue, 2.32, 0.001, 0.0076078000000000005, 0.112146, 112.14599999999999
DataValue, 2.34, 0.001, 0.0076128600000000008, 0.112155, 112.155
DataValue, 2.36, 0.001, 0.00761698, 0.11214900000000001, 112.14900000000002
DataValue, 2.38, 0.001, 0.0076212400000000005, 0.11215900000000001, 112.159
DataValue, 2.4, 0.001, 0.00762622, 0.112155, 112.155
DataValue, 2.42, 0.001, 0.00763124, 0.11215599999999999, 112.15599999999999
DataValue, 2.44, 0.001, 0.00763756, 0.112153, 112.15299999999999
DataValue, 2.46, 0.001, 0.00764262, 0.11214500000000001, 112.14500000000001
DataValue, 2.48, 0.001, 0.0076499800000000007, 0.112147, 112.14699999999999
DataValue, 2.5, 0.001, 0.00765534, 0.11215599999999999, 112.15599999999999
DataValue, 2.52, 0.001, 0.00766374, 0.112153, 112.15299999999999
DataValue, 2.54, 0.001, 0.00767182, 0.112154, 112.154
DataValue, 2.56, 0.001, 0.00767986, 0.112155, 112.155
DataValue, 2.58, 0.001, 0.0076879600000000006, 0.112155, 112.155
DataValue, 2.6, 0.001, 0.0076978600000000008, 0.11215, 112.14999999999999
DataValue, 2.62, 0.001, 0.00770718, 0.11215599999999999, 112.15599999999999
DataValue, 2.64, 0.001, 0.00771744, 0.112157, 112.157
DataValue, 2.66, 0.001, 0.00772732, 0.11215800000000001, 112.158
DataValue, 2.68, 0.001, 0.00773876, 0.11215900000000001, 112.159
DataValue, 2.7, 0.001, 0.00775096, 0.112154, 112.154
DataValue, 2.72, 0.001, 0.00776352, 0.112154, 112.154
DataValue, 2.74, 0.001, 0.00777796, 0.112155, 112.155
DataValue, 2.76, 0.001, 0.00779132, 0.112153, 112.15299999999999
DataValue, 2.78, 0.001, 0.00780548, 0.11215599999999999, 112.15599999999999
DataValue, 2.8, 0.001, 0.0078205200000000009, 0.11215599999999999, 112.15599999999999
DataValue, 2.82, 0.001, 0.00783668, 0.112155, 112.155
DataValue, 2.84, 0.001, 0.0078529200000000011, 0.11215800000000001, 112.158
DataValue, 2.86, 0.001, 0.00787048, 0.112153, 112.15299999999999
DataValue, 2.88, 0.001, 0.00788826, 0.112155, 112.155
DataValue, 2.9, 0.001, 0.0079076, 0.11216100000000001, 112.161
DataValue, 2.92, 0.001, 0.00792692, 0.112157, 112.157
DataValue, 2.94, 0.001, 0.00794866, 0.11216, 112.16
DataValue, 2.96, 0.001, 0.0079703, 0.112155, 112.155
DataValue, 2.98, 0.001, 0.0079921, 0.11215800000000001, 112.158
DataValue, 3, 0.001, 0.00801672, 0.112155, 112.155
DataValue, 3, 0.001, 0.00801548, 0.112163, 112.163
DataValue, 2.98, 0.001, 0.00799076, 0.11216200000000001, 112.162
DataValue, 2.96, 0.001, 0.0079668, 0.11215800000000001, 112.158
DataValue, 2.94, 0.001, 0.0079440600000000011, 0.112157, 112.157
DataValue, 2.92, 0.001, 0.00792188, 0.112157, 112.157
DataValue, 2.9, 0.001, 0.00790146, 0.112154, 112.154
DataValue, 2.88, 0.001, 0.0078812, 0.11216, 112.16
DataValue, 2.86, 0.001, 0.00786072, 0.11215800000000001, 112.158
DataValue, 2.84, 0.001, 0.00784248, 0.11215599999999999, 112.15599999999999
DataValue, 2.82, 0.001, 0.00782614, 0.112154, 112.154
DataValue, 2.8, 0.001, 0.00780882, 0.112155, 112.155
DataValue, 2.78, 0.001, 0.0077935600000000006, 0.11215800000000001, 112.158
DataValue, 2.76, 0.001, 0.00777812, 0.112157, 112.157
DataValue, 2.74, 0.001, 0.0077629000000000005, 0.112154, 112.154
DataValue, 2.72, 0.001, 0.00774896, 0.112155, 112.155
DataValue, 2.7, 0.001, 0.0077360400000000005, 0.112151, 112.151
DataValue, 2.68, 0.001, 0.00772384, 0.112154, 112.154
DataValue, 2.66, 0.001, 0.00771204, 0.11215800000000001, 112.158
DataValue, 2.64, 0.001, 0.00770022, 0.112157, 112.157
DataValue, 2.62, 0.001, 0.00768968, 0.11214900000000001, 112.14900000000002
DataValue, 2.6, 0.001, 0.00768002, 0.11216200000000001, 112.162
DataValue, 2.58, 0.001, 0.00767006, 0.11215800000000001, 112.158
DataValue, 2.56, 0.001, 0.0076612600000000005, 0.11215200000000002, 112.152
DataValue, 2.54, 0.001, 0.00765248, 0.112155, 112.155
DataValue, 2.52, 0.001, 0.00764492, 0.11215599999999999, 112.15599999999999
DataValue, 2.5, 0.001, 0.0076366800000000007, 0.112155, 112.155
DataValue, 2.48, 0.001, 0.00762918, 0.112163, 112.163
DataValue, 2.46, 0.001, 0.00762232, 0.11215200000000002, 112.152
DataValue, 2.44, 0.001, 0.00761642, 0.112155, 112.155
DataValue, 2.42, 0.001, 0.0076102999999999995, 0.112154, 112.154
DataValue, 2.4, 0.001, 0.0076048600000000006, 0.11215900000000001, 112.159
DataValue, 2.38, 0.001, 0.00759842, 0.11215900000000001, 112.159
DataValue, 2.36, 0.001, 0.0075934600000000007, 0.112157, 112.157
DataValue, 2.34, 0.001, 0.0075887, 0.112153, 112.15299999999999
DataValue, 2.32, 0.001, 0.00758392, 0.112154, 112.154
DataValue, 2.3, 0.001, 0.00757964, 0.11214900000000001, 112.14900000000002
DataValue, 2.28, 0.001, 0.00757606, 0.112155, 112.155
DataValue, 2.26, 0.001, 0.0075721, 0.112157, 112.157
DataValue, 2.24, 0.001, 0.00756958, 0.112157, 112.157
DataValue, 2.22, 0.001, 0.0075660400000000004, 0.112154, 112.154
DataValue, 2.2, 0.001, 0.0075631199999999996, 0.112155, 112.155
DataValue, 2.18, 0.001, 0.00756122, 0.11215200000000002, 112.152
DataValue, 2.16, 0.001, 0.0075587, 0.112154, 112.154
DataValue, 2.14, 0.001, 0.007556460000000001, 0.112155, 112.155
DataValue, 2.12, 0.001, 0.0075544, 0.11215800000000001, 112.158
DataValue, 2.1, 0.001, 0.00755244, 0.112157, 112.157
DataValue, 2.08, 0.001, 0.0075513199999999994, 0.112153, 112.15299999999999
DataValue, 2.06, 0.001, 0.00755064, 0.112147, 112.14699999999999
DataValue, 2.04, 0.001, 0.0075486000000000008, 0.11215599999999999, 112.15599999999999
DataValue, 2.02, 0.001, 0.00754712, 0.112155, 112.155
DataValue, 2, 0.001, 0.00754662, 0.11215599999999999, 112.15599999999999
DataValue, 1.98, 0.001, 0.0075461400000000007, 0.11215, 112.14999999999999
DataValue, 1.96, 0.001, 0.0075454400000000005, 0.112154, 112.154
DataValue, 1.94, 0.001, 0.0075453000000000004, 0.11215, 112.14999999999999
DataValue, 1.92, 0.001, 0.0075442799999999996, 0.112154, 112.154
DataValue, 1.9, 0.001, 0.0075434000000000005, 0.11215900000000001, 112.159
DataValue, 1.88, 0.001, 0.0075438, 0.11215800000000001, 112.158
DataValue, 1.86, 0.001, 0.007543, 0.112155, 112.155
DataValue, 1.84, 0.001, 0.0075424, 0.11214900000000001, 112.14900000000002
DataValue, 1.82, 0.001, 0.00754212, 0.112154, 112.154
DataValue, 1.8, 0.001, 0.00754176, 0.112146, 112.14599999999999
DataValue, 1.78, 0.001, 0.0075426200000000007, 0.112154, 112.154
DataValue, 1.76, 0.001, 0.0075422000000000006, 0.112155, 112.155
DataValue, 1.74, 0.001, 0.00754212, 0.112155, 112.155
DataValue, 1.72, 0.001, 0.0075422200000000005, 0.112153, 112.15299999999999
DataValue, 1.7, 0.001, 0.00754244, 0.112151, 112.151
DataValue, 1.68, 0.001, 0.0075442400000000007, 0.112155, 112.155
DataValue, 1.66, 0.001, 0.00754246, 0.112154, 112.154
DataValue, 1.64, 0.001, 0.00754246, 0.11215900000000001, 112.159
DataValue, 1.62, 0.001, 0.00754292, 0.112157, 112.157
DataValue, 1.6, 0.001, 0.00754298, 0.11214900000000001, 112.14900000000002
DataValue, 1.58, 0.001, 0.00754266, 0.11215200000000002, 112.152
DataValue, 1.56, 0.001, 0.00754352, 0.11214800000000001, 112.148
DataValue, 1.54, 0.001, 0.00754352, 0.112155, 112.155
DataValue, 1.52, 0.001, 0.00754374, 0.112155, 112.155
DataValue, 1.5, 0.001, 0.00754432, 0.11216, 112.16
DataValue, 1.48, 0.001, 0.0075438599999999995, 0.112157, 112.157
DataValue, 1.46, 0.001, 0.0075436800000000005, 0.11214900000000001, 112.14900000000002
DataValue, 1.44, 0.001, 0.00754436, 0.112151, 112.151
DataValue, 1.42, 0.001, 0.00754356, 0.11215200000000002, 112.152
DataValue, 1.4, 0.001, 0.00754448, 0.11215800000000001, 112.158
DataValue, 1.38, 0.001, 0.0075446, 0.11216200000000001, 112.162
DataValue, 1.36, 0.001, 0.00754342, 0.112154, 112.154
DataValue, 1.34, 0.001, 0.00754388, 0.112151, 112.151
DataValue, 1.32, 0.001, 0.00754388, 0.11214900000000001, 112.14900000000002
DataValue, 1.3, 0.001, 0.00754416, 0.11215200000000002, 112.152
DataValue, 1.28, 0.001, 0.00754478, 0.11215800000000001, 112.158
DataValue, 1.26, 0.001, 0.0075439999999999995, 0.112157, 112.157
DataValue, 1.24, 0.001, 0.0075438200000000006, 0.112154, 112.154
DataValue, 1.22, 0.001, 0.00754448, 0.11215599999999999, 112.15599999999999
DataValue, 1.2, 0.001, 0.0075449400000000008, 0.112155, 112.155
DataValue, 1.18, 0.001, 0.00754442, 0.11215900000000001, 112.159
DataValue, 1.16, 0.001, 0.00754436, 0.112154, 112.154
DataValue, 1.14, 0.001, 0.0075439800000000005, 0.112155, 112.155
DataValue, 1.12, 0.001, 0.00754326, 0.11215200000000002, 112.152
DataValue, 1.1, 0.001, 0.00754408, 0.112153, 112.15299999999999
DataValue, 1.08, 0.001, 0.0075430400000000009, 0.112157, 112.157
DataValue, 1.06, 0.001, 0.00754402, 0.112157, 112.157
DataValue, 1.04, 0.001, 0.0075444000000000006, 0.112153, 112.15299999999999
DataValue, 1.02, 0.001, 0.00754268, 0.112153, 112.15299999999999
DataValue, 1, 0.001, 0.00754268, 0.112155, 112.155
DataValue, 0.98000000000000009, 0.001, 0.00754226, 0.11216, 112.16
DataValue, 0.96, 0.001, 0.0075416, 0.11215800000000001, 112.158
DataValue, 0.94000000000000006, 0.001, 0.00754098, 0.112157, 112.157
DataValue, 0.91999999999999993, 0.001, 0.0075403399999999995, 0.11215599999999999, 112.15599999999999
DataValue, 0.9, 0.001, 0.0075397400000000005, 0.11215800000000001, 112.158
DataValue, 0.88000000000000012, 0.001, 0.0075389, 0.112153, 112.15299999999999
DataValue, 0.86, 0.001, 0.00753718, 0.11215599999999999, 112.15599999999999
DataValue, 0.84000000000000008, 0.001, 0.0075366999999999995, 0.11215800000000001, 112.158
DataValue, 0.82, 0.001, 0.00753484, 0.11215599999999999, 112.15599999999999
DataValue, 0.8, 0.001, 0.00753412, 0.112155, 112.155
DataValue, 0.78, 0.001, 0.00753296, 0.112154, 112.154
DataValue, 0.76, 0.001, 0.0075319, 0.11215599999999999, 112.15599999999999
DataValue, 0.7400000000000001, 0.001, 0.0075307, 0.112155, 112.155
DataValue, 0.72000000000000008, 0.001, 0.00752824, 0.112155, 112.155
DataValue, 0.70000000000000007, 0.001, 0.00752638, 0.11215900000000001, 112.159
DataValue, 0.68, 0.001, 0.0075235000000000007, 0.112155, 112.155
DataValue, 0.66, 0.001, 0.00752276, 0.112154, 112.154
DataValue, 0.64000000000000012, 0.001, 0.00752052, 0.112155, 112.155
DataValue, 0.62000000000000011, 0.001, 0.007516, 0.112155, 112.155
DataValue, 0.60000000000000009, 0.001, 0.00751368, 0.112155, 112.155
DataValue, 0.58, 0.001, 0.00751016, 0.112154, 112.154
DataValue, 0.55999999999999994, 0.001, 0.00750574, 0.11215, 112.14999999999999
DataValue, 0.54, 0.001, 0.00750268, 0.112153, 112.15299999999999
DataValue, 0.52, 0.001, 0.0074977600000000009, 0.112154, 112.154
DataValue, 0.5, 0.001, 0.00749274, 0.11215900000000001, 112.159
DataValue, 0.48, 0.001, 0.0074868, 0.112153, 112.15299999999999
DataValue, 0.45999999999999996, 0.001, 0.00748016, 0.112154, 112.154
DataValue, 0.44000000000000006, 0.001, 0.00747244, 0.112154, 112.154
DataValue, 0.42000000000000004, 0.001, 0.0074649, 0.112154, 112.154
DataValue, 0.4, 0.001, 0.00745578, 0.112154, 112.154
DataValue, 0.38, 0.001, 0.00744388, 0.112163, 112.163
DataValue, 0.36000000000000004, 0.001, 0.0074284600000000004, 0.11215900000000001, 112.159
DataValue, 0.34, 0.001, 0.0074098, 0.112157, 112.157
DataValue, 0.32000000000000006, 0.001, 0.0073835800000000007, 0.112151, 112.151
DataValue, 0.30000000000000004, 0.001, 0.00734662, 0.11215, 112.14999999999999
DataValue, 0.27999999999999997, 0.001, 0.0072899200000000009, 0.11215, 112.14999999999999
DataValue, 0.26, 0.001, 0.0072000200000000006, 0.112154, 112.154
DataValue, 0.24, 0.001, 0.00705052, 0.112147, 112.14699999999999
DataValue, 0.22000000000000003, 0.001, 0.0068125, 0.11214500000000001, 112.14500000000001
DataValue, 0.2, 0.001, 0.0064455400000000005, 0.11214, 112.14
DataValue, 0.18000000000000002, 0.001, 0.00591888, 0.112124, 112.124
DataValue, 0.16000000000000003, 0.001, 0.00523864, 0.11212200000000001, 112.12200000000001
DataValue, 0.13999999999999999, 0.001, 0.0044226000000000005, 0.11211, 112.11
DataValue, 0.12, 0.001, 0.00353442, 0.112096, 112.09599999999999
DataValue, 0.1, 0.001, 0.00263414, 0.112079, 112.079
DataValue, 0.08, 0.001, 0.00178728, 0.112069, 112.069
DataValue, 0.06, 0.001, 0.00107988, 0.11205799999999999, 112.05799999999999
DataValue, 0.04, 0.001, 0.00055081, 0.112046, 112.046
DataValue, 0.02, 0.001, 0.0002005, 0.112041, 112.041
DataValue, 0, 0.001, -1.66737E-06, 0.11204400000000002, 112.04400000000001
DataValue, 0, 0.001, -2.4599199999999996E-06, 0.11204400000000002, 112.04400000000001
DataValue, 0.02, 0.001, 0.000283452, 0.11204400000000002, 112.04400000000001
DataValue, 0.04, 0.001, 0.000758494, 0.11205300000000001, 112.053
DataValue, 0.06, 0.001, 0.0014449600000000001, 0.11205700000000002, 112.057
DataValue, 0.08, 0.001, 0.00233046, 0.112073, 112.07300000000001
DataValue, 0.1, 0.001, 0.0033721000000000003, 0.112092, 112.09199999999999
DataValue, 0.12, 0.001, 0.00448266, 0.11211, 112.11
DataValue, 0.13999999999999999, 0.001, 0.0056076, 0.11213100000000001, 112.131
DataValue, 0.16000000000000003, 0.001, 0.0067001000000000005, 0.11214299999999999, 112.14299999999999
DataValue, 0.18000000000000002, 0.001, 0.00769468, 0.11216600000000002, 112.16600000000001
DataValue, 0.2, 0.001, 0.00857372, 0.11217200000000001, 112.17200000000001
DataValue, 0.22000000000000003, 0.001, 0.0092943200000000017, 0.11217900000000002, 112.179
DataValue, 0.24, 0.001, 0.0098543400000000014, 0.11219200000000001, 112.19200000000001
DataValue, 0.26, 0.001, 0.010265660000000001, 0.11220300000000001, 112.203
DataValue, 0.27999999999999997, 0.001, 0.01054482, 0.112205, 112.205
DataValue, 0.30000000000000004, 0.001, 0.01073146, 0.11220600000000001, 112.206
DataValue, 0.32000000000000006, 0.001, 0.01085262, 0.11220600000000001, 112.206
DataValue, 0.34, 0.001, 0.010933960000000001, 0.11221000000000002, 112.21000000000001
DataValue, 0.36000000000000004, 0.001, 0.01099072, 0.112207, 112.207
DataValue, 0.38, 0.001, 0.0110306, 0.112217, 112.21699999999999
DataValue, 0.4, 0.001, 0.01106248, 0.112211, 112.211
DataValue, 0.42000000000000004, 0.001, 0.01108676, 0.112208, 112.208
DataValue, 0.44000000000000006, 0.001, 0.01110636, 0.112211, 112.211
DataValue, 0.45999999999999996, 0.001, 0.011124140000000001, 0.112211, 112.211
DataValue, 0.48, 0.001, 0.011136159999999999, 0.11221500000000001, 112.215
DataValue, 0.5, 0.001, 0.011148320000000002, 0.112212, 112.212
DataValue, 0.52, 0.001, 0.01115832, 0.11221500000000001, 112.215
DataValue, 0.54, 0.001, 0.01116784, 0.112212, 112.212
DataValue, 0.55999999999999994, 0.001, 0.011175299999999999, 0.112209, 112.209
DataValue, 0.58, 0.001, 0.011183080000000002, 0.11221600000000001, 112.21600000000001
DataValue, 0.60000000000000009, 0.001, 0.01119032, 0.112211, 112.211
DataValue, 0.62000000000000011, 0.001, 0.011194820000000001, 0.11221600000000001, 112.21600000000001
DataValue, 0.64000000000000012, 0.001, 0.01119874, 0.112221, 112.22099999999999
DataValue, 0.66, 0.001, 0.01120404, 0.112208, 112.208
DataValue, 0.68, 0.001, 0.01120748, 0.112209, 112.209
DataValue, 0.70000000000000007, 0.001, 0.011212880000000002, 0.112211, 112.211
DataValue, 0.72000000000000008, 0.001, 0.0112153, 0.11221300000000001, 112.21300000000001
DataValue, 0.7400000000000001, 0.001, 0.0112183, 0.11221600000000001, 112.21600000000001
DataValue, 0.76, 0.001, 0.011220460000000002, 0.11222000000000001, 112.22000000000001
DataValue, 0.78, 0.001, 0.011222639999999999, 0.112217, 112.21699999999999
DataValue, 0.8, 0.001, 0.01122512, 0.11221000000000002, 112.21000000000001
DataValue, 0.82, 0.001, 0.01122774, 0.112214, 112.214
DataValue, 0.84000000000000008, 0.001, 0.01122874, 0.11221500000000001, 112.215
DataValue, 0.86, 0.001, 0.0112304, 0.112217, 112.21699999999999
DataValue, 0.88000000000000012, 0.001, 0.01123138, 0.112218, 112.21799999999999
DataValue, 0.9, 0.001, 0.01123216, 0.11221300000000001, 112.21300000000001
DataValue, 0.91999999999999993, 0.001, 0.01123412, 0.11221000000000002, 112.21000000000001
DataValue, 0.94000000000000006, 0.001, 0.01123622, 0.112214, 112.214
DataValue, 0.96, 0.001, 0.0112357, 0.11221900000000001, 112.21900000000001
DataValue, 0.98000000000000009, 0.001, 0.0112343, 0.112221, 112.22099999999999
DataValue, 1, 0.001, 0.011234800000000001, 0.11222000000000001, 112.22000000000001
DataValue, 1.02, 0.001, 0.01123432, 0.112212, 112.212
DataValue, 1.04, 0.001, 0.011234919999999999, 0.112212, 112.212
DataValue, 1.06, 0.001, 0.011234679999999999, 0.112222, 112.222
DataValue, 1.08, 0.001, 0.01123508, 0.11222000000000001, 112.22000000000001
DataValue, 1.1, 0.001, 0.01123478, 0.112212, 112.212
DataValue, 1.12, 0.001, 0.01123526, 0.11221500000000001, 112.215
DataValue, 1.14, 0.001, 0.01123562, 0.112211, 112.211
DataValue, 1.16, 0.001, 0.01123336, 0.112217, 112.21699999999999
DataValue, 1.18, 0.001, 0.01123262, 0.112218, 112.21799999999999
DataValue, 1.2, 0.001, 0.01123214, 0.112218, 112.21799999999999
DataValue, 1.22, 0.001, 0.011231320000000001, 0.112212, 112.212
DataValue, 1.24, 0.001, 0.011231199999999999, 0.112212, 112.212
DataValue, 1.26, 0.001, 0.011229979999999999, 0.112209, 112.209
DataValue, 1.28, 0.001, 0.01122852, 0.112218, 112.21799999999999
DataValue, 1.3, 0.001, 0.011227039999999999, 0.112217, 112.21699999999999
DataValue, 1.32, 0.001, 0.01122626, 0.112218, 112.21799999999999
DataValue, 1.34, 0.001, 0.01122562, 0.112211, 112.211
DataValue, 1.36, 0.001, 0.011224479999999999, 0.11221500000000001, 112.215
DataValue, 1.38, 0.001, 0.01122252, 0.112209, 112.209
DataValue, 1.4, 0.001, 0.01122036, 0.11221300000000001, 112.21300000000001
DataValue, 1.42, 0.001, 0.011220840000000001, 0.112211, 112.211
DataValue, 1.44, 0.001, 0.0112192, 0.11221300000000001, 112.21300000000001
DataValue, 1.46, 0.001, 0.01121682, 0.112217, 112.21699999999999
DataValue, 1.48, 0.001, 0.011215379999999999, 0.112212, 112.212
DataValue, 1.5, 0.001, 0.01121584, 0.11221500000000001, 112.215
DataValue, 1.52, 0.001, 0.011214120000000001, 0.11221300000000001, 112.21300000000001
DataValue, 1.54, 0.001, 0.011212960000000001, 0.112214, 112.214
DataValue, 1.56, 0.001, 0.011210979999999999, 0.11221600000000001, 112.21600000000001
DataValue, 1.58, 0.001, 0.01120974, 0.11221500000000001, 112.215
DataValue, 1.6, 0.001, 0.01120778, 0.11221600000000001, 112.21600000000001
DataValue, 1.62, 0.001, 0.0112052, 0.11222000000000001, 112.22000000000001
DataValue, 1.64, 0.001, 0.01120504, 0.11221300000000001, 112.21300000000001
DataValue, 1.66, 0.001, 0.01120436, 0.11221500000000001, 112.215
DataValue, 1.68, 0.001, 0.011201319999999999, 0.11221600000000001, 112.21600000000001
DataValue, 1.7, 0.001, 0.01120022, 0.11221300000000001, 112.21300000000001
DataValue, 1.72, 0.001, 0.011199520000000001, 0.112211, 112.211
DataValue, 1.74, 0.001, 0.0111965, 0.112209, 112.209
DataValue, 1.76, 0.001, 0.01119538, 0.112209, 112.209
DataValue, 1.78, 0.001, 0.01119506, 0.11221300000000001, 112.21300000000001
DataValue, 1.8, 0.001, 0.011192839999999999, 0.112218, 112.21799999999999
DataValue, 1.82, 0.001, 0.011192120000000002, 0.112217, 112.21699999999999
DataValue, 1.84, 0.001, 0.01119122, 0.112217, 112.21699999999999
DataValue, 1.86, 0.001, 0.01119148, 0.112217, 112.21699999999999
DataValue, 1.88, 0.001, 0.01118998, 0.112217, 112.21699999999999
DataValue, 1.9, 0.001, 0.01118736, 0.112217, 112.21699999999999
DataValue, 1.92, 0.001, 0.011186920000000001, 0.112218, 112.21799999999999
DataValue, 1.94, 0.001, 0.0111858, 0.11221500000000001, 112.215
DataValue, 1.96, 0.001, 0.011184600000000001, 0.11221900000000001, 112.21900000000001
DataValue, 1.98, 0.001, 0.011182019999999999, 0.11221500000000001, 112.215
DataValue, 2, 0.001, 0.01118156, 0.11221300000000001, 112.21300000000001
DataValue, 2.02, 0.001, 0.011182339999999999, 0.112211, 112.211
DataValue, 2.04, 0.001, 0.011179699999999999, 0.112218, 112.21799999999999
DataValue, 2.06, 0.001, 0.01118096, 0.11221500000000001, 112.215
DataValue, 2.08, 0.001, 0.01118034, 0.11221900000000001, 112.21900000000001
DataValue, 2.1, 0.001, 0.01117968, 0.112217, 112.21699999999999
DataValue, 2.12, 0.001, 0.011179300000000001, 0.112209, 112.209
DataValue, 2.14, 0.001, 0.011179380000000001, 0.11221500000000001, 112.215
DataValue, 2.16, 0.001, 0.01117926, 0.11221300000000001, 112.21300000000001
DataValue, 2.18, 0.001, 0.011181060000000001, 0.11221300000000001, 112.21300000000001
DataValue, 2.2, 0.001, 0.01118096, 0.112218, 112.21799999999999
DataValue, 2.22, 0.001, 0.01118174, 0.11221600000000001, 112.21600000000001
DataValue, 2.24, 0.001, 0.01118412, 0.11221000000000002, 112.21000000000001
DataValue, 2.26, 0.001, 0.01118616, 0.112214, 112.214
DataValue, 2.28, 0.001, 0.0111874, 0.112214, 112.214
DataValue, 2.3, 0.001, 0.011190180000000001, 0.112217, 112.21699999999999
DataValue, 2.32, 0.001, 0.01119222, 0.112218, 112.21799999999999
DataValue, 2.34, 0.001, 0.011192800000000001, 0.11221500000000001, 112.215
DataValue, 2.36, 0.001, 0.0111955, 0.11221500000000001, 112.215
DataValue, 2.38, 0.001, 0.011199559999999999, 0.11221500000000001, 112.215
DataValue, 2.4, 0.001, 0.01120142, 0.112214, 112.214
DataValue, 2.42, 0.001, 0.0112063, 0.11221500000000001, 112.215
DataValue, 2.44, 0.001, 0.01121022, 0.112217, 112.21699999999999
DataValue, 2.46, 0.001, 0.011214420000000001, 0.11221500000000001, 112.215
DataValue, 2.48, 0.001, 0.011219600000000001, 0.11222000000000001, 112.22000000000001
DataValue, 2.5, 0.001, 0.01122468, 0.11221300000000001, 112.21300000000001
DataValue, 2.52, 0.001, 0.01123128, 0.112217, 112.21699999999999
DataValue, 2.54, 0.001, 0.01123732, 0.112211, 112.211
DataValue, 2.56, 0.001, 0.011243620000000001, 0.11221600000000001, 112.21600000000001
DataValue, 2.58, 0.001, 0.01125054, 0.11221900000000001, 112.21900000000001
DataValue, 2.6, 0.001, 0.01125714, 0.11221600000000001, 112.21600000000001
DataValue, 2.62, 0.001, 0.01126634, 0.112218, 112.21799999999999
DataValue, 2.64, 0.001, 0.011274379999999999, 0.11221600000000001, 112.21600000000001
DataValue, 2.66, 0.001, 0.01128534, 0.11222000000000001, 112.22000000000001
DataValue, 2.68, 0.001, 0.0112956, 0.11221500000000001, 112.215
DataValue, 2.7, 0.001, 0.01130598, 0.11222000000000001, 112.22000000000001
DataValue, 2.72, 0.001, 0.01131624, 0.112217, 112.21699999999999
DataValue, 2.74, 0.001, 0.0113273, 0.11222399999999999, 112.22399999999999
DataValue, 2.76, 0.001, 0.011341559999999999, 0.11221500000000001, 112.215
DataValue, 2.78, 0.001, 0.01135474, 0.11221300000000001, 112.21300000000001
DataValue, 2.8, 0.001, 0.01136828, 0.112221, 112.22099999999999
DataValue, 2.82, 0.001, 0.01138194, 0.11222399999999999, 112.22399999999999
DataValue, 2.84, 0.001, 0.01139864, 0.11221300000000001, 112.21300000000001
DataValue, 2.86, 0.001, 0.01141532, 0.11221900000000001, 112.21900000000001
DataValue, 2.88, 0.001, 0.01143064, 0.112221, 112.22099999999999
DataValue, 2.9, 0.001, 0.01145108, 0.112221, 112.22099999999999
DataValue, 2.92, 0.001, 0.011469100000000001, 0.11221300000000001, 112.21300000000001
DataValue, 2.94, 0.001, 0.011488860000000002, 0.112218, 112.21799999999999
DataValue, 2.96, 0.001, 0.0115118, 0.112238, 112.238
DataValue, 2.98, 0.001, 0.0115326, 0.112236, 112.236
DataValue, 3, 0.001, 0.0115554, 0.112228, 112.228
DataValue, 3, 0.001, 0.0115554, 0.11222900000000001, 112.229
DataValue, 2.98, 0.001, 0.011528799999999999, 0.112231, 112.231
DataValue, 2.96, 0.001, 0.011506, 0.112235, 112.235
DataValue, 2.94, 0.001, 0.0114834, 0.112235, 112.235
DataValue, 2.92, 0.001, 0.011459200000000001, 0.11222700000000002, 112.227
DataValue, 2.9, 0.001, 0.011438, 0.11223000000000001, 112.23
DataValue, 2.88, 0.001, 0.01142, 0.112228, 112.228
DataValue, 2.86, 0.001, 0.011401, 0.112228, 112.228
DataValue, 2.84, 0.001, 0.0113834, 0.11223000000000001, 112.23
DataValue, 2.82, 0.001, 0.011367799999999999, 0.112226, 112.226
DataValue, 2.8, 0.001, 0.011351400000000001, 0.112234, 112.234
DataValue, 2.78, 0.001, 0.011336200000000001, 0.112228, 112.228
DataValue, 2.76, 0.001, 0.011323000000000002, 0.112225, 112.225
DataValue, 2.74, 0.001, 0.0113092, 0.11222700000000002, 112.227
DataValue, 2.72, 0.001, 0.0112956, 0.11223000000000001, 112.23
DataValue, 2.7, 0.001, 0.0112842, 0.11222700000000002, 112.227
DataValue, 2.68, 0.001, 0.0112716, 0.112226, 112.226
DataValue, 2.66, 0.001, 0.0112612, 0.112222, 112.222
DataValue, 2.64, 0.001, 0.0112502, 0.11222700000000002, 112.227
DataValue, 2.62, 0.001, 0.011237200000000001, 0.11223000000000001, 112.23
DataValue, 2.6, 0.001, 0.011228199999999999, 0.112228, 112.228
DataValue, 2.58, 0.001, 0.01122, 0.11222700000000002, 112.227
DataValue, 2.56, 0.001, 0.011212200000000002, 0.112225, 112.225
DataValue, 2.54, 0.001, 0.0112042, 0.11222000000000001, 112.22000000000001
DataValue, 2.52, 0.001, 0.011198600000000001, 0.11222300000000002, 112.22300000000001
DataValue, 2.5, 0.001, 0.011189800000000002, 0.112226, 112.226
DataValue, 2.48, 0.001, 0.0111834, 0.11222700000000002, 112.227
DataValue, 2.46, 0.001, 0.0111772, 0.112225, 112.225
DataValue, 2.44, 0.001, 0.0111716, 0.11222300000000002, 112.22300000000001
DataValue, 2.42, 0.001, 0.0111666, 0.112225, 112.225
DataValue, 2.4, 0.001, 0.0111622, 0.112225, 112.225
DataValue, 2.38, 0.001, 0.011156999999999999, 0.11223000000000001, 112.23
DataValue, 2.36, 0.001, 0.0111544, 0.11222700000000002, 112.227
DataValue, 2.34, 0.001, 0.011151, 0.11222700000000002, 112.227
DataValue, 2.32, 0.001, 0.0111472, 0.11222700000000002, 112.227
DataValue, 2.3, 0.001, 0.011144600000000001, 0.11222900000000001, 112.229
DataValue, 2.28, 0.001, 0.0111436, 0.112225, 112.225
DataValue, 2.26, 0.001, 0.0111388, 0.112225, 112.225
DataValue, 2.24, 0.001, 0.0111374, 0.112225, 112.225
DataValue, 2.22, 0.001, 0.011135200000000001, 0.112225, 112.225
DataValue, 2.2, 0.001, 0.0111328, 0.112226, 112.226
DataValue, 2.18, 0.001, 0.011132200000000002, 0.112226, 112.226
DataValue, 2.16, 0.001, 0.011130800000000002, 0.112225, 112.225
DataValue, 2.14, 0.001, 0.011131, 0.112226, 112.226
DataValue, 2.12, 0.001, 0.0111298, 0.11222399999999999, 112.22399999999999
DataValue, 2.1, 0.001, 0.011128800000000001, 0.11222700000000002, 112.227
DataValue, 2.08, 0.001, 0.0111274, 0.112222, 112.222
DataValue, 2.06, 0.001, 0.0111296, 0.112221, 112.22099999999999
DataValue, 2.04, 0.001, 0.0111276, 0.112231, 112.231
DataValue, 2.02, 0.001, 0.0111302, 0.112228, 112.228
DataValue, 2, 0.001, 0.0111296, 0.112228, 112.228
DataValue, 1.98, 0.001, 0.0111284, 0.112225, 112.225
DataValue, 1.96, 0.001, 0.011129, 0.11222399999999999, 112.22399999999999
DataValue, 1.94, 0.001, 0.011130800000000002, 0.112228, 112.228
DataValue, 1.92, 0.001, 0.0111314, 0.112231, 112.231
DataValue, 1.9, 0.001, 0.0111304, 0.11222900000000001, 112.229
DataValue, 1.88, 0.001, 0.011132200000000002, 0.11222399999999999, 112.22399999999999
DataValue, 1.86, 0.001, 0.011132, 0.11222900000000001, 112.229
DataValue, 1.84, 0.001, 0.0111314, 0.112226, 112.226
DataValue, 1.82, 0.001, 0.0111328, 0.11223300000000001, 112.233
DataValue, 1.8, 0.001, 0.0111348, 0.11223000000000001, 112.23
DataValue, 1.78, 0.001, 0.011134999999999999, 0.11222900000000001, 112.229
DataValue, 1.76, 0.001, 0.011137999999999999, 0.112226, 112.226
DataValue, 1.74, 0.001, 0.011139, 0.112226, 112.226
DataValue, 1.72, 0.001, 0.01114, 0.112225, 112.225
DataValue, 1.7, 0.001, 0.0111412, 0.11223000000000001, 112.23
DataValue, 1.68, 0.001, 0.0111412, 0.11222900000000001, 112.229
DataValue, 1.66, 0.001, 0.0111418, 0.11222700000000002, 112.227
DataValue, 1.64, 0.001, 0.011143, 0.112226, 112.226
DataValue, 1.62, 0.001, 0.0111452, 0.11222000000000001, 112.22000000000001
DataValue, 1.6, 0.001, 0.0111448, 0.11222700000000002, 112.227
DataValue, 1.58, 0.001, 0.0111472, 0.11222399999999999, 112.22399999999999
DataValue, 1.56, 0.001, 0.0111474, 0.11222700000000002, 112.227
DataValue, 1.54, 0.001, 0.0111488, 0.112228, 112.228
DataValue, 1.52, 0.001, 0.0111492, 0.112225, 112.225
DataValue, 1.5, 0.001, 0.011151, 0.112226, 112.226
DataValue, 1.48, 0.001, 0.0111532, 0.112221, 112.22099999999999
DataValue, 1.46, 0.001, 0.011153999999999999, 0.112225, 112.225
DataValue, 1.44, 0.001, 0.0111554, 0.112231, 112.231
DataValue, 1.42, 0.001, 0.011156, 0.11222700000000002, 112.227
DataValue, 1.4, 0.001, 0.011158, 0.11222900000000001, 112.229
DataValue, 1.38, 0.001, 0.011158600000000001, 0.112231, 112.231
DataValue, 1.36, 0.001, 0.0111614, 0.11223000000000001, 112.23
DataValue, 1.34, 0.001, 0.0111618, 0.112226, 112.226
DataValue, 1.32, 0.001, 0.0111616, 0.11223300000000001, 112.233
DataValue, 1.3, 0.001, 0.0111622, 0.11223000000000001, 112.23
DataValue, 1.28, 0.001, 0.0111638, 0.11222900000000001, 112.229
DataValue, 1.26, 0.001, 0.011164799999999999, 0.112226, 112.226
DataValue, 1.24, 0.001, 0.0111658, 0.11223300000000001, 112.233
DataValue, 1.22, 0.001, 0.0111676, 0.112235, 112.235
DataValue, 1.2, 0.001, 0.011167800000000002, 0.11223300000000001, 112.233
DataValue, 1.18, 0.001, 0.0111682, 0.112225, 112.225
DataValue, 1.16, 0.001, 0.011167800000000002, 0.11222700000000002, 112.227
DataValue, 1.14, 0.001, 0.011168800000000001, 0.11222900000000001, 112.229
DataValue, 1.12, 0.001, 0.0111712, 0.112231, 112.231
DataValue, 1.1, 0.001, 0.0111706, 0.112232, 112.232
DataValue, 1.08, 0.001, 0.0111702, 0.112228, 112.228
DataValue, 1.06, 0.001, 0.011169199999999999, 0.112232, 112.232
DataValue, 1.04, 0.001, 0.0111712, 0.112228, 112.228
DataValue, 1.02, 0.001, 0.011169400000000001, 0.112234, 112.234
DataValue, 1, 0.001, 0.0111702, 0.112232, 112.232
DataValue, 0.98000000000000009, 0.001, 0.011171, 0.112231, 112.231
DataValue, 0.96, 0.001, 0.01117, 0.112231, 112.231
DataValue, 0.94000000000000006, 0.001, 0.0111706, 0.11222700000000002, 112.227
DataValue, 0.91999999999999993, 0.001, 0.0111696, 0.112228, 112.228
DataValue, 0.9, 0.001, 0.011169199999999999, 0.11222700000000002, 112.227
DataValue, 0.88000000000000012, 0.001, 0.011167800000000002, 0.11223300000000001, 112.233
DataValue, 0.86, 0.001, 0.011169199999999999, 0.112231, 112.231
DataValue, 0.84000000000000008, 0.001, 0.011166400000000002, 0.112232, 112.232
DataValue, 0.82, 0.001, 0.0111652, 0.112234, 112.234
DataValue, 0.8, 0.001, 0.011164, 0.112226, 112.226
DataValue, 0.78, 0.001, 0.0111626, 0.112232, 112.232
DataValue, 0.76, 0.001, 0.0111598, 0.112232, 112.232
DataValue, 0.7400000000000001, 0.001, 0.0111588, 0.11222900000000001, 112.229
DataValue, 0.72000000000000008, 0.001, 0.011156200000000002, 0.11222900000000001, 112.229
DataValue, 0.70000000000000007, 0.001, 0.011151800000000002, 0.112228, 112.228
DataValue, 0.68, 0.001, 0.011149800000000001, 0.11223000000000001, 112.23
DataValue, 0.66, 0.001, 0.0111456, 0.11223000000000001, 112.23
DataValue, 0.64000000000000012, 0.001, 0.011142399999999999, 0.11222900000000001, 112.229
DataValue, 0.62000000000000011, 0.001, 0.011139, 0.11222900000000001, 112.229
DataValue, 0.60000000000000009, 0.001, 0.0111318, 0.11222399999999999, 112.22399999999999
DataValue, 0.58, 0.001, 0.0111272, 0.11222700000000002, 112.227
DataValue, 0.55999999999999994, 0.001, 0.0111196, 0.11222700000000002, 112.227
DataValue, 0.54, 0.001, 0.0111128, 0.112231, 112.231
DataValue, 0.52, 0.001, 0.0111048, 0.11223000000000001, 112.23
DataValue, 0.5, 0.001, 0.0110956, 0.112232, 112.232
DataValue, 0.48, 0.001, 0.0110854, 0.112226, 112.226
DataValue, 0.45999999999999996, 0.001, 0.0110708, 0.112228, 112.228
DataValue, 0.44000000000000006, 0.001, 0.0110554, 0.11223000000000001, 112.23
DataValue, 0.42000000000000004, 0.001, 0.0110364, 0.11222900000000001, 112.229
DataValue, 0.4, 0.001, 0.0110132, 0.11222700000000002, 112.227
DataValue, 0.38, 0.001, 0.0109836, 0.11222399999999999, 112.22399999999999
DataValue, 0.36000000000000004, 0.001, 0.010944, 0.11223000000000001, 112.23
DataValue, 0.34, 0.001, 0.010889200000000002, 0.112225, 112.225
DataValue, 0.32000000000000006, 0.001, 0.0108094, 0.11222700000000002, 112.227
DataValue, 0.30000000000000004, 0.001, 0.010689800000000001, 0.112225, 112.225
DataValue, 0.27999999999999997, 0.001, 0.0105046, 0.112218, 112.21799999999999
DataValue, 0.26, 0.001, 0.0102284, 0.112214, 112.214
DataValue, 0.24, 0.001, 0.00981698, 0.11220600000000001, 112.206
DataValue, 0.22000000000000003, 0.001, 0.0092579999999999989, 0.112194, 112.19399999999999
DataValue, 0.2, 0.001, 0.00853966, 0.11217500000000001, 112.175
DataValue, 0.18000000000000002, 0.001, 0.0076642, 0.112163, 112.163
DataValue, 0.16000000000000003, 0.001, 0.0066730999999999995, 0.112153, 112.15299999999999
DataValue, 0.13999999999999999, 0.001, 0.0055835400000000006, 0.11213800000000002, 112.138
DataValue, 0.12, 0.001, 0.0044624800000000004, 0.112116, 112.116
DataValue, 0.1, 0.001, 0.00335566, 0.11209800000000002, 112.09800000000001
DataValue, 0.08, 0.001, 0.00231816, 0.11208000000000001, 112.08
DataValue, 0.06, 0.001, 0.00143634, 0.11207, 112.07000000000001
DataValue, 0.04, 0.001, 0.000754062, 0.112059, 112.059
DataValue, 0.02, 0.001, 0.000281722, 0.11205300000000001, 112.053
DataValue, 0, 0.001, -2.4822E-06, 0.112052, 112.05199999999999
DataValue, 0, 0.001, -3.20715E-06, 0.112051, 112.05099999999999
DataValue, 0.02, 0.001, 0.00035539200000000006, 0.11205799999999999, 112.05799999999999
DataValue, 0.04, 0.001, 0.00093151200000000012, 0.11206100000000002, 112.061
DataValue, 0.06, 0.001, 0.00173552, 0.11207800000000001, 112.07800000000002
DataValue, 0.08, 0.001, 0.0027458, 0.11209000000000001, 112.09
DataValue, 0.1, 0.001, 0.0039159799999999995, 0.11211, 112.11
DataValue, 0.12, 0.001, 0.00515938, 0.112126, 112.12599999999999
DataValue, 0.13999999999999999, 0.001, 0.0064287200000000006, 0.11214900000000001, 112.14900000000002
DataValue, 0.16000000000000003, 0.001, 0.0076864, 0.112167, 112.167
DataValue, 0.18000000000000002, 0.001, 0.00887332, 0.11218600000000001, 112.186
DataValue, 0.2, 0.001, 0.0099826, 0.11219900000000001, 112.199
DataValue, 0.22000000000000003, 0.001, 0.010971, 0.112217, 112.21699999999999
DataValue, 0.24, 0.001, 0.0118366, 0.11224700000000001, 112.24700000000001
DataValue, 0.26, 0.001, 0.0125658, 0.11225099999999999, 112.25099999999999
DataValue, 0.27999999999999997, 0.001, 0.0131452, 0.112258, 112.258
DataValue, 0.30000000000000004, 0.001, 0.0135892, 0.11226799999999999, 112.26799999999999
DataValue, 0.32000000000000006, 0.001, 0.0139114, 0.11227100000000001, 112.27100000000002
DataValue, 0.34, 0.001, 0.0141378, 0.112275, 112.27499999999999
DataValue, 0.36000000000000004, 0.001, 0.014297200000000001, 0.112279, 112.279
DataValue, 0.38, 0.001, 0.0144106, 0.11228300000000001, 112.283
DataValue, 0.4, 0.001, 0.0144892, 0.112285, 112.285
DataValue, 0.42000000000000004, 0.001, 0.014548000000000002, 0.11228100000000002, 112.281
DataValue, 0.44000000000000006, 0.001, 0.0145928, 0.112279, 112.279
DataValue, 0.45999999999999996, 0.001, 0.0146302, 0.11228400000000001, 112.284
DataValue, 0.48, 0.001, 0.0146582, 0.11228400000000001, 112.284
DataValue, 0.5, 0.001, 0.0146824, 0.11228700000000001, 112.287
DataValue, 0.52, 0.001, 0.014702400000000001, 0.11228700000000001, 112.287
DataValue, 0.54, 0.001, 0.014718199999999999, 0.11228300000000001, 112.283
DataValue, 0.55999999999999994, 0.001, 0.014733000000000001, 0.11228300000000001, 112.283
DataValue, 0.58, 0.001, 0.0147444, 0.11228300000000001, 112.283
DataValue, 0.60000000000000009, 0.001, 0.0147546, 0.11228700000000001, 112.287
DataValue, 0.62000000000000011, 0.001, 0.0147618, 0.11229100000000002, 112.29100000000001
DataValue, 0.64000000000000012, 0.001, 0.0147732, 0.11228700000000001, 112.287
DataValue, 0.66, 0.001, 0.014781, 0.11228800000000001, 112.28800000000001
DataValue, 0.68, 0.001, 0.014787, 0.11228800000000001, 112.28800000000001
DataValue, 0.70000000000000007, 0.001, 0.014793400000000002, 0.112286, 112.286
DataValue, 0.72000000000000008, 0.001, 0.014796400000000001, 0.11228700000000001, 112.287
DataValue, 0.7400000000000001, 0.001, 0.014800800000000001, 0.112289, 112.28899999999999
DataValue, 0.76, 0.001, 0.014805600000000002, 0.112289, 112.28899999999999
DataValue, 0.78, 0.001, 0.0148078, 0.112285, 112.285
DataValue, 0.8, 0.001, 0.0148104, 0.112285, 112.285
DataValue, 0.82, 0.001, 0.0148126, 0.11228700000000001, 112.287
DataValue, 0.84000000000000008, 0.001, 0.0148178, 0.112292, 112.29199999999999
DataValue, 0.86, 0.001, 0.014817, 0.11228800000000001, 112.28800000000001
DataValue, 0.88000000000000012, 0.001, 0.0148192, 0.11228700000000001, 112.287
DataValue, 0.9, 0.001, 0.014817199999999999, 0.112285, 112.285
DataValue, 0.91999999999999993, 0.001, 0.0148192, 0.11228800000000001, 112.28800000000001
DataValue, 0.94000000000000006, 0.001, 0.014818800000000002, 0.11228300000000001, 112.283
DataValue, 0.96, 0.001, 0.0148194, 0.11228800000000001, 112.28800000000001
DataValue, 0.98000000000000009, 0.001, 0.014820199999999999, 0.11229100000000002, 112.29100000000001
DataValue, 1, 0.001, 0.014819800000000001, 0.11228700000000001, 112.287
DataValue, 1.02, 0.001, 0.014817199999999999, 0.11228400000000001, 112.284
DataValue, 1.04, 0.001, 0.014818, 0.11228800000000001, 112.28800000000001
DataValue, 1.06, 0.001, 0.0148162, 0.112286, 112.286
DataValue, 1.08, 0.001, 0.014814400000000002, 0.112285, 112.285
DataValue, 1.1, 0.001, 0.0148148, 0.11229100000000002, 112.29100000000001
DataValue, 1.12, 0.001, 0.0148148, 0.11228700000000001, 112.287
DataValue, 1.14, 0.001, 0.014811399999999999, 0.112285, 112.285
DataValue, 1.16, 0.001, 0.014811000000000001, 0.112286, 112.286
DataValue, 1.18, 0.001, 0.0148092, 0.112285, 112.285
DataValue, 1.2, 0.001, 0.014807200000000001, 0.11228700000000001, 112.287
DataValue, 1.22, 0.001, 0.0148054, 0.11228800000000001, 112.28800000000001
DataValue, 1.24, 0.001, 0.0148038, 0.112285, 112.285
DataValue, 1.26, 0.001, 0.014802, 0.112285, 112.285
DataValue, 1.28, 0.001, 0.0148, 0.11228199999999999, 112.282
DataValue, 1.3, 0.001, 0.0147972, 0.11228800000000001, 112.28800000000001
DataValue, 1.32, 0.001, 0.014794400000000001, 0.11228700000000001, 112.287
DataValue, 1.34, 0.001, 0.014794000000000002, 0.11228400000000001, 112.284
DataValue, 1.36, 0.001, 0.0147896, 0.11228100000000002, 112.281
DataValue, 1.38, 0.001, 0.014788200000000001, 0.112285, 112.285
DataValue, 1.4, 0.001, 0.0147844, 0.112279, 112.279
DataValue, 1.42, 0.001, 0.0147836, 0.11228700000000001, 112.287
DataValue, 1.44, 0.001, 0.0147822, 0.11229, 112.29
DataValue, 1.46, 0.001, 0.0147796, 0.11228800000000001, 112.28800000000001
DataValue, 1.48, 0.001, 0.0147776, 0.11228700000000001, 112.287
DataValue, 1.5, 0.001, 0.0147718, 0.11228100000000002, 112.281
DataValue, 1.52, 0.001, 0.0147722, 0.112285, 112.285
DataValue, 1.54, 0.001, 0.014768, 0.11228800000000001, 112.28800000000001
DataValue, 1.56, 0.001, 0.014764200000000002, 0.11228800000000001, 112.28800000000001
DataValue, 1.58, 0.001, 0.0147624, 0.11228400000000001, 112.284
DataValue, 1.6, 0.001, 0.014758, 0.11228300000000001, 112.283
DataValue, 1.62, 0.001, 0.0147546, 0.112279, 112.279
DataValue, 1.64, 0.001, 0.014751, 0.11228300000000001, 112.283
DataValue, 1.66, 0.001, 0.0147486, 0.11228800000000001, 112.28800000000001
DataValue, 1.68, 0.001, 0.014745600000000001, 0.11229100000000002, 112.29100000000001
DataValue, 1.7, 0.001, 0.014741800000000001, 0.112285, 112.285
DataValue, 1.72, 0.001, 0.0147404, 0.11228400000000001, 112.284
DataValue, 1.74, 0.001, 0.0147332, 0.11228400000000001, 112.284
DataValue, 1.76, 0.001, 0.014732400000000001, 0.11228700000000001, 112.287
DataValue, 1.78, 0.001, 0.0147294, 0.11228800000000001, 112.28800000000001
DataValue, 1.8, 0.001, 0.014725, 0.11228700000000001, 112.287
DataValue, 1.82, 0.001, 0.0147218, 0.112292, 112.29199999999999
DataValue, 1.84, 0.001, 0.014717800000000001, 0.112285, 112.285
DataValue, 1.86, 0.001, 0.0147152, 0.11228400000000001, 112.284
DataValue, 1.88, 0.001, 0.01471, 0.112289, 112.28899999999999
DataValue, 1.9, 0.001, 0.0147084, 0.11229100000000002, 112.29100000000001
DataValue, 1.92, 0.001, 0.0147066, 0.112292, 112.29199999999999
DataValue, 1.94, 0.001, 0.0147044, 0.11228700000000001, 112.287
DataValue, 1.96, 0.001, 0.014699400000000001, 0.11228100000000002, 112.281
DataValue, 1.98, 0.001, 0.0146982, 0.11228199999999999, 112.282
DataValue, 2, 0.001, 0.0146948, 0.11228700000000001, 112.287
DataValue, 2.02, 0.001, 0.014691000000000001, 0.11228700000000001, 112.287
DataValue, 2.04, 0.001, 0.0146876, 0.11228800000000001, 112.28800000000001
DataValue, 2.06, 0.001, 0.0146868, 0.112285, 112.285
DataValue, 2.08, 0.001, 0.0146848, 0.11228700000000001, 112.287
DataValue, 2.1, 0.001, 0.0146832, 0.11228300000000001, 112.283
DataValue, 2.12, 0.001, 0.014679800000000002, 0.112285, 112.285
DataValue, 2.14, 0.001, 0.014676400000000001, 0.112286, 112.286
DataValue, 2.16, 0.001, 0.0146744, 0.11228700000000001, 112.287
DataValue, 2.18, 0.001, 0.0146728, 0.112279, 112.279
DataValue, 2.2, 0.001, 0.0146708, 0.11228300000000001, 112.283
DataValue, 2.22, 0.001, 0.014669600000000001, 0.11228700000000001, 112.287
DataValue, 2.24, 0.001, 0.0146692, 0.11229100000000002, 112.29100000000001
DataValue, 2.26, 0.001, 0.0146684, 0.112286, 112.286
DataValue, 2.28, 0.001, 0.0146692, 0.112286, 112.286
DataValue, 2.3, 0.001, 0.0146672, 0.11228, 112.28
DataValue, 2.32, 0.001, 0.0146664, 0.112285, 112.285
DataValue, 2.34, 0.001, 0.0146684, 0.11228800000000001, 112.28800000000001
DataValue, 2.36, 0.001, 0.014667399999999999, 0.11228700000000001, 112.287
DataValue, 2.38, 0.001, 0.0146684, 0.11228700000000001, 112.287
DataValue, 2.4, 0.001, 0.0146686, 0.11229100000000002, 112.29100000000001
DataValue, 2.42, 0.001, 0.014669399999999999, 0.112285, 112.285
DataValue, 2.44, 0.001, 0.014672400000000002, 0.11228800000000001, 112.28800000000001
DataValue, 2.46, 0.001, 0.0146736, 0.11228199999999999, 112.282
DataValue, 2.48, 0.001, 0.0146746, 0.11228700000000001, 112.287
DataValue, 2.5, 0.001, 0.0146792, 0.112289, 112.28899999999999
DataValue, 2.52, 0.001, 0.0146816, 0.112289, 112.28899999999999
DataValue, 2.54, 0.001, 0.014684200000000001, 0.11228700000000001, 112.287
DataValue, 2.56, 0.001, 0.0146892, 0.112285, 112.285
DataValue, 2.58, 0.001, 0.0146938, 0.11228700000000001, 112.287
DataValue, 2.6, 0.001, 0.0146978, 0.11228700000000001, 112.287
DataValue, 2.62, 0.001, 0.0147058, 0.11228800000000001, 112.28800000000001
DataValue, 2.64, 0.001, 0.0147108, 0.11228800000000001, 112.28800000000001
DataValue, 2.66, 0.001, 0.0147156, 0.11228800000000001, 112.28800000000001
DataValue, 2.68, 0.001, 0.014721200000000002, 0.11228400000000001, 112.284
DataValue, 2.7, 0.001, 0.014731000000000001, 0.11228800000000001, 112.28800000000001
DataValue, 2.72, 0.001, 0.014736800000000001, 0.112285, 112.285
DataValue, 2.74, 0.001, 0.014743800000000001, 0.112292, 112.29199999999999
DataValue, 2.76, 0.001, 0.0147536, 0.11228400000000001, 112.284
DataValue, 2.78, 0.001, 0.014765, 0.11228800000000001, 112.28800000000001
DataValue, 2.8, 0.001, 0.0147732, 0.11228700000000001, 112.287
DataValue, 2.82, 0.001, 0.0147836, 0.11228700000000001, 112.287
DataValue, 2.84, 0.001, 0.0147972, 0.11228300000000001, 112.283
DataValue, 2.86, 0.001, 0.0148092, 0.11228800000000001, 112.28800000000001
DataValue, 2.88, 0.001, 0.0148252, 0.112289, 112.28899999999999
DataValue, 2.9, 0.001, 0.014839, 0.11229100000000002, 112.29100000000001
DataValue, 2.92, 0.001, 0.0148568, 0.112292, 112.29199999999999
DataValue, 2.94, 0.001, 0.0148724, 0.112285, 112.285
DataValue, 2.96, 0.001, 0.014887999999999999, 0.112289, 112.28899999999999
DataValue, 2.98, 0.001, 0.014905999999999999, 0.112292, 112.29199999999999
DataValue, 3, 0.001, 0.0149268, 0.11229700000000001, 112.297
DataValue, 3, 0.001, 0.0149242, 0.11229100000000002, 112.29100000000001
DataValue, 2.98, 0.001, 0.0149036, 0.11229100000000002, 112.29100000000001
DataValue, 2.96, 0.001, 0.0148796, 0.112293, 112.29299999999999
DataValue, 2.94, 0.001, 0.0148572, 0.112293, 112.29299999999999
DataValue, 2.92, 0.001, 0.014837800000000002, 0.11228800000000001, 112.28800000000001
DataValue, 2.9, 0.001, 0.0148184, 0.11228700000000001, 112.287
DataValue, 2.88, 0.001, 0.0148012, 0.11228300000000001, 112.283
DataValue, 2.86, 0.001, 0.014786200000000001, 0.112289, 112.28899999999999
DataValue, 2.84, 0.001, 0.014771000000000001, 0.11229100000000002, 112.29100000000001
DataValue, 2.82, 0.001, 0.014756, 0.112293, 112.29299999999999
DataValue, 2.8, 0.001, 0.014742, 0.11228300000000001, 112.283
DataValue, 2.78, 0.001, 0.0147296, 0.11228800000000001, 112.28800000000001
DataValue, 2.76, 0.001, 0.014715, 0.11228700000000001, 112.287
DataValue, 2.74, 0.001, 0.014703200000000001, 0.112293, 112.29299999999999
DataValue, 2.72, 0.001, 0.0146918, 0.112294, 112.29400000000001
DataValue, 2.7, 0.001, 0.0146808, 0.11228800000000001, 112.28800000000001
DataValue, 2.68, 0.001, 0.0146722, 0.11228400000000001, 112.284
DataValue, 2.66, 0.001, 0.014662, 0.112286, 112.286
DataValue, 2.64, 0.001, 0.0146546, 0.112286, 112.286
DataValue, 2.62, 0.001, 0.014646600000000001, 0.11228800000000001, 112.28800000000001
DataValue, 2.6, 0.001, 0.014639200000000002, 0.112289, 112.28899999999999
DataValue, 2.58, 0.001, 0.0146328, 0.11228700000000001, 112.287
DataValue, 2.56, 0.001, 0.0146272, 0.112285, 112.285
DataValue, 2.54, 0.001, 0.014619400000000001, 0.11228700000000001, 112.287
DataValue, 2.52, 0.001, 0.014616, 0.11229100000000002, 112.29100000000001
DataValue, 2.5, 0.001, 0.014610600000000001, 0.11228700000000001, 112.287
DataValue, 2.48, 0.001, 0.0146072, 0.11228800000000001, 112.28800000000001
DataValue, 2.46, 0.001, 0.0146032, 0.11228700000000001, 112.287
DataValue, 2.44, 0.001, 0.0146018, 0.112286, 112.286
DataValue, 2.42, 0.001, 0.014598199999999999, 0.112286, 112.286
DataValue, 2.4, 0.001, 0.0145966, 0.112286, 112.286
DataValue, 2.38, 0.001, 0.014592400000000002, 0.112289, 112.28899999999999
DataValue, 2.36, 0.001, 0.0145916, 0.11228100000000002, 112.281
DataValue, 2.34, 0.001, 0.014589000000000001, 0.112285, 112.285
DataValue, 2.32, 0.001, 0.014586600000000002, 0.11228800000000001, 112.28800000000001
DataValue, 2.3, 0.001, 0.014586, 0.11228300000000001, 112.283
DataValue, 2.28, 0.001, 0.0145828, 0.112293, 112.29299999999999
DataValue, 2.26, 0.001, 0.014583600000000002, 0.11229, 112.29
DataValue, 2.24, 0.001, 0.014584399999999999, 0.11228300000000001, 112.283
DataValue, 2.22, 0.001, 0.0145872, 0.11228700000000001, 112.287
DataValue, 2.2, 0.001, 0.0145862, 0.11228400000000001, 112.284
DataValue, 2.18, 0.001, 0.0145856, 0.11228, 112.28
DataValue, 2.16, 0.001, 0.0145864, 0.11228700000000001, 112.287
DataValue, 2.14, 0.001, 0.0145882, 0.11229100000000002, 112.29100000000001
DataValue, 2.12, 0.001, 0.014587600000000001, 0.11228800000000001, 112.28800000000001
DataValue, 2.1, 0.001, 0.014591400000000001, 0.11228700000000001, 112.287
DataValue, 2.08, 0.001, 0.0145906, 0.11228700000000001, 112.287
DataValue, 2.06, 0.001, 0.0145918, 0.112286, 112.286
DataValue, 2.04, 0.001, 0.014594000000000001, 0.11228100000000002, 112.281
DataValue, 2.02, 0.001, 0.0145962, 0.11228800000000001, 112.28800000000001
DataValue, 2, 0.001, 0.0145974, 0.11228800000000001, 112.28800000000001
DataValue, 1.98, 0.001, 0.0146002, 0.11228400000000001, 112.284
DataValue, 1.96, 0.001, 0.014602599999999999, 0.11228300000000001, 112.283
DataValue, 1.94, 0.001, 0.014606, 0.11228400000000001, 112.284
DataValue, 1.92, 0.001, 0.0146062, 0.112289, 112.28899999999999
DataValue, 1.9, 0.001, 0.0146094, 0.11228800000000001, 112.28800000000001
DataValue, 1.88, 0.001, 0.0146118, 0.112285, 112.285
DataValue, 1.86, 0.001, 0.014610399999999999, 0.11228700000000001, 112.287
DataValue, 1.84, 0.001, 0.0146166, 0.11228100000000002, 112.281
DataValue, 1.82, 0.001, 0.0146184, 0.112286, 112.286
DataValue, 1.8, 0.001, 0.014621, 0.112289, 112.28899999999999
DataValue, 1.78, 0.001, 0.0146236, 0.11228700000000001, 112.287
DataValue, 1.76, 0.001, 0.014624999999999999, 0.11228199999999999, 112.282
DataValue, 1.74, 0.001, 0.0146292, 0.11228700000000001, 112.287
DataValue, 1.72, 0.001, 0.014632400000000002, 0.11229, 112.29
DataValue, 1.7, 0.001, 0.0146342, 0.11228700000000001, 112.287
DataValue, 1.68, 0.001, 0.014636, 0.112289, 112.28899999999999
DataValue, 1.66, 0.001, 0.0146402, 0.11228400000000001, 112.284
DataValue, 1.64, 0.001, 0.014643600000000001, 0.11228700000000001, 112.287
DataValue, 1.62, 0.001, 0.0146452, 0.11228400000000001, 112.284
DataValue, 1.6, 0.001, 0.014648399999999999, 0.11229100000000002, 112.29100000000001
DataValue, 1.58, 0.001, 0.0146504, 0.11228800000000001, 112.28800000000001
DataValue, 1.56, 0.001, 0.014652, 0.112293, 112.29299999999999
DataValue, 1.54, 0.001, 0.014654799999999999, 0.11228700000000001, 112.287
DataValue, 1.52, 0.001, 0.0146576, 0.11228199999999999, 112.282
DataValue, 1.5, 0.001, 0.0146582, 0.11228700000000001, 112.287
DataValue, 1.48, 0.001, 0.014661200000000001, 0.11228800000000001, 112.28800000000001
DataValue, 1.46, 0.001, 0.0146656, 0.11228800000000001, 112.28800000000001
DataValue, 1.44, 0.001, 0.014668, 0.11229700000000001, 112.297
DataValue, 1.42, 0.001, 0.0146686, 0.11228800000000001, 112.28800000000001
DataValue, 1.4, 0.001, 0.014671000000000002, 0.11228800000000001, 112.28800000000001
DataValue, 1.38, 0.001, 0.0146746, 0.11228800000000001, 112.28800000000001
DataValue, 1.36, 0.001, 0.014675400000000002, 0.11229100000000002, 112.29100000000001
DataValue, 1.34, 0.001, 0.014677800000000001, 0.112296, 112.29599999999999
DataValue, 1.32, 0.001, 0.0146814, 0.112294, 112.29400000000001
DataValue, 1.3, 0.001, 0.0146848, 0.11229100000000002, 112.29100000000001
DataValue, 1.28, 0.001, 0.014686999999999999, 0.112285, 112.285
DataValue, 1.26, 0.001, 0.0146868, 0.11228800000000001, 112.28800000000001
DataValue, 1.24, 0.001, 0.0146898, 0.11229, 112.29
DataValue, 1.22, 0.001, 0.0146912, 0.11228800000000001, 112.28800000000001
DataValue, 1.2, 0.001, 0.014693600000000001, 0.112289, 112.28899999999999
DataValue, 1.18, 0.001, 0.0146954, 0.11228800000000001, 112.28800000000001
DataValue, 1.16, 0.001, 0.0146984, 0.11228800000000001, 112.28800000000001
DataValue, 1.14, 0.001, 0.0147006, 0.11229100000000002, 112.29100000000001
DataValue, 1.12, 0.001, 0.0147004, 0.112289, 112.28899999999999
DataValue, 1.1, 0.001, 0.014702999999999999, 0.11229499999999999, 112.29499999999999
DataValue, 1.08, 0.001, 0.0147054, 0.11229700000000001, 112.297
DataValue, 1.06, 0.001, 0.014704600000000002, 0.11228700000000001, 112.287
DataValue, 1.04, 0.001, 0.0147066, 0.112289, 112.28899999999999
DataValue, 1.02, 0.001, 0.014707, 0.11228700000000001, 112.287
DataValue, 1, 0.001, 0.014706200000000001, 0.11228700000000001, 112.287
DataValue, 0.98000000000000009, 0.001, 0.014708200000000001, 0.112294, 112.29400000000001
DataValue, 0.96, 0.001, 0.0147092, 0.11229100000000002, 112.29100000000001
DataValue, 0.94000000000000006, 0.001, 0.0147098, 0.11229100000000002, 112.29100000000001
DataValue, 0.91999999999999993, 0.001, 0.0147088, 0.112289, 112.28899999999999
DataValue, 0.9, 0.001, 0.014709600000000002, 0.11228800000000001, 112.28800000000001
DataValue, 0.88000000000000012, 0.001, 0.01471, 0.11229100000000002, 112.29100000000001
DataValue, 0.86, 0.001, 0.0147084, 0.11229100000000002, 112.29100000000001
DataValue, 0.84000000000000008, 0.001, 0.0147072, 0.11229100000000002, 112.29100000000001
DataValue, 0.82, 0.001, 0.0147048, 0.112289, 112.28899999999999
DataValue, 0.8, 0.001, 0.0147048, 0.11228800000000001, 112.28800000000001
DataValue, 0.78, 0.001, 0.0147026, 0.11228800000000001, 112.28800000000001
DataValue, 0.76, 0.001, 0.014700200000000002, 0.112292, 112.29199999999999
DataValue, 0.7400000000000001, 0.001, 0.0147, 0.11229, 112.29
DataValue, 0.72000000000000008, 0.001, 0.0146954, 0.11229100000000002, 112.29100000000001
DataValue, 0.70000000000000007, 0.001, 0.0146902, 0.11228800000000001, 112.28800000000001
DataValue, 0.68, 0.001, 0.014685, 0.112289, 112.28899999999999
DataValue, 0.66, 0.001, 0.0146814, 0.112292, 112.29199999999999
DataValue, 0.64000000000000012, 0.001, 0.014675800000000001, 0.11229700000000001, 112.297
DataValue, 0.62000000000000011, 0.001, 0.014669600000000001, 0.112294, 112.29400000000001
DataValue, 0.60000000000000009, 0.001, 0.014660800000000002, 0.112292, 112.29199999999999
DataValue, 0.58, 0.001, 0.0146516, 0.112293, 112.29299999999999
DataValue, 0.55999999999999994, 0.001, 0.0146418, 0.112285, 112.285
DataValue, 0.54, 0.001, 0.0146272, 0.11228700000000001, 112.287
DataValue, 0.52, 0.001, 0.0146122, 0.112289, 112.28899999999999
DataValue, 0.5, 0.001, 0.014593400000000001, 0.11229, 112.29
DataValue, 0.48, 0.001, 0.0145708, 0.11229100000000002, 112.29100000000001
DataValue, 0.45999999999999996, 0.001, 0.014545200000000001, 0.112289, 112.28899999999999
DataValue, 0.44000000000000006, 0.001, 0.014508000000000002, 0.112285, 112.285
DataValue, 0.42000000000000004, 0.001, 0.014465800000000001, 0.11228700000000001, 112.287
DataValue, 0.4, 0.001, 0.0144086, 0.11228700000000001, 112.287
DataValue, 0.38, 0.001, 0.0143286, 0.112285, 112.285
DataValue, 0.36000000000000004, 0.001, 0.0142194, 0.11228100000000002, 112.281
DataValue, 0.34, 0.001, 0.0140638, 0.112279, 112.279
DataValue, 0.32000000000000006, 0.001, 0.0138408, 0.11227300000000001, 112.273
DataValue, 0.30000000000000004, 0.001, 0.013523400000000001, 0.11227400000000001, 112.274
DataValue, 0.27999999999999997, 0.001, 0.0130834, 0.112266, 112.266
DataValue, 0.26, 0.001, 0.0125094, 0.112252, 112.252
DataValue, 0.24, 0.001, 0.011785000000000002, 0.11224700000000001, 112.24700000000001
DataValue, 0.22000000000000003, 0.001, 0.010927800000000001, 0.112234, 112.234
DataValue, 0.2, 0.001, 0.0099417000000000012, 0.112204, 112.204
DataValue, 0.18000000000000002, 0.001, 0.00883628, 0.112191, 112.191
DataValue, 0.16000000000000003, 0.001, 0.0076538000000000005, 0.112177, 112.17699999999999
DataValue, 0.13999999999999999, 0.001, 0.0064002999999999994, 0.11215800000000001, 112.158
DataValue, 0.12, 0.001, 0.00513564, 0.11213100000000001, 112.131
DataValue, 0.1, 0.001, 0.0038967999999999997, 0.11210800000000001, 112.108
DataValue, 0.08, 0.001, 0.00273162, 0.112101, 112.101
DataValue, 0.06, 0.001, 0.00172596, 0.11208000000000001, 112.08
DataValue, 0.04, 0.001, 0.00092630400000000008, 0.112065, 112.065
DataValue, 0.02, 0.001, 0.00035341, 0.112062, 112.062
DataValue, 0, 0.001, -3.29651E-06, 0.11206, 112.06
DataValue, 0, 0.001, -3.9671099999999995E-06, 0.112059, 112.059
DataValue, 0.02, 0.001, 0.00042026199999999997, 0.112065, 112.065
DataValue, 0.04, 0.001, 0.0010820559999999999, 0.112072, 112.07199999999999
DataValue, 0.06, 0.001, 0.0019802, 0.11209000000000001, 112.09
DataValue, 0.08, 0.001, 0.0030851000000000003, 0.112101, 112.101
DataValue, 0.1, 0.001, 0.0043483, 0.11212100000000001, 112.12100000000001
DataValue, 0.12, 0.001, 0.0056834, 0.112146, 112.14599999999999
DataValue, 0.13999999999999999, 0.001, 0.0070473800000000007, 0.112163, 112.163
DataValue, 0.16000000000000003, 0.001, 0.00841004, 0.11218800000000001, 112.188
DataValue, 0.18000000000000002, 0.001, 0.00971484, 0.11220000000000002, 112.20000000000002
DataValue, 0.2, 0.001, 0.0109643, 0.112222, 112.222
DataValue, 0.22000000000000003, 0.001, 0.0121194, 0.11225700000000001, 112.257
DataValue, 0.24, 0.001, 0.0131762, 0.11226900000000001, 112.26899999999999
DataValue, 0.26, 0.001, 0.0141366, 0.11228, 112.28
DataValue, 0.27999999999999997, 0.001, 0.0149744, 0.112294, 112.29400000000001
DataValue, 0.30000000000000004, 0.001, 0.015698, 0.112303, 112.303
DataValue, 0.32000000000000006, 0.001, 0.0162954, 0.112316, 112.31599999999999
DataValue, 0.34, 0.001, 0.0167732, 0.11233, 112.33
DataValue, 0.36000000000000004, 0.001, 0.0171448, 0.11232800000000001, 112.328
DataValue, 0.38, 0.001, 0.0174244, 0.112329, 112.329
DataValue, 0.4, 0.001, 0.017630200000000002, 0.11233599999999999, 112.33599999999998
DataValue, 0.42000000000000004, 0.001, 0.0177794, 0.112333, 112.333
DataValue, 0.44000000000000006, 0.001, 0.017889600000000002, 0.11234200000000001, 112.34200000000001
DataValue, 0.45999999999999996, 0.001, 0.0179768, 0.112346, 112.34599999999999
DataValue, 0.48, 0.001, 0.0180404, 0.11234100000000001, 112.34100000000001
DataValue, 0.5, 0.001, 0.018088800000000002, 0.11234500000000001, 112.345
DataValue, 0.52, 0.001, 0.0181304, 0.11234200000000001, 112.34200000000001
DataValue, 0.54, 0.001, 0.018163000000000002, 0.112346, 112.34599999999999
DataValue, 0.55999999999999994, 0.001, 0.0181924, 0.112347, 112.347
DataValue, 0.58, 0.001, 0.018216000000000003, 0.112344, 112.344
DataValue, 0.60000000000000009, 0.001, 0.0182352, 0.11235, 112.35
DataValue, 0.62000000000000011, 0.001, 0.0182522, 0.11234100000000001, 112.34100000000001
DataValue, 0.64000000000000012, 0.001, 0.018267000000000002, 0.11234200000000001, 112.34200000000001
DataValue, 0.66, 0.001, 0.018276, 0.112343, 112.34299999999999
DataValue, 0.68, 0.001, 0.018286800000000002, 0.112347, 112.347
DataValue, 0.70000000000000007, 0.001, 0.0182974, 0.112348, 112.348
DataValue, 0.72000000000000008, 0.001, 0.0183032, 0.112343, 112.34299999999999
DataValue, 0.7400000000000001, 0.001, 0.0183104, 0.112343, 112.34299999999999
DataValue, 0.76, 0.001, 0.0183148, 0.112346, 112.34599999999999
DataValue, 0.78, 0.001, 0.0183234, 0.112351, 112.351
DataValue, 0.8, 0.001, 0.018324, 0.11234500000000001, 112.345
DataValue, 0.82, 0.001, 0.0183258, 0.112343, 112.34299999999999
DataValue, 0.84000000000000008, 0.001, 0.018328, 0.11234500000000001, 112.345
DataValue, 0.86, 0.001, 0.018331200000000002, 0.112343, 112.34299999999999
DataValue, 0.88000000000000012, 0.001, 0.0183332, 0.112347, 112.347
DataValue, 0.9, 0.001, 0.018334, 0.112348, 112.348
DataValue, 0.91999999999999993, 0.001, 0.018337000000000003, 0.112346, 112.34599999999999
DataValue, 0.94000000000000006, 0.001, 0.0183358, 0.11234500000000001, 112.345
DataValue, 0.96, 0.001, 0.018333, 0.11233900000000002, 112.33900000000001
DataValue, 0.98000000000000009, 0.001, 0.0183328, 0.112348, 112.348
DataValue, 1, 0.001, 0.018332, 0.112347, 112.347
DataValue, 1.02, 0.001, 0.018331200000000002, 0.112347, 112.347
DataValue, 1.04, 0.001, 0.018329599999999998, 0.112348, 112.348
DataValue, 1.06, 0.001, 0.0183278, 0.112347, 112.347
DataValue, 1.08, 0.001, 0.0183262, 0.112346, 112.34599999999999
DataValue, 1.1, 0.001, 0.0183218, 0.112346, 112.34599999999999
DataValue, 1.12, 0.001, 0.018317, 0.11234500000000001, 112.345
DataValue, 1.14, 0.001, 0.0183176, 0.112346, 112.34599999999999
DataValue, 1.16, 0.001, 0.0183152, 0.11234900000000002, 112.349
DataValue, 1.18, 0.001, 0.018313, 0.112348, 112.348
DataValue, 1.2, 0.001, 0.0183092, 0.11234200000000001, 112.34200000000001
DataValue, 1.22, 0.001, 0.0183058, 0.112344, 112.344
DataValue, 1.24, 0.001, 0.0183022, 0.112347, 112.347
DataValue, 1.26, 0.001, 0.0182992, 0.112346, 112.34599999999999
DataValue, 1.28, 0.001, 0.0182982, 0.112348, 112.348
DataValue, 1.3, 0.001, 0.018296200000000002, 0.11234100000000001, 112.34100000000001
DataValue, 1.32, 0.001, 0.018293200000000003, 0.11234100000000001, 112.34100000000001
DataValue, 1.34, 0.001, 0.0182884, 0.112344, 112.344
DataValue, 1.36, 0.001, 0.0182834, 0.11235, 112.35
DataValue, 1.38, 0.001, 0.0182796, 0.112348, 112.348
DataValue, 1.4, 0.001, 0.0182724, 0.11234100000000001, 112.34100000000001
DataValue, 1.42, 0.001, 0.0182698, 0.112344, 112.344
DataValue, 1.44, 0.001, 0.018264, 0.112346, 112.34599999999999
DataValue, 1.46, 0.001, 0.0182584, 0.11234500000000001, 112.345
DataValue, 1.48, 0.001, 0.0182582, 0.112351, 112.351
DataValue, 1.5, 0.001, 0.018251, 0.112347, 112.347
DataValue, 1.52, 0.001, 0.0182444, 0.11234500000000001, 112.345
DataValue, 1.54, 0.001, 0.018240000000000003, 0.112343, 112.34299999999999
DataValue, 1.56, 0.001, 0.018236000000000002, 0.112344, 112.344
DataValue, 1.58, 0.001, 0.0182306, 0.11234900000000002, 112.349
DataValue, 1.6, 0.001, 0.018228, 0.112351, 112.351
DataValue, 1.62, 0.001, 0.0182232, 0.11234100000000001, 112.34100000000001
DataValue, 1.64, 0.001, 0.0182166, 0.112337, 112.337
DataValue, 1.66, 0.001, 0.018212, 0.11234500000000001, 112.345
DataValue, 1.68, 0.001, 0.0182048, 0.11234100000000001, 112.34100000000001
DataValue, 1.7, 0.001, 0.0182006, 0.11234900000000002, 112.349
DataValue, 1.72, 0.001, 0.018192, 0.11234500000000001, 112.345
DataValue, 1.74, 0.001, 0.0181862, 0.112346, 112.34599999999999
DataValue, 1.76, 0.001, 0.0181808, 0.11234100000000001, 112.34100000000001
DataValue, 1.78, 0.001, 0.0181768, 0.112346, 112.34599999999999
DataValue, 1.8, 0.001, 0.0181702, 0.11234200000000001, 112.34200000000001
DataValue, 1.82, 0.001, 0.0181628, 0.112343, 112.34299999999999
DataValue, 1.84, 0.001, 0.018161, 0.11234500000000001, 112.345
DataValue, 1.86, 0.001, 0.0181556, 0.112343, 112.34299999999999
DataValue, 1.88, 0.001, 0.018150200000000002, 0.11233800000000001, 112.33800000000001
DataValue, 1.9, 0.001, 0.0181402, 0.112346, 112.34599999999999
DataValue, 1.92, 0.001, 0.018137399999999998, 0.11234500000000001, 112.345
DataValue, 1.94, 0.001, 0.0181306, 0.112343, 112.34299999999999
DataValue, 1.96, 0.001, 0.018126, 0.11234500000000001, 112.345
DataValue, 1.98, 0.001, 0.0181208, 0.112344, 112.344
DataValue, 2, 0.001, 0.0181164, 0.11233900000000002, 112.33900000000001
DataValue, 2.02, 0.001, 0.0181114, 0.11233800000000001, 112.33800000000001
DataValue, 2.04, 0.001, 0.018107, 0.112347, 112.347
DataValue, 2.06, 0.001, 0.0181008, 0.11234500000000001, 112.345
DataValue, 2.08, 0.001, 0.0180948, 0.11234200000000001, 112.34200000000001
DataValue, 2.1, 0.001, 0.0180908, 0.11234500000000001, 112.345
DataValue, 2.12, 0.001, 0.018085, 0.11234200000000001, 112.34200000000001
DataValue, 2.14, 0.001, 0.0180816, 0.11234, 112.33999999999999
DataValue, 2.16, 0.001, 0.0180766, 0.11234500000000001, 112.345
DataValue, 2.18, 0.001, 0.018073, 0.112344, 112.344
DataValue, 2.2, 0.001, 0.018067800000000002, 0.112344, 112.344
DataValue, 2.22, 0.001, 0.018061400000000002, 0.112334, 112.334
DataValue, 2.24, 0.001, 0.0180594, 0.11233900000000002, 112.33900000000001
DataValue, 2.26, 0.001, 0.018054399999999998, 0.11234500000000001, 112.345
DataValue, 2.28, 0.001, 0.018052600000000002, 0.11234200000000001, 112.34200000000001
DataValue, 2.3, 0.001, 0.018048599999999998, 0.112346, 112.34599999999999
DataValue, 2.32, 0.001, 0.0180412, 0.11234100000000001, 112.34100000000001
DataValue, 2.34, 0.001, 0.018042, 0.11234200000000001, 112.34200000000001
DataValue, 2.36, 0.001, 0.018038600000000002, 0.11233800000000001, 112.33800000000001
DataValue, 2.38, 0.001, 0.0180348, 0.11234200000000001, 112.34200000000001
DataValue, 2.4, 0.001, 0.0180336, 0.112343, 112.34299999999999
DataValue, 2.42, 0.001, 0.0180308, 0.11234100000000001, 112.34100000000001
DataValue, 2.44, 0.001, 0.0180284, 0.11234500000000001, 112.345
DataValue, 2.46, 0.001, 0.0180274, 0.112344, 112.344
DataValue, 2.48, 0.001, 0.018029, 0.11234200000000001, 112.34200000000001
DataValue, 2.5, 0.001, 0.0180258, 0.11234200000000001, 112.34200000000001
DataValue, 2.52, 0.001, 0.0180258, 0.11234500000000001, 112.345
DataValue, 2.54, 0.001, 0.018025199999999998, 0.11234200000000001, 112.34200000000001
DataValue, 2.56, 0.001, 0.018026800000000003, 0.11233900000000002, 112.33900000000001
DataValue, 2.58, 0.001, 0.018024000000000002, 0.11233900000000002, 112.33900000000001
DataValue, 2.6, 0.001, 0.0180264, 0.11233900000000002, 112.33900000000001
DataValue, 2.62, 0.001, 0.018026800000000003, 0.11234200000000001, 112.34200000000001
DataValue, 2.64, 0.001, 0.01803, 0.11234200000000001, 112.34200000000001
DataValue, 2.66, 0.001, 0.018031, 0.11234100000000001, 112.34100000000001
DataValue, 2.68, 0.001, 0.0180352, 0.112344, 112.344
DataValue, 2.7, 0.001, 0.0180396, 0.11233599999999999, 112.33599999999998
DataValue, 2.72, 0.001, 0.0180432, 0.11234200000000001, 112.34200000000001
DataValue, 2.74, 0.001, 0.018047, 0.11234200000000001, 112.34200000000001
DataValue, 2.76, 0.001, 0.018052600000000002, 0.11234500000000001, 112.345
DataValue, 2.78, 0.001, 0.0180582, 0.11234500000000001, 112.345
DataValue, 2.8, 0.001, 0.018065, 0.11234500000000001, 112.345
DataValue, 2.82, 0.001, 0.0180746, 0.112348, 112.348
DataValue, 2.84, 0.001, 0.0180796, 0.11234100000000001, 112.34100000000001
DataValue, 2.86, 0.001, 0.018089400000000002, 0.11234500000000001, 112.345
DataValue, 2.88, 0.001, 0.0181002, 0.11233800000000001, 112.33800000000001
DataValue, 2.9, 0.001, 0.0181086, 0.11234500000000001, 112.345
DataValue, 2.92, 0.001, 0.0181162, 0.11234500000000001, 112.345
DataValue, 2.94, 0.001, 0.018130200000000003, 0.11234500000000001, 112.345
DataValue, 2.96, 0.001, 0.01814, 0.11233900000000002, 112.33900000000001
DataValue, 2.98, 0.001, 0.018155, 0.11234200000000001, 112.34200000000001
DataValue, 3, 0.001, 0.0181706, 0.112346, 112.34599999999999
DataValue, 3, 0.001, 0.018168200000000002, 0.112347, 112.347
DataValue, 2.98, 0.001, 0.0181456, 0.112344, 112.344
DataValue, 2.96, 0.001, 0.0181246, 0.11234500000000001, 112.345
DataValue, 2.94, 0.001, 0.0181086, 0.11234, 112.33999999999999
DataValue, 2.92, 0.001, 0.0180944, 0.11234100000000001, 112.34100000000001
DataValue, 2.9, 0.001, 0.0180782, 0.11234900000000002, 112.349
DataValue, 2.88, 0.001, 0.018063199999999998, 0.112346, 112.34599999999999
DataValue, 2.86, 0.001, 0.0180506, 0.112337, 112.337
DataValue, 2.84, 0.001, 0.0180396, 0.11234100000000001, 112.34100000000001
DataValue, 2.82, 0.001, 0.0180278, 0.11234200000000001, 112.34200000000001
DataValue, 2.8, 0.001, 0.0180176, 0.112343, 112.34299999999999
DataValue, 2.78, 0.001, 0.018006, 0.11234100000000001, 112.34100000000001
DataValue, 2.76, 0.001, 0.0179972, 0.11233800000000001, 112.33800000000001
DataValue, 2.74, 0.001, 0.0179876, 0.11234200000000001, 112.34200000000001
DataValue, 2.72, 0.001, 0.0179812, 0.112337, 112.337
DataValue, 2.7, 0.001, 0.017968599999999998, 0.11234500000000001, 112.345
DataValue, 2.68, 0.001, 0.017963800000000002, 0.112347, 112.347
DataValue, 2.66, 0.001, 0.0179574, 0.11234200000000001, 112.34200000000001
DataValue, 2.64, 0.001, 0.017953, 0.11234100000000001, 112.34100000000001
DataValue, 2.62, 0.001, 0.0179448, 0.11233900000000002, 112.33900000000001
DataValue, 2.6, 0.001, 0.0179408, 0.11234500000000001, 112.345
DataValue, 2.58, 0.001, 0.0179386, 0.11233800000000001, 112.33800000000001
DataValue, 2.56, 0.001, 0.017934600000000002, 0.112346, 112.34599999999999
DataValue, 2.54, 0.001, 0.0179324, 0.11234500000000001, 112.345
DataValue, 2.52, 0.001, 0.0179308, 0.11234100000000001, 112.34100000000001
DataValue, 2.5, 0.001, 0.017929999999999998, 0.11233900000000002, 112.33900000000001
DataValue, 2.48, 0.001, 0.0179278, 0.11234200000000001, 112.34200000000001
DataValue, 2.46, 0.001, 0.0179268, 0.112346, 112.34599999999999
DataValue, 2.44, 0.001, 0.0179262, 0.11234500000000001, 112.345
DataValue, 2.42, 0.001, 0.0179232, 0.11233900000000002, 112.33900000000001
DataValue, 2.4, 0.001, 0.017922, 0.112344, 112.344
DataValue, 2.38, 0.001, 0.0179236, 0.11234, 112.33999999999999
DataValue, 2.36, 0.001, 0.017926, 0.112346, 112.34599999999999
DataValue, 2.34, 0.001, 0.0179254, 0.112343, 112.34299999999999
DataValue, 2.32, 0.001, 0.017926, 0.112346, 112.34599999999999
DataValue, 2.3, 0.001, 0.0179278, 0.11234100000000001, 112.34100000000001
DataValue, 2.28, 0.001, 0.0179304, 0.11234500000000001, 112.345
DataValue, 2.26, 0.001, 0.0179312, 0.11234, 112.33999999999999
DataValue, 2.24, 0.001, 0.017935000000000003, 0.112344, 112.344
DataValue, 2.22, 0.001, 0.0179358, 0.11234500000000001, 112.345
DataValue, 2.2, 0.001, 0.017936399999999998, 0.11234100000000001, 112.34100000000001
DataValue, 2.18, 0.001, 0.017939, 0.112337, 112.337
DataValue, 2.16, 0.001, 0.0179424, 0.112344, 112.344
DataValue, 2.14, 0.001, 0.017946, 0.112346, 112.34599999999999
DataValue, 2.12, 0.001, 0.0179512, 0.112344, 112.344
DataValue, 2.1, 0.001, 0.0179554, 0.112346, 112.34599999999999
DataValue, 2.08, 0.001, 0.0179572, 0.112337, 112.337
DataValue, 2.06, 0.001, 0.017961, 0.11234100000000001, 112.34100000000001
DataValue, 2.04, 0.001, 0.0179642, 0.11234100000000001, 112.34100000000001
DataValue, 2.02, 0.001, 0.0179698, 0.112348, 112.348
DataValue, 2, 0.001, 0.017972, 0.112343, 112.34299999999999
DataValue, 1.98, 0.001, 0.017976600000000002, 0.11234200000000001, 112.34200000000001
DataValue, 1.96, 0.001, 0.0179798, 0.11234500000000001, 112.345
DataValue, 1.94, 0.001, 0.0179846, 0.11234500000000001, 112.345
DataValue, 1.92, 0.001, 0.017987200000000002, 0.11234200000000001, 112.34200000000001
DataValue, 1.9, 0.001, 0.017993600000000002, 0.112347, 112.347
DataValue, 1.88, 0.001, 0.0179964, 0.112348, 112.348
DataValue, 1.86, 0.001, 0.0180002, 0.11234200000000001, 112.34200000000001
DataValue, 1.84, 0.001, 0.0180054, 0.112343, 112.34299999999999
DataValue, 1.82, 0.001, 0.018008, 0.112346, 112.34599999999999
DataValue, 1.8, 0.001, 0.018012200000000003, 0.112343, 112.34299999999999
DataValue, 1.78, 0.001, 0.0180212, 0.11235, 112.35
DataValue, 1.76, 0.001, 0.0180218, 0.11234500000000001, 112.345
DataValue, 1.74, 0.001, 0.018029, 0.112337, 112.337
DataValue, 1.72, 0.001, 0.0180346, 0.11234100000000001, 112.34100000000001
DataValue, 1.7, 0.001, 0.0180344, 0.112347, 112.347
DataValue, 1.68, 0.001, 0.0180388, 0.11234500000000001, 112.345
DataValue, 1.66, 0.001, 0.0180432, 0.112346, 112.34599999999999
DataValue, 1.64, 0.001, 0.018047, 0.11234500000000001, 112.345
DataValue, 1.62, 0.001, 0.018053800000000002, 0.11234200000000001, 112.34200000000001
DataValue, 1.6, 0.001, 0.0180578, 0.112346, 112.34599999999999
DataValue, 1.58, 0.001, 0.0180602, 0.112343, 112.34299999999999
DataValue, 1.56, 0.001, 0.0180668, 0.11235, 112.35
DataValue, 1.54, 0.001, 0.0180726, 0.112351, 112.351
DataValue, 1.52, 0.001, 0.0180772, 0.112347, 112.347
DataValue, 1.5, 0.001, 0.0180778, 0.112347, 112.347
DataValue, 1.48, 0.001, 0.018084, 0.11235, 112.35
DataValue, 1.46, 0.001, 0.018088800000000002, 0.112346, 112.34599999999999
DataValue, 1.44, 0.001, 0.018095, 0.11235200000000001, 112.352
DataValue, 1.42, 0.001, 0.0180942, 0.112353, 112.353
DataValue, 1.4, 0.001, 0.0180984, 0.112344, 112.344
DataValue, 1.38, 0.001, 0.0181036, 0.112344, 112.344
DataValue, 1.36, 0.001, 0.018106800000000003, 0.112348, 112.348
DataValue, 1.34, 0.001, 0.018112600000000003, 0.112353, 112.353
DataValue, 1.32, 0.001, 0.018115600000000003, 0.112351, 112.351
DataValue, 1.3, 0.001, 0.0181202, 0.112351, 112.351
DataValue, 1.28, 0.001, 0.018124400000000002, 0.11234500000000001, 112.345
DataValue, 1.26, 0.001, 0.0181294, 0.112348, 112.348
DataValue, 1.24, 0.001, 0.0181304, 0.112351, 112.351
DataValue, 1.22, 0.001, 0.018133800000000002, 0.11234900000000002, 112.349
DataValue, 1.2, 0.001, 0.0181386, 0.11235, 112.35
DataValue, 1.18, 0.001, 0.018143199999999998, 0.112348, 112.348
DataValue, 1.16, 0.001, 0.018146199999999998, 0.112351, 112.351
DataValue, 1.14, 0.001, 0.0181474, 0.112347, 112.347
DataValue, 1.12, 0.001, 0.0181508, 0.112348, 112.348
DataValue, 1.1, 0.001, 0.0181554, 0.112343, 112.34299999999999
DataValue, 1.08, 0.001, 0.0181564, 0.112351, 112.351
DataValue, 1.06, 0.001, 0.0181592, 0.112343, 112.34299999999999
DataValue, 1.04, 0.001, 0.0181612, 0.112347, 112.347
DataValue, 1.02, 0.001, 0.0181638, 0.11234500000000001, 112.345
DataValue, 1, 0.001, 0.0181646, 0.112351, 112.351
DataValue, 0.98000000000000009, 0.001, 0.018165, 0.11235200000000001, 112.352
DataValue, 0.96, 0.001, 0.0181664, 0.112346, 112.34599999999999
DataValue, 0.94000000000000006, 0.001, 0.018168800000000002, 0.112346, 112.34599999999999
DataValue, 0.91999999999999993, 0.001, 0.0181706, 0.112347, 112.347
DataValue, 0.9, 0.001, 0.0181694, 0.11235, 112.35
DataValue, 0.88000000000000012, 0.001, 0.018167, 0.112353, 112.353
DataValue, 0.86, 0.001, 0.0181692, 0.112346, 112.34599999999999
DataValue, 0.84000000000000008, 0.001, 0.0181696, 0.11235, 112.35
DataValue, 0.82, 0.001, 0.0181676, 0.11235, 112.35
DataValue, 0.8, 0.001, 0.018162400000000002, 0.11234900000000002, 112.349
DataValue, 0.78, 0.001, 0.0181596, 0.11235, 112.35
DataValue, 0.76, 0.001, 0.018159400000000003, 0.11235200000000001, 112.352
DataValue, 0.7400000000000001, 0.001, 0.018155, 0.11235, 112.35
DataValue, 0.72000000000000008, 0.001, 0.0181476, 0.11235, 112.35
DataValue, 0.70000000000000007, 0.001, 0.018138, 0.112351, 112.351
DataValue, 0.68, 0.001, 0.018132600000000002, 0.112351, 112.351
DataValue, 0.66, 0.001, 0.0181216, 0.11235, 112.35
DataValue, 0.64000000000000012, 0.001, 0.0181114, 0.112344, 112.344
DataValue, 0.62000000000000011, 0.001, 0.0180978, 0.11235200000000001, 112.352
DataValue, 0.60000000000000009, 0.001, 0.0180822, 0.112347, 112.347
DataValue, 0.58, 0.001, 0.0180668, 0.11235400000000001, 112.354
DataValue, 0.55999999999999994, 0.001, 0.0180458, 0.112348, 112.348
DataValue, 0.54, 0.001, 0.0180206, 0.112346, 112.34599999999999
DataValue, 0.52, 0.001, 0.01799, 0.112344, 112.344
DataValue, 0.5, 0.001, 0.0179514, 0.112347, 112.347
DataValue, 0.48, 0.001, 0.0179026, 0.112343, 112.34299999999999
DataValue, 0.45999999999999996, 0.001, 0.017839, 0.11234, 112.33999999999999
DataValue, 0.44000000000000006, 0.001, 0.0177584, 0.112347, 112.347
DataValue, 0.42000000000000004, 0.001, 0.0176526, 0.11233900000000002, 112.33900000000001
DataValue, 0.4, 0.001, 0.0175074, 0.11233599999999999, 112.33599999999998
DataValue, 0.38, 0.001, 0.0173088, 0.112337, 112.337
DataValue, 0.36000000000000004, 0.001, 0.0170396, 0.11233200000000002, 112.33200000000001
DataValue, 0.34, 0.001, 0.0166716, 0.11232700000000001, 112.327
DataValue, 0.32000000000000006, 0.001, 0.016201399999999998, 0.112321, 112.321
DataValue, 0.30000000000000004, 0.001, 0.0156124, 0.112312, 112.31199999999998
DataValue, 0.27999999999999997, 0.001, 0.0148964, 0.11230100000000001, 112.301
DataValue, 0.26, 0.001, 0.014066, 0.11228700000000001, 112.287
DataValue, 0.24, 0.001, 0.013111999999999999, 0.112267, 112.26700000000001
DataValue, 0.22000000000000003, 0.001, 0.012061599999999999, 0.112253, 112.253
DataValue, 0.2, 0.001, 0.0109148, 0.112238, 112.238
DataValue, 0.18000000000000002, 0.001, 0.0096698799999999988, 0.112209, 112.209
DataValue, 0.16000000000000003, 0.001, 0.0083702000000000012, 0.112194, 112.19399999999999
DataValue, 0.13999999999999999, 0.001, 0.0070127800000000006, 0.112168, 112.168
DataValue, 0.12, 0.001, 0.00565386, 0.112146, 112.14599999999999
DataValue, 0.1, 0.001, 0.0043241, 0.112126, 112.12599999999999
DataValue, 0.08, 0.001, 0.00306666, 0.11211700000000001, 112.117
DataValue, 0.06, 0.001, 0.0019675, 0.112101, 112.101
DataValue, 0.04, 0.001, 0.00107504, 0.112082, 112.082
DataValue, 0.02, 0.001, 0.00041759800000000004, 0.11207400000000001, 112.07400000000001
DataValue, 0, 0.001, -3.99057E-06, 0.112065, 112.065
