SetupTitle, I/V Sweep
PrimitiveTest, I/V Sweep
TestParameter, Context.MainFrame, B1500A
TestParameter, Channel.UnitType, SMU, SMU, SMU
TestParameter, Channel.Unit, SMU1:MP, SMU3:MP, SMU4:MP
TestParameter, Channel.IName, IB, IC, IT
TestParameter, Channel.VName, VB, VC, VT
TestParameter, Channel.Mode, I, V, I
TestParameter, Channel.Func, VAR2, VAR1, CONST
TestParameter, Channel.Index, 
TestParameter, Channel.Time, 
TestParameter, Measurement.Port.Unit, SMU1:MP, SMU3:MP, SMU4:MP
TestParameter, Measurement.Port.SeriesResistor, NONE, NONE, NONE
TestParameter, Measurement.Port.Filter, ON, ON, ON
TestParameter, Measurement.Primary.Locus, Double
TestParameter, Measurement.Primary.Scale, LINEAR
TestParameter, Measurement.Primary.Start, 0
TestParameter, Measurement.Primary.Stop, 3
TestParameter, Measurement.Primary.Step, 0.02
TestParameter, Measurement.Primary.Compliance, 0.04
TestParameter, Measurement.Primary.PowerCompliance, 0
TestParameter, Measurement.Aborting.Condition, CONTINUE AT ANY
TestParameter, Measurement.PostOutput.Value, START
TestParameter, Measurement.PostOutput.Retention, OFF
TestParameter, Measurement.Secondary.Start, 5E-06
TestParameter, Measurement.Secondary.Count, 5
TestParameter, Measurement.Secondary.Step, 4.9999999999999996E-06
TestParameter, Measurement.Secondary.Compliance, 1.2
TestParameter, Measurement.Secondary.PowerCompliance, 0
TestParameter, Measurement.Bias.Source, 5E-06, 0, 0.001
TestParameter, Measurement.Bias.Compliance, 1.2, 0.04, 1.5
TestParameter, Measurement.Monitor.Unit, SMU1:MP, SMU3:MP, SMU4:MP
TestParameter, Measurement.Monitor.Adc, HR ADC, HR ADC, HR ADC
TestParameter, Measurement.Monitor.RangingMode, AUTO, LIMITED, AUTO
TestParameter, Measurement.Monitor.RangeBoundary, , 1nA, 
TestParameter, Measurement.Timing.Hold, 0
TestParameter, Measurement.Timing.Delay, 0
TestParameter, Measurement.Adc.HighSpeed.Mode, AUTO
TestParameter, Measurement.Adc.HighSpeed.Coeff, 1
TestParameter, Measurement.Adc.HighResolution.AutoZero, OFF
TestParameter, Measurement.Adc.HighResolution.Mode, AUTO
TestParameter, Measurement.Adc.HighResolution.Coeff, 64
TestParameter, Measurement.WaitTime.Source.Coeff, 1
TestParameter, Measurement.WaitTime.Source.Offset, 0
TestParameter, Measurement.WaitTime.Monitor.Coeff, 1
TestParameter, Measurement.WaitTime.Monitor.Offset, 0
TestParameter, Function.User.Name, RPT100
TestParameter, Function.User.Unit, ohm
TestParameter, Function.User.Definition, VT/IT
TestParameter, Output.Graph.Enabled, true
TestParameter, Output.Graph.XAxis.Data, VC
TestParameter, Output.Graph.XAxis.Scale, Linear
TestParameter, Output.Graph.XAxis.Left, 0
TestParameter, Output.Graph.XAxis.Right, 3
TestParameter, Output.Graph.YAxis.Data, IC, RPT100
TestParameter, Output.Graph.YAxis.Scale, Linear, Linear
TestParameter, Output.Graph.YAxis.Bottom, 0, 50
TestParameter, Output.Graph.YAxis.Top, 0.04, 150
TestParameter, Output.Graph.YAxis.Group, , 
TestParameter, AutoAnalysis.Interpolation, false
TestParameter, AutoAnalysis.Line1.Enabled, false
TestParameter, AutoAnalysis.Line1.Type, 1
TestParameter, AutoAnalysis.Line1.Fix, True
TestParameter, AutoAnalysis.Line1.YAxis, 0
TestParameter, AutoAnalysis.Line1.Point1.Type, 0
TestParameter, AutoAnalysis.Line1.Point1.XY.X, 
TestParameter, AutoAnalysis.Line1.Point1.XY.Y, 
TestParameter, AutoAnalysis.Line1.Point1.Data.Var, 
TestParameter, AutoAnalysis.Line1.Point1.Data.Condition, 
TestParameter, AutoAnalysis.Line1.Point1.Data.Start, false
TestParameter, AutoAnalysis.Line1.Point1.Data.StartVar, 
TestParameter, AutoAnalysis.Line1.Point1.Data.StartCondition, 
TestParameter, AutoAnalysis.Line1.Point2.Type, 0
TestParameter, AutoAnalysis.Line1.Point2.XY.X, 
TestParameter, AutoAnalysis.Line1.Point2.XY.Y, 
TestParameter, AutoAnalysis.Line1.Point2.Data.Var, 
TestParameter, AutoAnalysis.Line1.Point2.Data.Condition, 
TestParameter, AutoAnalysis.Line1.Point2.Data.Start, false
TestParameter, AutoAnalysis.Line1.Point2.Data.StartVar, 
TestParameter, AutoAnalysis.Line1.Point2.Data.StartCondition, 
TestParameter, AutoAnalysis.Line1.GradientExpr, 0
TestParameter, AutoAnalysis.Line2.Enabled, false
TestParameter, AutoAnalysis.Line2.Type, 1
TestParameter, AutoAnalysis.Line2.Fix, True
TestParameter, AutoAnalysis.Line2.YAxis, 0
TestParameter, AutoAnalysis.Line2.Point1.Type, 0
TestParameter, AutoAnalysis.Line2.Point1.XY.X, 
TestParameter, AutoAnalysis.Line2.Point1.XY.Y, 
TestParameter, AutoAnalysis.Line2.Point1.Data.Var, 
TestParameter, AutoAnalysis.Line2.Point1.Data.Condition, 
TestParameter, AutoAnalysis.Line2.Point1.Data.Start, false
TestParameter, AutoAnalysis.Line2.Point1.Data.StartVar, 
TestParameter, AutoAnalysis.Line2.Point1.Data.StartCondition, 
TestParameter, AutoAnalysis.Line2.Point2.Type, 0
TestParameter, AutoAnalysis.Line2.Point2.XY.X, 
TestParameter, AutoAnalysis.Line2.Point2.XY.Y, 
TestParameter, AutoAnalysis.Line2.Point2.Data.Var, 
TestParameter, AutoAnalysis.Line2.Point2.Data.Condition, 
TestParameter, AutoAnalysis.Line2.Point2.Data.Start, false
TestParameter, AutoAnalysis.Line2.Point2.Data.StartVar, 
TestParameter, AutoAnalysis.Line2.Point2.Data.StartCondition, 
TestParameter, AutoAnalysis.Line2.GradientExpr, 0
TestParameter, AutoAnalysis.Marker.Enabled, false
TestParameter, AutoAnalysis.Marker.Data.Var, 
TestParameter, AutoAnalysis.Marker.Data.Condition, 
TestParameter, AutoAnalysis.Marker.Data.Start, false
TestParameter, AutoAnalysis.Marker.Data.StartVar, 
TestParameter, AutoAnalysis.Marker.Data.StartCondition, 
MetaData, TestRecord.EntryPoint, true
MetaData, TestRecord.RecordTime, 07/11/2025 15:54:55
MetaData, TestRecord.TestTarget, 
MetaData, TestRecord.IterationIndex, 1
MetaData, TestRecord.Preservation, true
MetaData, TestRecord.Flag, 
MetaData, TestRecord.Remarks, 
MetaData, TestRecord.LinkKey, 6cc20740-e538-40a6-b3a2-68aab747a2d9
AnalysisSetup, Analysis.Setup.Vector.Graph.Enabled, true
AnalysisSetup, Analysis.Setup.Vector.Graph.ActiveYAxis, 0
AnalysisSetup, Analysis.Setup.Vector.Graph.LeftYAxis, 0
AnalysisSetup, Analysis.Setup.Vector.Graph.RightYAxis, 1
AnalysisSetup, Analysis.Setup.Vector.Graph.XAxis.Name, VC
AnalysisSetup, Analysis.Setup.Vector.Graph.XAxis.GroupName, 
AnalysisSetup, Analysis.Setup.Vector.Graph.XAxis.Unit, V
AnalysisSetup, Analysis.Setup.Vector.Graph.XAxis.Scale, Linear
AnalysisSetup, Analysis.Setup.Vector.Graph.XAxis.Left, 0
AnalysisSetup, Analysis.Setup.Vector.Graph.XAxis.Right, 3
AnalysisSetup, Analysis.Setup.Vector.Graph.YAxis.Name, IC, RPT100
AnalysisSetup, Analysis.Setup.Vector.Graph.YAxis.GroupName, , 
AnalysisSetup, Analysis.Setup.Vector.Graph.YAxis.Unit, A, ohm
AnalysisSetup, Analysis.Setup.Vector.Graph.YAxis.Scale, Linear, Linear
AnalysisSetup, Analysis.Setup.Vector.Graph.YAxis.Bottom, 0, 50
AnalysisSetup, Analysis.Setup.Vector.Graph.YAxis.Top, 0.04, 150
AnalysisSetup, Analysis.Setup.Vector.Graph.Operation.Marker.Enabled, false
AnalysisSetup, Analysis.Setup.Vector.Graph.Operation.Marker.Interpolation, false
AnalysisSetup, Analysis.Setup.Vector.Graph.Operation.Marker.Index, 0
AnalysisSetup, Analysis.Setup.Vector.Graph.Operation.Marker.Step, 0
AnalysisSetup, Analysis.Setup.Vector.Graph.Operation.Cursor.Enabled, false
AnalysisSetup, Analysis.Setup.Vector.Graph.Operation.Cursor.Active, true
AnalysisSetup, Analysis.Setup.Vector.Graph.Operation.Cursor.NormalX, 0.5
AnalysisSetup, Analysis.Setup.Vector.Graph.Operation.Cursor.NormalY, 0.5
AnalysisSetup, Analysis.Setup.Vector.Graph.Operation.Line1.Enabled, false
AnalysisSetup, Analysis.Setup.Vector.Graph.Operation.Line1.Active, false
AnalysisSetup, Analysis.Setup.Vector.Graph.Operation.Line1.Fix, false
AnalysisSetup, Analysis.Setup.Vector.Graph.Operation.Line1.Type, 1
AnalysisSetup, Analysis.Setup.Vector.Graph.Operation.Line1.YAxisIndex, 0
AnalysisSetup, Analysis.Setup.Vector.Graph.Operation.Line1.LastIndex, -1
AnalysisSetup, Analysis.Setup.Vector.Graph.Operation.Line1.LastStep, -1
AnalysisSetup, Analysis.Setup.Vector.Graph.Operation.Line1.Cursor1.Enabled, false
AnalysisSetup, Analysis.Setup.Vector.Graph.Operation.Line1.Cursor1.Active, false
AnalysisSetup, Analysis.Setup.Vector.Graph.Operation.Line1.Cursor1.NormalX, 0.5
AnalysisSetup, Analysis.Setup.Vector.Graph.Operation.Line1.Cursor1.NormalY, 0.5
AnalysisSetup, Analysis.Setup.Vector.Graph.Operation.Line1.Cursor2.Enabled, false
AnalysisSetup, Analysis.Setup.Vector.Graph.Operation.Line1.Cursor2.Active, false
AnalysisSetup, Analysis.Setup.Vector.Graph.Operation.Line1.Cursor2.NormalX, 0.5
AnalysisSetup, Analysis.Setup.Vector.Graph.Operation.Line1.Cursor2.NormalY, 0.5
AnalysisSetup, Analysis.Setup.Vector.Graph.Operation.Line1.Gradient, 
AnalysisSetup, Analysis.Setup.Vector.Graph.Operation.Line2.Enabled, false
AnalysisSetup, Analysis.Setup.Vector.Graph.Operation.Line2.Active, false
AnalysisSetup, Analysis.Setup.Vector.Graph.Operation.Line2.Fix, false
AnalysisSetup, Analysis.Setup.Vector.Graph.Operation.Line2.Type, 1
AnalysisSetup, Analysis.Setup.Vector.Graph.Operation.Line2.YAxisIndex, 0
AnalysisSetup, Analysis.Setup.Vector.Graph.Operation.Line2.LastIndex, -1
AnalysisSetup, Analysis.Setup.Vector.Graph.Operation.Line2.LastStep, -1
AnalysisSetup, Analysis.Setup.Vector.Graph.Operation.Line2.Cursor1.Enabled, false
AnalysisSetup, Analysis.Setup.Vector.Graph.Operation.Line2.Cursor1.Active, false
AnalysisSetup, Analysis.Setup.Vector.Graph.Operation.Line2.Cursor1.NormalX, 0.5
AnalysisSetup, Analysis.Setup.Vector.Graph.Operation.Line2.Cursor1.NormalY, 0.5
AnalysisSetup, Analysis.Setup.Vector.Graph.Operation.Line2.Cursor2.Enabled, false
AnalysisSetup, Analysis.Setup.Vector.Graph.Operation.Line2.Cursor2.Active, false
AnalysisSetup, Analysis.Setup.Vector.Graph.Operation.Line2.Cursor2.NormalX, 0.5
AnalysisSetup, Analysis.Setup.Vector.Graph.Operation.Line2.Cursor2.NormalY, 0.5
AnalysisSetup, Analysis.Setup.Vector.Graph.Operation.Line2.Gradient, 
AnalysisSetup, Analysis.Setup.Vector.Graph.Preference.BackgroundColor, -1
AnalysisSetup, Analysis.Setup.Vector.Graph.Preference.TextColor, -16777216
AnalysisSetup, Analysis.Setup.Vector.Graph.Preference.GridColor, -3618616
AnalysisSetup, Analysis.Setup.Vector.Graph.Preference.LineColor, -65336
AnalysisSetup, Analysis.Setup.Vector.Graph.Preference.Plots.Y1.Visible, true
AnalysisSetup, Analysis.Setup.Vector.Graph.Preference.Plots.Y1.PlotColor, -16777036
AnalysisSetup, Analysis.Setup.Vector.Graph.Preference.Plots.Y1.Thickness, 1
AnalysisSetup, Analysis.Setup.Vector.Graph.Preference.Plots.Y2.Visible, true
AnalysisSetup, Analysis.Setup.Vector.Graph.Preference.Plots.Y2.PlotColor, -39936
AnalysisSetup, Analysis.Setup.Vector.Graph.Preference.Plots.Y2.Thickness, 1
AnalysisSetup, Analysis.Setup.Vector.Graph.Preference.Plots.Y3.Visible, true
AnalysisSetup, Analysis.Setup.Vector.Graph.Preference.Plots.Y3.PlotColor, -16731136
AnalysisSetup, Analysis.Setup.Vector.Graph.Preference.Plots.Y3.Thickness, 1
AnalysisSetup, Analysis.Setup.Vector.Graph.Preference.Plots.Y4.Visible, true
AnalysisSetup, Analysis.Setup.Vector.Graph.Preference.Plots.Y4.PlotColor, -8892376
AnalysisSetup, Analysis.Setup.Vector.Graph.Preference.Plots.Y4.Thickness, 1
AnalysisSetup, Analysis.Setup.Vector.Graph.Preference.Plots.Y5.Visible, true
AnalysisSetup, Analysis.Setup.Vector.Graph.Preference.Plots.Y5.PlotColor, -65536
AnalysisSetup, Analysis.Setup.Vector.Graph.Preference.Plots.Y5.Thickness, 1
AnalysisSetup, Analysis.Setup.Vector.Graph.Preference.Plots.Y6.Visible, true
AnalysisSetup, Analysis.Setup.Vector.Graph.Preference.Plots.Y6.PlotColor, -14336
AnalysisSetup, Analysis.Setup.Vector.Graph.Preference.Plots.Y6.Thickness, 1
AnalysisSetup, Analysis.Setup.Vector.Graph.Preference.Plots.Y7.Visible, true
AnalysisSetup, Analysis.Setup.Vector.Graph.Preference.Plots.Y7.PlotColor, -6946586
AnalysisSetup, Analysis.Setup.Vector.Graph.Preference.Plots.Y7.Thickness, 1
AnalysisSetup, Analysis.Setup.Vector.Graph.Preference.Plots.Y8.Visible, true
AnalysisSetup, Analysis.Setup.Vector.Graph.Preference.Plots.Y8.PlotColor, -16733546
AnalysisSetup, Analysis.Setup.Vector.Graph.Preference.Plots.Y8.Thickness, 1
AnalysisSetup, Analysis.Setup.Vector.Graph.Preference.Text.AxisTitle.FontName, Tahoma
AnalysisSetup, Analysis.Setup.Vector.Graph.Preference.Text.AxisTitle.RelativeSize, Medium
AnalysisSetup, Analysis.Setup.Vector.Graph.Preference.Text.AxisTitle.Size, 7
AnalysisSetup, Analysis.Setup.Vector.Graph.Preference.Text.ScaleText.FontName, Tahoma
AnalysisSetup, Analysis.Setup.Vector.Graph.Preference.Text.ScaleText.RelativeSize, Medium
AnalysisSetup, Analysis.Setup.Vector.Graph.Preference.Text.ScaleText.Size, 7
AnalysisSetup, Analysis.Setup.Vector.Graph.Preference.Text.Legend.FontName, Tahoma
AnalysisSetup, Analysis.Setup.Vector.Graph.Preference.Text.Legend.RelativeSize, Medium
AnalysisSetup, Analysis.Setup.Vector.Graph.Preference.Text.Legend.Size, 7
AnalysisSetup, Analysis.Setup.Vector.Graph.Preference.Scale.LogTickedDecadeCount, 6
AnalysisSetup, Analysis.Setup.Vector.Graph.Preference.GridVisible, true
AnalysisSetup, Analysis.Setup.Preference.GraphVisible, true
AnalysisSetup, Analysis.Setup.Preference.ListVisible, true
AnalysisSetup, Analysis.Setup.Preference.ScalarVisible, true
AnalysisSetup, Analysis.Setup.Title, I/V Sweep
Dimension1, 302, 302, 302, 302, 302
Dimension2, 5, 5, 5, 5, 5
DataName, VC, IT, IC, VT, RPT100
DataValue, 0, 0.001, -2.75184E-07, 0.11202000000000001, 112.02000000000001
DataValue, 0.02, 0.001, 0.000106958, 0.112021, 112.02099999999999
DataValue, 0.04, 0.001, 0.00030447600000000003, 0.112021, 112.02099999999999
DataValue, 0.06, 0.001, 0.00061933800000000009, 0.112029, 112.029
DataValue, 0.08, 0.001, 0.001061142, 0.112038, 112.038
DataValue, 0.1, 0.001, 0.00159576, 0.112041, 112.041
DataValue, 0.12, 0.001, 0.0021469, 0.112055, 112.05499999999999
DataValue, 0.13999999999999999, 0.001, 0.00264254, 0.11206100000000002, 112.061
DataValue, 0.16000000000000003, 0.001, 0.00303348, 0.112069, 112.069
DataValue, 0.18000000000000002, 0.001, 0.00330044, 0.112073, 112.07300000000001
DataValue, 0.2, 0.001, 0.00346758, 0.112068, 112.06799999999998
DataValue, 0.22000000000000003, 0.001, 0.00356402, 0.11207, 112.07000000000001
DataValue, 0.24, 0.001, 0.0036192000000000004, 0.112073, 112.07300000000001
DataValue, 0.26, 0.001, 0.0036516, 0.11208100000000001, 112.081
DataValue, 0.27999999999999997, 0.001, 0.00367218, 0.11208000000000001, 112.08
DataValue, 0.30000000000000004, 0.001, 0.0036850999999999997, 0.11207800000000001, 112.07800000000002
DataValue, 0.32000000000000006, 0.001, 0.00369512, 0.11207800000000001, 112.07800000000002
DataValue, 0.34, 0.001, 0.00370206, 0.11208000000000001, 112.08
DataValue, 0.36000000000000004, 0.001, 0.0037083, 0.11207600000000001, 112.076
DataValue, 0.38, 0.001, 0.0037132000000000003, 0.11207800000000001, 112.07800000000002
DataValue, 0.4, 0.001, 0.00371708, 0.11208100000000001, 112.081
DataValue, 0.42000000000000004, 0.001, 0.0037209, 0.11207400000000001, 112.07400000000001
DataValue, 0.44000000000000006, 0.001, 0.00372458, 0.112075, 112.07499999999999
DataValue, 0.45999999999999996, 0.001, 0.00372796, 0.11207600000000001, 112.076
DataValue, 0.48, 0.001, 0.0037292600000000003, 0.112086, 112.086
DataValue, 0.5, 0.001, 0.00373164, 0.112079, 112.079
DataValue, 0.52, 0.001, 0.0037353399999999998, 0.112082, 112.082
DataValue, 0.54, 0.001, 0.00373732, 0.11207, 112.07000000000001
DataValue, 0.55999999999999994, 0.001, 0.00373958, 0.112075, 112.07499999999999
DataValue, 0.58, 0.001, 0.0037408600000000004, 0.112073, 112.07300000000001
DataValue, 0.60000000000000009, 0.001, 0.0037431, 0.112082, 112.082
DataValue, 0.62000000000000011, 0.001, 0.0037447599999999998, 0.11207800000000001, 112.07800000000002
DataValue, 0.64000000000000012, 0.001, 0.00374588, 0.112079, 112.079
DataValue, 0.66, 0.001, 0.00374764, 0.11207400000000001, 112.07400000000001
DataValue, 0.68, 0.001, 0.00374868, 0.11207400000000001, 112.07400000000001
DataValue, 0.70000000000000007, 0.001, 0.00374998, 0.112075, 112.07499999999999
DataValue, 0.72000000000000008, 0.001, 0.00375184, 0.11208000000000001, 112.08
DataValue, 0.7400000000000001, 0.001, 0.0037511000000000003, 0.112079, 112.079
DataValue, 0.76, 0.001, 0.00375242, 0.11208000000000001, 112.08
DataValue, 0.78, 0.001, 0.0037542, 0.11207600000000001, 112.076
DataValue, 0.8, 0.001, 0.0037543600000000004, 0.112075, 112.07499999999999
DataValue, 0.82, 0.001, 0.0037559800000000003, 0.11207400000000001, 112.07400000000001
DataValue, 0.84000000000000008, 0.001, 0.0037568600000000003, 0.11207700000000001, 112.077
DataValue, 0.86, 0.001, 0.0037578800000000003, 0.11208000000000001, 112.08
DataValue, 0.88000000000000012, 0.001, 0.00375868, 0.112079, 112.079
DataValue, 0.9, 0.001, 0.00375928, 0.11207600000000001, 112.076
DataValue, 0.91999999999999993, 0.001, 0.0037598600000000003, 0.112073, 112.07300000000001
DataValue, 0.94000000000000006, 0.001, 0.0037611800000000003, 0.11207800000000001, 112.07800000000002
DataValue, 0.96, 0.001, 0.0037617600000000003, 0.11207600000000001, 112.076
DataValue, 0.98000000000000009, 0.001, 0.00376292, 0.11207800000000001, 112.07800000000002
DataValue, 1, 0.001, 0.00376296, 0.112075, 112.07499999999999
DataValue, 1.02, 0.001, 0.0037637, 0.112073, 112.07300000000001
DataValue, 1.04, 0.001, 0.00376444, 0.11207400000000001, 112.07400000000001
DataValue, 1.06, 0.001, 0.00376488, 0.11208000000000001, 112.08
DataValue, 1.08, 0.001, 0.00376516, 0.112079, 112.079
DataValue, 1.1, 0.001, 0.0037660999999999997, 0.112079, 112.079
DataValue, 1.12, 0.001, 0.00376604, 0.11207700000000001, 112.077
DataValue, 1.14, 0.001, 0.0037666, 0.112072, 112.07199999999999
DataValue, 1.16, 0.001, 0.00376672, 0.112073, 112.07300000000001
DataValue, 1.18, 0.001, 0.00376722, 0.112079, 112.079
DataValue, 1.2, 0.001, 0.00376792, 0.11207600000000001, 112.076
DataValue, 1.22, 0.001, 0.00376808, 0.112079, 112.079
DataValue, 1.24, 0.001, 0.0037685, 0.112079, 112.079
DataValue, 1.26, 0.001, 0.0037689, 0.112073, 112.07300000000001
DataValue, 1.28, 0.001, 0.0037691, 0.112072, 112.07199999999999
DataValue, 1.3, 0.001, 0.0037697, 0.112083, 112.083
DataValue, 1.32, 0.001, 0.0037694800000000004, 0.11207700000000001, 112.077
DataValue, 1.34, 0.001, 0.00376952, 0.112075, 112.07499999999999
DataValue, 1.36, 0.001, 0.00377048, 0.11207100000000002, 112.07100000000001
DataValue, 1.38, 0.001, 0.00377026, 0.11207800000000001, 112.07800000000002
DataValue, 1.4, 0.001, 0.0037702200000000003, 0.11207600000000001, 112.076
DataValue, 1.42, 0.001, 0.0037711800000000003, 0.112079, 112.079
DataValue, 1.44, 0.001, 0.00377144, 0.11207700000000001, 112.077
DataValue, 1.46, 0.001, 0.0037700200000000002, 0.112075, 112.07499999999999
DataValue, 1.48, 0.001, 0.00377134, 0.11207700000000001, 112.077
DataValue, 1.5, 0.001, 0.00377178, 0.112073, 112.07300000000001
DataValue, 1.52, 0.001, 0.0037719999999999997, 0.11207400000000001, 112.07400000000001
DataValue, 1.54, 0.001, 0.0037711800000000003, 0.112075, 112.07499999999999
DataValue, 1.56, 0.001, 0.0037728799999999997, 0.112079, 112.079
DataValue, 1.58, 0.001, 0.00377324, 0.11207400000000001, 112.07400000000001
DataValue, 1.6, 0.001, 0.0037728600000000003, 0.11207100000000002, 112.07100000000001
DataValue, 1.62, 0.001, 0.00377316, 0.112069, 112.069
DataValue, 1.64, 0.001, 0.00377372, 0.11207700000000001, 112.077
DataValue, 1.66, 0.001, 0.00377372, 0.11207600000000001, 112.076
DataValue, 1.68, 0.001, 0.00377486, 0.11207800000000001, 112.07800000000002
DataValue, 1.7, 0.001, 0.0037739400000000004, 0.11207400000000001, 112.07400000000001
DataValue, 1.72, 0.001, 0.0037749000000000003, 0.11207400000000001, 112.07400000000001
DataValue, 1.74, 0.001, 0.00377562, 0.11207400000000001, 112.07400000000001
DataValue, 1.76, 0.001, 0.0037757999999999997, 0.11207100000000002, 112.07100000000001
DataValue, 1.78, 0.001, 0.0037770000000000004, 0.11207700000000001, 112.077
DataValue, 1.8, 0.001, 0.00377744, 0.11207400000000001, 112.07400000000001
DataValue, 1.82, 0.001, 0.0037784, 0.11208000000000001, 112.08
DataValue, 1.84, 0.001, 0.0037779600000000003, 0.112073, 112.07300000000001
DataValue, 1.86, 0.001, 0.00377954, 0.112073, 112.07300000000001
DataValue, 1.88, 0.001, 0.0037807, 0.112073, 112.07300000000001
DataValue, 1.9, 0.001, 0.00378062, 0.11207800000000001, 112.07800000000002
DataValue, 1.92, 0.001, 0.00378208, 0.112075, 112.07499999999999
DataValue, 1.94, 0.001, 0.0037831, 0.112075, 112.07499999999999
DataValue, 1.96, 0.001, 0.0037838200000000002, 0.11207400000000001, 112.07400000000001
DataValue, 1.98, 0.001, 0.00378416, 0.11207400000000001, 112.07400000000001
DataValue, 2, 0.001, 0.00378494, 0.112072, 112.07199999999999
DataValue, 2.02, 0.001, 0.00378774, 0.112075, 112.07499999999999
DataValue, 2.04, 0.001, 0.0037890199999999997, 0.112075, 112.07499999999999
DataValue, 2.06, 0.001, 0.00379026, 0.11207400000000001, 112.07400000000001
DataValue, 2.08, 0.001, 0.0037924400000000002, 0.11207800000000001, 112.07800000000002
DataValue, 2.1, 0.001, 0.0037942, 0.112068, 112.06799999999998
DataValue, 2.12, 0.001, 0.003796, 0.11207400000000001, 112.07400000000001
DataValue, 2.14, 0.001, 0.00379816, 0.11207, 112.07000000000001
DataValue, 2.16, 0.001, 0.00380022, 0.11207700000000001, 112.077
DataValue, 2.18, 0.001, 0.00380234, 0.11207600000000001, 112.076
DataValue, 2.2, 0.001, 0.00380552, 0.112075, 112.07499999999999
DataValue, 2.22, 0.001, 0.00380788, 0.11207400000000001, 112.07400000000001
DataValue, 2.24, 0.001, 0.00380936, 0.112073, 112.07300000000001
DataValue, 2.26, 0.001, 0.0038121, 0.11207100000000002, 112.07100000000001
DataValue, 2.28, 0.001, 0.00381644, 0.11207600000000001, 112.076
DataValue, 2.3, 0.001, 0.0038205200000000004, 0.112082, 112.082
DataValue, 2.32, 0.001, 0.0038242, 0.11208000000000001, 112.08
DataValue, 2.34, 0.001, 0.0038275, 0.11207700000000001, 112.077
DataValue, 2.36, 0.001, 0.00383112, 0.11207, 112.07000000000001
DataValue, 2.38, 0.001, 0.00383584, 0.112075, 112.07499999999999
DataValue, 2.4, 0.001, 0.0038405, 0.112075, 112.07499999999999
DataValue, 2.42, 0.001, 0.00384564, 0.11207700000000001, 112.077
DataValue, 2.44, 0.001, 0.00385014, 0.11207700000000001, 112.077
DataValue, 2.46, 0.001, 0.0038561000000000003, 0.11207800000000001, 112.07800000000002
DataValue, 2.48, 0.001, 0.00386044, 0.112075, 112.07499999999999
DataValue, 2.5, 0.001, 0.00386716, 0.11207700000000001, 112.077
DataValue, 2.52, 0.001, 0.00387384, 0.11207400000000001, 112.07400000000001
DataValue, 2.54, 0.001, 0.00387966, 0.112082, 112.082
DataValue, 2.56, 0.001, 0.0038872200000000003, 0.11207800000000001, 112.07800000000002
DataValue, 2.58, 0.001, 0.00389454, 0.11207800000000001, 112.07800000000002
DataValue, 2.6, 0.001, 0.00390232, 0.112075, 112.07499999999999
DataValue, 2.62, 0.001, 0.0039106800000000006, 0.112072, 112.07199999999999
DataValue, 2.64, 0.001, 0.0039187, 0.112073, 112.07300000000001
DataValue, 2.66, 0.001, 0.00392754, 0.11207800000000001, 112.07800000000002
DataValue, 2.68, 0.001, 0.00393674, 0.11208000000000001, 112.08
DataValue, 2.7, 0.001, 0.0039470600000000005, 0.112082, 112.082
DataValue, 2.72, 0.001, 0.0039575999999999995, 0.11207600000000001, 112.076
DataValue, 2.74, 0.001, 0.0039667, 0.11207600000000001, 112.076
DataValue, 2.76, 0.001, 0.00397818, 0.112073, 112.07300000000001
DataValue, 2.78, 0.001, 0.00399014, 0.11207700000000001, 112.077
DataValue, 2.8, 0.001, 0.0040019400000000007, 0.11207600000000001, 112.076
DataValue, 2.82, 0.001, 0.00401526, 0.112073, 112.07300000000001
DataValue, 2.84, 0.001, 0.00402876, 0.11207400000000001, 112.07400000000001
DataValue, 2.86, 0.001, 0.00404354, 0.112075, 112.07499999999999
DataValue, 2.88, 0.001, 0.0040583400000000006, 0.11207600000000001, 112.076
DataValue, 2.9, 0.001, 0.00407378, 0.11207800000000001, 112.07800000000002
DataValue, 2.92, 0.001, 0.00408972, 0.11207800000000001, 112.07800000000002
DataValue, 2.94, 0.001, 0.00410676, 0.11207700000000001, 112.077
DataValue, 2.96, 0.001, 0.00412402, 0.112075, 112.07499999999999
DataValue, 2.98, 0.001, 0.0041422, 0.11208499999999999, 112.085
DataValue, 3, 0.001, 0.00416132, 0.112083, 112.083
DataValue, 3, 0.001, 0.00415582, 0.112079, 112.079
DataValue, 2.98, 0.001, 0.00413192, 0.11208000000000001, 112.08
DataValue, 2.96, 0.001, 0.00411334, 0.11207800000000001, 112.07800000000002
DataValue, 2.94, 0.001, 0.0040945600000000006, 0.112083, 112.083
DataValue, 2.92, 0.001, 0.00407636, 0.11207700000000001, 112.077
DataValue, 2.9, 0.001, 0.0040605200000000006, 0.112075, 112.07499999999999
DataValue, 2.88, 0.001, 0.00404474, 0.11207400000000001, 112.07400000000001
DataValue, 2.86, 0.001, 0.0040294, 0.11207600000000001, 112.076
DataValue, 2.84, 0.001, 0.00401432, 0.112072, 112.07199999999999
DataValue, 2.82, 0.001, 0.00400118, 0.112073, 112.07300000000001
DataValue, 2.8, 0.001, 0.0039875, 0.11207700000000001, 112.077
DataValue, 2.78, 0.001, 0.00397562, 0.11207800000000001, 112.07800000000002
DataValue, 2.76, 0.001, 0.0039634200000000005, 0.11207600000000001, 112.076
DataValue, 2.74, 0.001, 0.00395052, 0.112072, 112.07199999999999
DataValue, 2.72, 0.001, 0.00393988, 0.11207400000000001, 112.07400000000001
DataValue, 2.7, 0.001, 0.00392912, 0.11207400000000001, 112.07400000000001
DataValue, 2.68, 0.001, 0.00391932, 0.11207100000000002, 112.07100000000001
DataValue, 2.66, 0.001, 0.0039095200000000005, 0.11207400000000001, 112.07400000000001
DataValue, 2.64, 0.001, 0.00390026, 0.112073, 112.07300000000001
DataValue, 2.62, 0.001, 0.00389162, 0.11207400000000001, 112.07400000000001
DataValue, 2.6, 0.001, 0.00388316, 0.11207, 112.07000000000001
DataValue, 2.58, 0.001, 0.00387512, 0.112075, 112.07499999999999
DataValue, 2.56, 0.001, 0.0038672399999999997, 0.112079, 112.079
DataValue, 2.54, 0.001, 0.0038614, 0.112075, 112.07499999999999
DataValue, 2.52, 0.001, 0.00385492, 0.112072, 112.07199999999999
DataValue, 2.5, 0.001, 0.0038474200000000003, 0.112073, 112.07300000000001
DataValue, 2.48, 0.001, 0.00384256, 0.11207, 112.07000000000001
DataValue, 2.46, 0.001, 0.0038354400000000003, 0.112073, 112.07300000000001
DataValue, 2.44, 0.001, 0.00383016, 0.112072, 112.07199999999999
DataValue, 2.42, 0.001, 0.00382402, 0.112073, 112.07300000000001
DataValue, 2.4, 0.001, 0.00382078, 0.112068, 112.06799999999998
DataValue, 2.38, 0.001, 0.0038145600000000003, 0.11207, 112.07000000000001
DataValue, 2.36, 0.001, 0.0038098200000000002, 0.112069, 112.069
DataValue, 2.34, 0.001, 0.00380612, 0.112069, 112.069
DataValue, 2.32, 0.001, 0.00380216, 0.112073, 112.07300000000001
DataValue, 2.3, 0.001, 0.0037981, 0.112073, 112.07300000000001
DataValue, 2.28, 0.001, 0.00379438, 0.112072, 112.07199999999999
DataValue, 2.26, 0.001, 0.00379132, 0.11207400000000001, 112.07400000000001
DataValue, 2.24, 0.001, 0.00378794, 0.11206700000000001, 112.06700000000001
DataValue, 2.22, 0.001, 0.00378516, 0.11207, 112.07000000000001
DataValue, 2.2, 0.001, 0.00378378, 0.11207800000000001, 112.07800000000002
DataValue, 2.18, 0.001, 0.00377984, 0.11207100000000002, 112.07100000000001
DataValue, 2.16, 0.001, 0.00377874, 0.11207100000000002, 112.07100000000001
DataValue, 2.14, 0.001, 0.00377628, 0.112068, 112.06799999999998
DataValue, 2.12, 0.001, 0.0037727, 0.112068, 112.06799999999998
DataValue, 2.1, 0.001, 0.0037704600000000002, 0.11207100000000002, 112.07100000000001
DataValue, 2.08, 0.001, 0.00376896, 0.11207400000000001, 112.07400000000001
DataValue, 2.06, 0.001, 0.00376722, 0.11207400000000001, 112.07400000000001
DataValue, 2.04, 0.001, 0.0037656800000000004, 0.112072, 112.07199999999999
DataValue, 2.02, 0.001, 0.0037641000000000003, 0.11207100000000002, 112.07100000000001
DataValue, 2, 0.001, 0.00376238, 0.112069, 112.069
DataValue, 1.98, 0.001, 0.00376072, 0.112069, 112.069
DataValue, 1.96, 0.001, 0.00375996, 0.11207700000000001, 112.077
DataValue, 1.94, 0.001, 0.00375888, 0.112073, 112.07300000000001
DataValue, 1.92, 0.001, 0.00375946, 0.11207100000000002, 112.07100000000001
DataValue, 1.9, 0.001, 0.0037578800000000003, 0.112068, 112.06799999999998
DataValue, 1.88, 0.001, 0.00375772, 0.11207, 112.07000000000001
DataValue, 1.86, 0.001, 0.00375546, 0.11207100000000002, 112.07100000000001
DataValue, 1.84, 0.001, 0.00375456, 0.11207100000000002, 112.07100000000001
DataValue, 1.82, 0.001, 0.00375356, 0.112069, 112.069
DataValue, 1.8, 0.001, 0.0037531599999999997, 0.112068, 112.06799999999998
DataValue, 1.78, 0.001, 0.0037521800000000004, 0.11206700000000001, 112.06700000000001
DataValue, 1.76, 0.001, 0.00375144, 0.112066, 112.066
DataValue, 1.74, 0.001, 0.00375098, 0.112075, 112.07499999999999
DataValue, 1.72, 0.001, 0.00375004, 0.11207, 112.07000000000001
DataValue, 1.7, 0.001, 0.0037499400000000002, 0.112068, 112.06799999999998
DataValue, 1.68, 0.001, 0.00374966, 0.112066, 112.066
DataValue, 1.66, 0.001, 0.00374912, 0.112066, 112.066
DataValue, 1.64, 0.001, 0.00374914, 0.112069, 112.069
DataValue, 1.62, 0.001, 0.00374886, 0.11207, 112.07000000000001
DataValue, 1.6, 0.001, 0.00374814, 0.11207100000000002, 112.07100000000001
DataValue, 1.58, 0.001, 0.0037478600000000004, 0.11207400000000001, 112.07400000000001
DataValue, 1.56, 0.001, 0.0037476600000000003, 0.112065, 112.065
DataValue, 1.54, 0.001, 0.00374704, 0.11207100000000002, 112.07100000000001
DataValue, 1.52, 0.001, 0.0037483200000000003, 0.112069, 112.069
DataValue, 1.5, 0.001, 0.00374708, 0.112066, 112.066
DataValue, 1.48, 0.001, 0.00374638, 0.11207100000000002, 112.07100000000001
DataValue, 1.46, 0.001, 0.0037465199999999997, 0.11207100000000002, 112.07100000000001
DataValue, 1.44, 0.001, 0.00374618, 0.112065, 112.065
DataValue, 1.42, 0.001, 0.00374558, 0.112066, 112.066
DataValue, 1.4, 0.001, 0.0037459, 0.112069, 112.069
DataValue, 1.38, 0.001, 0.0037451, 0.112072, 112.07199999999999
DataValue, 1.36, 0.001, 0.00374498, 0.112069, 112.069
DataValue, 1.34, 0.001, 0.00374458, 0.112069, 112.069
DataValue, 1.32, 0.001, 0.00374454, 0.11206700000000001, 112.06700000000001
DataValue, 1.3, 0.001, 0.0037438799999999998, 0.11206300000000001, 112.063
DataValue, 1.28, 0.001, 0.00374366, 0.112069, 112.069
DataValue, 1.26, 0.001, 0.0037435800000000003, 0.11207, 112.07000000000001
DataValue, 1.24, 0.001, 0.0037440600000000004, 0.112073, 112.07300000000001
DataValue, 1.22, 0.001, 0.0037451, 0.11206700000000001, 112.06700000000001
DataValue, 1.2, 0.001, 0.00374282, 0.112066, 112.066
DataValue, 1.18, 0.001, 0.0037424800000000003, 0.112069, 112.069
DataValue, 1.16, 0.001, 0.003742, 0.11207100000000002, 112.07100000000001
DataValue, 1.14, 0.001, 0.0037412200000000004, 0.112073, 112.07300000000001
DataValue, 1.12, 0.001, 0.00374136, 0.11207, 112.07000000000001
DataValue, 1.1, 0.001, 0.00374148, 0.11207, 112.07000000000001
DataValue, 1.08, 0.001, 0.0037404400000000003, 0.112065, 112.065
DataValue, 1.06, 0.001, 0.0037403000000000002, 0.11206700000000001, 112.06700000000001
DataValue, 1.04, 0.001, 0.00373952, 0.112068, 112.06799999999998
DataValue, 1.02, 0.001, 0.00373902, 0.11206100000000002, 112.061
DataValue, 1, 0.001, 0.0037393, 0.112072, 112.07199999999999
DataValue, 0.98000000000000009, 0.001, 0.0037399, 0.112068, 112.06799999999998
DataValue, 0.96, 0.001, 0.0037376, 0.112066, 112.066
DataValue, 0.94000000000000006, 0.001, 0.0037370199999999998, 0.112069, 112.069
DataValue, 0.91999999999999993, 0.001, 0.00373642, 0.112069, 112.069
DataValue, 0.9, 0.001, 0.0037355, 0.112062, 112.062
DataValue, 0.88000000000000012, 0.001, 0.00373462, 0.112072, 112.07199999999999
DataValue, 0.86, 0.001, 0.00373388, 0.112066, 112.066
DataValue, 0.84000000000000008, 0.001, 0.0037331, 0.112069, 112.069
DataValue, 0.82, 0.001, 0.0037321, 0.112065, 112.065
DataValue, 0.8, 0.001, 0.00373264, 0.112066, 112.066
DataValue, 0.78, 0.001, 0.00373104, 0.112069, 112.069
DataValue, 0.76, 0.001, 0.0037303600000000003, 0.112069, 112.069
DataValue, 0.7400000000000001, 0.001, 0.0037294999999999997, 0.11206700000000001, 112.06700000000001
DataValue, 0.72000000000000008, 0.001, 0.00372788, 0.112066, 112.066
DataValue, 0.70000000000000007, 0.001, 0.00372654, 0.112066, 112.066
DataValue, 0.68, 0.001, 0.00372552, 0.11207, 112.07000000000001
DataValue, 0.66, 0.001, 0.0037241, 0.112068, 112.06799999999998
DataValue, 0.64000000000000012, 0.001, 0.00372408, 0.112069, 112.069
DataValue, 0.62000000000000011, 0.001, 0.00372368, 0.112065, 112.065
DataValue, 0.60000000000000009, 0.001, 0.0037200600000000003, 0.112066, 112.066
DataValue, 0.58, 0.001, 0.0037185800000000004, 0.112066, 112.066
DataValue, 0.55999999999999994, 0.001, 0.00371686, 0.11206400000000001, 112.06400000000001
DataValue, 0.54, 0.001, 0.00371466, 0.112066, 112.066
DataValue, 0.52, 0.001, 0.00371298, 0.11206700000000001, 112.06700000000001
DataValue, 0.5, 0.001, 0.00371046, 0.11206700000000001, 112.06700000000001
DataValue, 0.48, 0.001, 0.00370794, 0.112068, 112.06799999999998
DataValue, 0.45999999999999996, 0.001, 0.00370534, 0.11206400000000001, 112.06400000000001
DataValue, 0.44000000000000006, 0.001, 0.0037027600000000003, 0.11207, 112.07000000000001
DataValue, 0.42000000000000004, 0.001, 0.0036999800000000003, 0.112069, 112.069
DataValue, 0.4, 0.001, 0.0036962, 0.11207100000000002, 112.07100000000001
DataValue, 0.38, 0.001, 0.00369182, 0.112066, 112.066
DataValue, 0.36000000000000004, 0.001, 0.00368776, 0.112069, 112.069
DataValue, 0.34, 0.001, 0.00368236, 0.11206700000000001, 112.06700000000001
DataValue, 0.32000000000000006, 0.001, 0.0036768800000000004, 0.112066, 112.066
DataValue, 0.30000000000000004, 0.001, 0.003666, 0.112069, 112.069
DataValue, 0.27999999999999997, 0.001, 0.00365256, 0.11206700000000001, 112.06700000000001
DataValue, 0.26, 0.001, 0.0036331000000000002, 0.11206400000000001, 112.06400000000001
DataValue, 0.24, 0.001, 0.0036003, 0.112062, 112.062
DataValue, 0.22000000000000003, 0.001, 0.0035448, 0.11206, 112.06
DataValue, 0.2, 0.001, 0.0034492600000000004, 0.112065, 112.065
DataValue, 0.18000000000000002, 0.001, 0.00328268, 0.11206100000000002, 112.061
DataValue, 0.16000000000000003, 0.001, 0.0030164000000000002, 0.11206100000000002, 112.061
DataValue, 0.13999999999999999, 0.001, 0.0026255000000000002, 0.11204700000000001, 112.04700000000001
DataValue, 0.12, 0.001, 0.00213144, 0.112043, 112.043
DataValue, 0.1, 0.001, 0.00158244, 0.112032, 112.032
DataValue, 0.08, 0.001, 0.0010479, 0.112025, 112.02499999999999
DataValue, 0.06, 0.001, 0.000611306, 0.11201700000000002, 112.01700000000001
DataValue, 0.04, 0.001, 0.000294762, 0.112016, 112.016
DataValue, 0.02, 0.001, 9.8168000000000013E-05, 0.112012, 112.012
DataValue, 0, 0.001, -4.42975E-06, 0.112007, 112.00699999999999
DataValue, 0, 0.001, -2.62082E-06, 0.11201300000000002, 112.013
DataValue, 0.02, 0.001, 0.00019974600000000002, 0.112018, 112.018
DataValue, 0.04, 0.001, 0.00055087000000000007, 0.112014, 112.014
DataValue, 0.06, 0.001, 0.001079928, 0.11202600000000001, 112.02600000000001
DataValue, 0.08, 0.001, 0.0017863800000000002, 0.11203700000000001, 112.037
DataValue, 0.1, 0.001, 0.0026334, 0.112046, 112.046
DataValue, 0.12, 0.001, 0.00353054, 0.112062, 112.062
DataValue, 0.13999999999999999, 0.001, 0.0044109200000000005, 0.112075, 112.07499999999999
DataValue, 0.16000000000000003, 0.001, 0.00521474, 0.112087, 112.087
DataValue, 0.18000000000000002, 0.001, 0.00587628, 0.112101, 112.101
DataValue, 0.2, 0.001, 0.0063835, 0.112109, 112.109
DataValue, 0.22000000000000003, 0.001, 0.00673036, 0.11211500000000002, 112.11500000000001
DataValue, 0.24, 0.001, 0.0069541199999999994, 0.11211800000000001, 112.11800000000001
DataValue, 0.26, 0.001, 0.00709272, 0.11212, 112.12
DataValue, 0.27999999999999997, 0.001, 0.00717744, 0.11212100000000001, 112.12100000000001
DataValue, 0.30000000000000004, 0.001, 0.00723128, 0.112114, 112.114
DataValue, 0.32000000000000006, 0.001, 0.00726724, 0.11212200000000001, 112.12200000000001
DataValue, 0.34, 0.001, 0.0072920400000000005, 0.112123, 112.12299999999999
DataValue, 0.36000000000000004, 0.001, 0.007311, 0.11211700000000001, 112.117
DataValue, 0.38, 0.001, 0.0073259200000000005, 0.11211700000000001, 112.117
DataValue, 0.4, 0.001, 0.0073372, 0.11211700000000001, 112.117
DataValue, 0.42000000000000004, 0.001, 0.00734684, 0.112124, 112.124
DataValue, 0.44000000000000006, 0.001, 0.00735628, 0.112126, 112.12599999999999
DataValue, 0.45999999999999996, 0.001, 0.0073633, 0.11212200000000001, 112.12200000000001
DataValue, 0.48, 0.001, 0.0073699, 0.11212200000000001, 112.12200000000001
DataValue, 0.5, 0.001, 0.00737536, 0.11211800000000001, 112.11800000000001
DataValue, 0.52, 0.001, 0.00738056, 0.112123, 112.12299999999999
DataValue, 0.54, 0.001, 0.00738454, 0.112126, 112.12599999999999
DataValue, 0.55999999999999994, 0.001, 0.00738826, 0.11212500000000002, 112.12500000000001
DataValue, 0.58, 0.001, 0.00739344, 0.11212200000000001, 112.12200000000001
DataValue, 0.60000000000000009, 0.001, 0.00739666, 0.11212100000000001, 112.12100000000001
DataValue, 0.62000000000000011, 0.001, 0.0074002, 0.11211800000000001, 112.11800000000001
DataValue, 0.64000000000000012, 0.001, 0.00740254, 0.11211500000000002, 112.11500000000001
DataValue, 0.66, 0.001, 0.00740568, 0.112124, 112.124
DataValue, 0.68, 0.001, 0.00740846, 0.11212500000000002, 112.12500000000001
DataValue, 0.70000000000000007, 0.001, 0.0074108, 0.112123, 112.12299999999999
DataValue, 0.72000000000000008, 0.001, 0.00741306, 0.11212500000000002, 112.12500000000001
DataValue, 0.7400000000000001, 0.001, 0.00741476, 0.11211800000000001, 112.11800000000001
DataValue, 0.76, 0.001, 0.00741522, 0.112127, 112.127
DataValue, 0.78, 0.001, 0.0074166, 0.112124, 112.124
DataValue, 0.8, 0.001, 0.0074181800000000008, 0.112124, 112.124
DataValue, 0.82, 0.001, 0.0074208, 0.11212100000000001, 112.12100000000001
DataValue, 0.84000000000000008, 0.001, 0.00742178, 0.11211800000000001, 112.11800000000001
DataValue, 0.86, 0.001, 0.0074236000000000007, 0.11212, 112.12
DataValue, 0.88000000000000012, 0.001, 0.0074249, 0.11212100000000001, 112.12100000000001
DataValue, 0.9, 0.001, 0.00742546, 0.11212, 112.12
DataValue, 0.91999999999999993, 0.001, 0.00742678, 0.112123, 112.12299999999999
DataValue, 0.94000000000000006, 0.001, 0.0074282, 0.112124, 112.124
DataValue, 0.96, 0.001, 0.0074294, 0.11211700000000001, 112.117
DataValue, 0.98000000000000009, 0.001, 0.00742966, 0.112119, 112.11899999999999
DataValue, 1, 0.001, 0.00743038, 0.11212200000000001, 112.12200000000001
DataValue, 1.02, 0.001, 0.0074305199999999995, 0.112123, 112.12299999999999
DataValue, 1.04, 0.001, 0.0074300600000000005, 0.112119, 112.11899999999999
DataValue, 1.06, 0.001, 0.0074319, 0.11211700000000001, 112.117
DataValue, 1.08, 0.001, 0.007432, 0.11211700000000001, 112.117
DataValue, 1.1, 0.001, 0.00743264, 0.11211700000000001, 112.117
DataValue, 1.12, 0.001, 0.0074328000000000007, 0.11212200000000001, 112.12200000000001
DataValue, 1.14, 0.001, 0.00743278, 0.11212, 112.12
DataValue, 1.16, 0.001, 0.0074333600000000008, 0.112119, 112.11899999999999
DataValue, 1.18, 0.001, 0.0074319600000000005, 0.11212, 112.12
DataValue, 1.2, 0.001, 0.00743338, 0.112119, 112.11899999999999
DataValue, 1.22, 0.001, 0.00743388, 0.112119, 112.11899999999999
DataValue, 1.24, 0.001, 0.0074333, 0.11212500000000002, 112.12500000000001
DataValue, 1.26, 0.001, 0.00743376, 0.11212200000000001, 112.12200000000001
DataValue, 1.28, 0.001, 0.0074333600000000008, 0.11212200000000001, 112.12200000000001
DataValue, 1.3, 0.001, 0.0074337000000000006, 0.112119, 112.11899999999999
DataValue, 1.32, 0.001, 0.0074337000000000006, 0.11211700000000001, 112.117
DataValue, 1.34, 0.001, 0.0074328000000000007, 0.11211700000000001, 112.117
DataValue, 1.36, 0.001, 0.0074332, 0.11212, 112.12
DataValue, 1.38, 0.001, 0.00743288, 0.112126, 112.12599999999999
DataValue, 1.4, 0.001, 0.0074324199999999995, 0.112124, 112.124
DataValue, 1.42, 0.001, 0.0074335000000000009, 0.11211700000000001, 112.117
DataValue, 1.44, 0.001, 0.00743228, 0.11212, 112.12
DataValue, 1.46, 0.001, 0.00743284, 0.11211500000000002, 112.11500000000001
DataValue, 1.48, 0.001, 0.0074309000000000007, 0.112126, 112.12599999999999
DataValue, 1.5, 0.001, 0.00743126, 0.112124, 112.124
DataValue, 1.52, 0.001, 0.00743236, 0.11212899999999999, 112.12899999999999
DataValue, 1.54, 0.001, 0.00743184, 0.11212, 112.12
DataValue, 1.56, 0.001, 0.0074303400000000006, 0.112116, 112.116
DataValue, 1.58, 0.001, 0.00743154, 0.11211800000000001, 112.11800000000001
DataValue, 1.6, 0.001, 0.0074305000000000005, 0.11212100000000001, 112.12100000000001
DataValue, 1.62, 0.001, 0.0074307800000000005, 0.11212, 112.12
DataValue, 1.64, 0.001, 0.0074298, 0.112119, 112.11899999999999
DataValue, 1.66, 0.001, 0.00743014, 0.112114, 112.114
DataValue, 1.68, 0.001, 0.00742996, 0.112119, 112.11899999999999
DataValue, 1.7, 0.001, 0.0074292800000000008, 0.11211800000000001, 112.11800000000001
DataValue, 1.72, 0.001, 0.0074288999999999996, 0.11211700000000001, 112.117
DataValue, 1.74, 0.001, 0.00742918, 0.112123, 112.12299999999999
DataValue, 1.76, 0.001, 0.0074297000000000009, 0.11211500000000002, 112.11500000000001
DataValue, 1.78, 0.001, 0.00743008, 0.11212, 112.12
DataValue, 1.8, 0.001, 0.0074303600000000004, 0.112116, 112.116
DataValue, 1.82, 0.001, 0.0074294200000000008, 0.11211700000000001, 112.117
DataValue, 1.84, 0.001, 0.0074293399999999996, 0.11212, 112.12
DataValue, 1.86, 0.001, 0.00742838, 0.11212200000000001, 112.12200000000001
DataValue, 1.88, 0.001, 0.0074271000000000007, 0.11212200000000001, 112.12200000000001
DataValue, 1.9, 0.001, 0.00742938, 0.11211700000000001, 112.117
DataValue, 1.92, 0.001, 0.00743014, 0.11211500000000002, 112.11500000000001
DataValue, 1.94, 0.001, 0.00743056, 0.112124, 112.124
DataValue, 1.96, 0.001, 0.00743124, 0.112124, 112.124
DataValue, 1.98, 0.001, 0.00743184, 0.11211500000000002, 112.11500000000001
DataValue, 2, 0.001, 0.0074317, 0.11211700000000001, 112.117
DataValue, 2.02, 0.001, 0.00743366, 0.112123, 112.12299999999999
DataValue, 2.04, 0.001, 0.00743404, 0.112116, 112.116
DataValue, 2.06, 0.001, 0.007435, 0.11211500000000002, 112.11500000000001
DataValue, 2.08, 0.001, 0.0074373600000000005, 0.11212100000000001, 112.12100000000001
DataValue, 2.1, 0.001, 0.00743788, 0.11212, 112.12
DataValue, 2.12, 0.001, 0.00744006, 0.11212, 112.12
DataValue, 2.14, 0.001, 0.0074418, 0.112119, 112.11899999999999
DataValue, 2.16, 0.001, 0.00744326, 0.112119, 112.11899999999999
DataValue, 2.18, 0.001, 0.00744472, 0.11211800000000001, 112.11800000000001
DataValue, 2.2, 0.001, 0.0074478999999999995, 0.11211800000000001, 112.11800000000001
DataValue, 2.22, 0.001, 0.00745, 0.11212, 112.12
DataValue, 2.24, 0.001, 0.007453, 0.11212, 112.12
DataValue, 2.26, 0.001, 0.00745618, 0.11211800000000001, 112.11800000000001
DataValue, 2.28, 0.001, 0.0074598000000000008, 0.112119, 112.11899999999999
DataValue, 2.3, 0.001, 0.00746188, 0.11212200000000001, 112.12200000000001
DataValue, 2.32, 0.001, 0.00746704, 0.112126, 112.12599999999999
DataValue, 2.34, 0.001, 0.0074710400000000008, 0.112119, 112.11899999999999
DataValue, 2.36, 0.001, 0.0074748, 0.112119, 112.11899999999999
DataValue, 2.38, 0.001, 0.0074795, 0.11211700000000001, 112.117
DataValue, 2.4, 0.001, 0.00748518, 0.11212200000000001, 112.12200000000001
DataValue, 2.42, 0.001, 0.00749036, 0.112126, 112.12599999999999
DataValue, 2.44, 0.001, 0.00749522, 0.112123, 112.12299999999999
DataValue, 2.46, 0.001, 0.0075023799999999995, 0.11211500000000002, 112.11500000000001
DataValue, 2.48, 0.001, 0.00750912, 0.11212, 112.12
DataValue, 2.5, 0.001, 0.00751512, 0.112119, 112.11899999999999
DataValue, 2.52, 0.001, 0.00752196, 0.112124, 112.124
DataValue, 2.54, 0.001, 0.0075305799999999994, 0.11212200000000001, 112.12200000000001
DataValue, 2.56, 0.001, 0.007537620000000001, 0.11212, 112.12
DataValue, 2.58, 0.001, 0.00754714, 0.11211800000000001, 112.11800000000001
DataValue, 2.6, 0.001, 0.00755652, 0.112119, 112.11899999999999
DataValue, 2.62, 0.001, 0.0075656800000000008, 0.112119, 112.11899999999999
DataValue, 2.64, 0.001, 0.00757574, 0.11212200000000001, 112.12200000000001
DataValue, 2.66, 0.001, 0.00758554, 0.11212200000000001, 112.12200000000001
DataValue, 2.68, 0.001, 0.00759756, 0.11212200000000001, 112.12200000000001
DataValue, 2.7, 0.001, 0.0076102600000000006, 0.112126, 112.12599999999999
DataValue, 2.72, 0.001, 0.0076223, 0.11211800000000001, 112.11800000000001
DataValue, 2.74, 0.001, 0.0076361200000000006, 0.112126, 112.12599999999999
DataValue, 2.76, 0.001, 0.00764992, 0.11212, 112.12
DataValue, 2.78, 0.001, 0.0076632800000000006, 0.112119, 112.11899999999999
DataValue, 2.8, 0.001, 0.00767862, 0.11212200000000001, 112.12200000000001
DataValue, 2.82, 0.001, 0.00769474, 0.11212200000000001, 112.12200000000001
DataValue, 2.84, 0.001, 0.0077111400000000009, 0.11212899999999999, 112.12899999999999
DataValue, 2.86, 0.001, 0.0077276800000000007, 0.112126, 112.12599999999999
DataValue, 2.88, 0.001, 0.00774514, 0.11212500000000002, 112.12500000000001
DataValue, 2.9, 0.001, 0.00776506, 0.11212500000000002, 112.12500000000001
DataValue, 2.92, 0.001, 0.00778412, 0.11212200000000001, 112.12200000000001
DataValue, 2.94, 0.001, 0.00780562, 0.112123, 112.12299999999999
DataValue, 2.96, 0.001, 0.0078271, 0.11212200000000001, 112.12200000000001
DataValue, 2.98, 0.001, 0.0078495, 0.112128, 112.128
DataValue, 3, 0.001, 0.007873380000000001, 0.112127, 112.127
DataValue, 3, 0.001, 0.0078678400000000009, 0.112128, 112.128
DataValue, 2.98, 0.001, 0.0078392200000000009, 0.112127, 112.127
DataValue, 2.96, 0.001, 0.0078157, 0.11212100000000001, 112.12100000000001
DataValue, 2.94, 0.001, 0.00779188, 0.112123, 112.12299999999999
DataValue, 2.92, 0.001, 0.00776864, 0.112124, 112.124
DataValue, 2.9, 0.001, 0.0077480000000000005, 0.11213200000000001, 112.132
DataValue, 2.88, 0.001, 0.00772774, 0.11212500000000002, 112.12500000000001
DataValue, 2.86, 0.001, 0.00770848, 0.112126, 112.12599999999999
DataValue, 2.84, 0.001, 0.0076900399999999995, 0.11212, 112.12
DataValue, 2.82, 0.001, 0.00767316, 0.112128, 112.128
DataValue, 2.8, 0.001, 0.0076565, 0.112124, 112.124
DataValue, 2.78, 0.001, 0.00764018, 0.11211800000000001, 112.11800000000001
DataValue, 2.76, 0.001, 0.00762514, 0.11211800000000001, 112.11800000000001
DataValue, 2.74, 0.001, 0.0076101400000000005, 0.11212100000000001, 112.12100000000001
DataValue, 2.72, 0.001, 0.00759672, 0.112124, 112.124
DataValue, 2.7, 0.001, 0.0075838200000000007, 0.11212200000000001, 112.12200000000001
DataValue, 2.68, 0.001, 0.00757122, 0.112123, 112.12299999999999
DataValue, 2.66, 0.001, 0.0075591999999999994, 0.11212200000000001, 112.12200000000001
DataValue, 2.64, 0.001, 0.0075475199999999994, 0.112114, 112.114
DataValue, 2.62, 0.001, 0.0075366600000000006, 0.112114, 112.114
DataValue, 2.6, 0.001, 0.00752642, 0.11212, 112.12
DataValue, 2.58, 0.001, 0.00751602, 0.112119, 112.11899999999999
DataValue, 2.56, 0.001, 0.00750782, 0.11211800000000001, 112.11800000000001
DataValue, 2.54, 0.001, 0.0074989800000000006, 0.112123, 112.12299999999999
DataValue, 2.52, 0.001, 0.0074914199999999995, 0.112114, 112.114
DataValue, 2.5, 0.001, 0.00748424, 0.11211700000000001, 112.117
DataValue, 2.48, 0.001, 0.0074757800000000004, 0.11211500000000002, 112.11500000000001
DataValue, 2.46, 0.001, 0.00746952, 0.112123, 112.12299999999999
DataValue, 2.44, 0.001, 0.00746216, 0.112123, 112.12299999999999
DataValue, 2.42, 0.001, 0.00745624, 0.11212100000000001, 112.12100000000001
DataValue, 2.4, 0.001, 0.0074502, 0.112116, 112.116
DataValue, 2.38, 0.001, 0.00744556, 0.11212200000000001, 112.12200000000001
DataValue, 2.36, 0.001, 0.0074398200000000006, 0.11211700000000001, 112.117
DataValue, 2.34, 0.001, 0.0074343000000000005, 0.11211199999999999, 112.112
DataValue, 2.32, 0.001, 0.0074305000000000005, 0.11211100000000002, 112.111
DataValue, 2.3, 0.001, 0.0074285800000000006, 0.11211100000000002, 112.111
DataValue, 2.28, 0.001, 0.00742248, 0.11211700000000001, 112.117
DataValue, 2.26, 0.001, 0.00741808, 0.112114, 112.114
DataValue, 2.24, 0.001, 0.00741506, 0.11212, 112.12
DataValue, 2.22, 0.001, 0.00741218, 0.11211500000000002, 112.11500000000001
DataValue, 2.2, 0.001, 0.0074096200000000004, 0.11212200000000001, 112.12200000000001
DataValue, 2.18, 0.001, 0.00740696, 0.11211700000000001, 112.117
DataValue, 2.16, 0.001, 0.0074045199999999995, 0.11211700000000001, 112.117
DataValue, 2.14, 0.001, 0.00740224, 0.11211800000000001, 112.11800000000001
DataValue, 2.12, 0.001, 0.0074005200000000007, 0.11211700000000001, 112.117
DataValue, 2.1, 0.001, 0.00739908, 0.112124, 112.124
DataValue, 2.08, 0.001, 0.00739656, 0.112119, 112.11899999999999
DataValue, 2.06, 0.001, 0.0073967200000000007, 0.112114, 112.114
DataValue, 2.04, 0.001, 0.0073938400000000005, 0.11212, 112.12
DataValue, 2.02, 0.001, 0.0073922, 0.11211500000000002, 112.11500000000001
DataValue, 2, 0.001, 0.00739044, 0.112119, 112.11899999999999
DataValue, 1.98, 0.001, 0.0073902, 0.11211800000000001, 112.11800000000001
DataValue, 1.96, 0.001, 0.00738908, 0.11212, 112.12
DataValue, 1.94, 0.001, 0.00738694, 0.112113, 112.113
DataValue, 1.92, 0.001, 0.00738616, 0.112114, 112.114
DataValue, 1.9, 0.001, 0.0073862, 0.11211800000000001, 112.11800000000001
DataValue, 1.88, 0.001, 0.0073874000000000006, 0.112116, 112.116
DataValue, 1.86, 0.001, 0.00738876, 0.11211800000000001, 112.11800000000001
DataValue, 1.84, 0.001, 0.0073859600000000004, 0.11212200000000001, 112.12200000000001
DataValue, 1.82, 0.001, 0.0073871200000000005, 0.11211500000000002, 112.11500000000001
DataValue, 1.8, 0.001, 0.00738624, 0.11211700000000001, 112.117
DataValue, 1.78, 0.001, 0.00738496, 0.112113, 112.113
DataValue, 1.76, 0.001, 0.00738544, 0.11211700000000001, 112.117
DataValue, 1.74, 0.001, 0.00738516, 0.11211700000000001, 112.117
DataValue, 1.72, 0.001, 0.0073842, 0.11212100000000001, 112.12100000000001
DataValue, 1.7, 0.001, 0.00738426, 0.112123, 112.12299999999999
DataValue, 1.68, 0.001, 0.0073841, 0.11211700000000001, 112.117
DataValue, 1.66, 0.001, 0.0073839, 0.11211100000000002, 112.111
DataValue, 1.64, 0.001, 0.0073849200000000005, 0.11211700000000001, 112.117
DataValue, 1.62, 0.001, 0.0073849, 0.11211700000000001, 112.117
DataValue, 1.6, 0.001, 0.0073856200000000007, 0.11211700000000001, 112.117
DataValue, 1.58, 0.001, 0.0073855000000000006, 0.11211800000000001, 112.11800000000001
DataValue, 1.56, 0.001, 0.00738496, 0.112114, 112.114
DataValue, 1.54, 0.001, 0.0073861, 0.11211800000000001, 112.11800000000001
DataValue, 1.52, 0.001, 0.0073859000000000008, 0.112119, 112.11899999999999
DataValue, 1.5, 0.001, 0.0073851, 0.11211500000000002, 112.11500000000001
DataValue, 1.48, 0.001, 0.0073852399999999995, 0.112116, 112.116
DataValue, 1.46, 0.001, 0.00738568, 0.112113, 112.113
DataValue, 1.44, 0.001, 0.0073868200000000005, 0.112114, 112.114
DataValue, 1.42, 0.001, 0.0073879, 0.11211700000000001, 112.117
DataValue, 1.4, 0.001, 0.0073891600000000005, 0.11212100000000001, 112.12100000000001
DataValue, 1.38, 0.001, 0.0073879, 0.11211800000000001, 112.11800000000001
DataValue, 1.36, 0.001, 0.00738784, 0.11211700000000001, 112.117
DataValue, 1.34, 0.001, 0.0073869800000000005, 0.112116, 112.116
DataValue, 1.32, 0.001, 0.0073871200000000005, 0.112113, 112.113
DataValue, 1.3, 0.001, 0.00738662, 0.11211700000000001, 112.117
DataValue, 1.28, 0.001, 0.0073871000000000006, 0.112113, 112.113
DataValue, 1.26, 0.001, 0.0073876600000000008, 0.11211800000000001, 112.11800000000001
DataValue, 1.24, 0.001, 0.00738644, 0.11211100000000002, 112.111
DataValue, 1.22, 0.001, 0.00738638, 0.11211700000000001, 112.117
DataValue, 1.2, 0.001, 0.00738674, 0.112114, 112.114
DataValue, 1.18, 0.001, 0.00738658, 0.11211800000000001, 112.11800000000001
DataValue, 1.16, 0.001, 0.00738634, 0.11211800000000001, 112.11800000000001
DataValue, 1.14, 0.001, 0.00738718, 0.112116, 112.116
DataValue, 1.12, 0.001, 0.0073876600000000008, 0.11211700000000001, 112.117
DataValue, 1.1, 0.001, 0.00738612, 0.11211700000000001, 112.117
DataValue, 1.08, 0.001, 0.00738566, 0.11211199999999999, 112.112
DataValue, 1.06, 0.001, 0.00738546, 0.11211800000000001, 112.11800000000001
DataValue, 1.04, 0.001, 0.00738468, 0.112113, 112.113
DataValue, 1.02, 0.001, 0.0073846, 0.11211500000000002, 112.11500000000001
DataValue, 1, 0.001, 0.00738408, 0.112119, 112.11899999999999
DataValue, 0.98000000000000009, 0.001, 0.00738418, 0.112119, 112.11899999999999
DataValue, 0.96, 0.001, 0.007383, 0.11211, 112.11
DataValue, 0.94000000000000006, 0.001, 0.00738234, 0.11211500000000002, 112.11500000000001
DataValue, 0.91999999999999993, 0.001, 0.0073815, 0.11211700000000001, 112.117
DataValue, 0.9, 0.001, 0.00738056, 0.112119, 112.11899999999999
DataValue, 0.88000000000000012, 0.001, 0.0073812600000000006, 0.11211500000000002, 112.11500000000001
DataValue, 0.86, 0.001, 0.00737918, 0.11211800000000001, 112.11800000000001
DataValue, 0.84000000000000008, 0.001, 0.0073777999999999995, 0.112116, 112.116
DataValue, 0.82, 0.001, 0.0073760399999999995, 0.11211500000000002, 112.11500000000001
DataValue, 0.8, 0.001, 0.0073771800000000005, 0.11211700000000001, 112.117
DataValue, 0.78, 0.001, 0.0073743600000000008, 0.11211700000000001, 112.117
DataValue, 0.76, 0.001, 0.00737318, 0.112113, 112.113
DataValue, 0.7400000000000001, 0.001, 0.0073715000000000004, 0.11211500000000002, 112.11500000000001
DataValue, 0.72000000000000008, 0.001, 0.00736964, 0.11211800000000001, 112.11800000000001
DataValue, 0.70000000000000007, 0.001, 0.0073678200000000006, 0.11212200000000001, 112.12200000000001
DataValue, 0.68, 0.001, 0.0073662400000000005, 0.112113, 112.113
DataValue, 0.66, 0.001, 0.00736394, 0.112113, 112.113
DataValue, 0.64000000000000012, 0.001, 0.00736162, 0.112113, 112.113
DataValue, 0.62000000000000011, 0.001, 0.0073587999999999995, 0.112114, 112.114
DataValue, 0.60000000000000009, 0.001, 0.0073564999999999993, 0.112113, 112.113
DataValue, 0.58, 0.001, 0.00735224, 0.112114, 112.114
DataValue, 0.55999999999999994, 0.001, 0.00734788, 0.11211500000000002, 112.11500000000001
DataValue, 0.54, 0.001, 0.00734516, 0.112116, 112.116
DataValue, 0.52, 0.001, 0.0073403, 0.112116, 112.116
DataValue, 0.5, 0.001, 0.00733674, 0.112114, 112.114
DataValue, 0.48, 0.001, 0.0073304600000000004, 0.112113, 112.113
DataValue, 0.45999999999999996, 0.001, 0.00732348, 0.11211100000000002, 112.111
DataValue, 0.44000000000000006, 0.001, 0.00731656, 0.11211500000000002, 112.11500000000001
DataValue, 0.42000000000000004, 0.001, 0.00730814, 0.112114, 112.114
DataValue, 0.4, 0.001, 0.0073002000000000006, 0.11211199999999999, 112.112
DataValue, 0.38, 0.001, 0.00728814, 0.11211199999999999, 112.112
DataValue, 0.36000000000000004, 0.001, 0.00727422, 0.11211100000000002, 112.111
DataValue, 0.34, 0.001, 0.0072559, 0.11212, 112.12
DataValue, 0.32000000000000006, 0.001, 0.00723148, 0.112114, 112.114
DataValue, 0.30000000000000004, 0.001, 0.0071963999999999995, 0.11211100000000002, 112.111
DataValue, 0.27999999999999997, 0.001, 0.00714304, 0.11211, 112.11
DataValue, 0.26, 0.001, 0.00705868, 0.112106, 112.106
DataValue, 0.24, 0.001, 0.0069211600000000009, 0.11211100000000002, 112.111
DataValue, 0.22000000000000003, 0.001, 0.00669816, 0.11211, 112.11
DataValue, 0.2, 0.001, 0.00635162, 0.1121, 112.1
DataValue, 0.18000000000000002, 0.001, 0.00584606, 0.112097, 112.09700000000001
DataValue, 0.16000000000000003, 0.001, 0.00518634, 0.112079, 112.079
DataValue, 0.13999999999999999, 0.001, 0.00438498, 0.11206700000000001, 112.06700000000001
DataValue, 0.12, 0.001, 0.00350772, 0.11205700000000002, 112.057
DataValue, 0.1, 0.001, 0.00261368, 0.112041, 112.041
DataValue, 0.08, 0.001, 0.0017707, 0.112029, 112.029
DataValue, 0.06, 0.001, 0.00106568, 0.112018, 112.018
DataValue, 0.04, 0.001, 0.000542486, 0.112014, 112.014
DataValue, 0.02, 0.001, 0.000191176, 0.11200300000000002, 112.00300000000001
DataValue, 0, 0.001, -5.28521E-06, 0.11200300000000002, 112.00300000000001
DataValue, 0, 0.001, -3.39089E-06, 0.11200600000000001, 112.006
DataValue, 0.02, 0.001, 0.000281392, 0.11200399999999999, 112.00399999999999
DataValue, 0.04, 0.001, 0.000755796, 0.11201000000000001, 112.01
DataValue, 0.06, 0.001, 0.00143998, 0.11202600000000001, 112.02600000000001
DataValue, 0.08, 0.001, 0.0023256600000000002, 0.112035, 112.035
DataValue, 0.1, 0.001, 0.0033668200000000004, 0.112052, 112.05199999999999
DataValue, 0.12, 0.001, 0.0044745600000000007, 0.112065, 112.065
DataValue, 0.13999999999999999, 0.001, 0.00559348, 0.11208499999999999, 112.085
DataValue, 0.16000000000000003, 0.001, 0.0066757, 0.11210500000000001, 112.105
DataValue, 0.18000000000000002, 0.001, 0.00765464, 0.11212, 112.12
DataValue, 0.2, 0.001, 0.00851232, 0.112133, 112.133
DataValue, 0.22000000000000003, 0.001, 0.00920716, 0.11213800000000002, 112.138
DataValue, 0.24, 0.001, 0.00973942, 0.11214900000000001, 112.14900000000002
DataValue, 0.26, 0.001, 0.01012478, 0.11215900000000001, 112.159
DataValue, 0.27999999999999997, 0.001, 0.01038136, 0.11216200000000001, 112.162
DataValue, 0.30000000000000004, 0.001, 0.010552619999999999, 0.11216200000000001, 112.162
DataValue, 0.32000000000000006, 0.001, 0.010662240000000002, 0.11215900000000001, 112.159
DataValue, 0.34, 0.001, 0.01073588, 0.112164, 112.164
DataValue, 0.36000000000000004, 0.001, 0.010790560000000001, 0.112164, 112.164
DataValue, 0.38, 0.001, 0.0108284, 0.11217200000000001, 112.17200000000001
DataValue, 0.4, 0.001, 0.01085472, 0.11216900000000002, 112.16900000000001
DataValue, 0.42000000000000004, 0.001, 0.01087804, 0.11216600000000002, 112.16600000000001
DataValue, 0.44000000000000006, 0.001, 0.0108977, 0.112163, 112.163
DataValue, 0.45999999999999996, 0.001, 0.01091316, 0.11216600000000002, 112.16600000000001
DataValue, 0.48, 0.001, 0.01092542, 0.112164, 112.164
DataValue, 0.5, 0.001, 0.01093686, 0.11217200000000001, 112.17200000000001
DataValue, 0.52, 0.001, 0.010946000000000001, 0.112167, 112.167
DataValue, 0.54, 0.001, 0.010956539999999999, 0.112171, 112.17099999999999
DataValue, 0.55999999999999994, 0.001, 0.01096288, 0.11216600000000002, 112.16600000000001
DataValue, 0.58, 0.001, 0.010970599999999999, 0.11216500000000002, 112.165
DataValue, 0.60000000000000009, 0.001, 0.01097664, 0.11216999999999999, 112.16999999999999
DataValue, 0.62000000000000011, 0.001, 0.01098296, 0.11217200000000001, 112.17200000000001
DataValue, 0.64000000000000012, 0.001, 0.010987819999999999, 0.112171, 112.17099999999999
DataValue, 0.66, 0.001, 0.01099102, 0.112167, 112.167
DataValue, 0.68, 0.001, 0.010994420000000001, 0.11216600000000002, 112.16600000000001
DataValue, 0.70000000000000007, 0.001, 0.010997680000000001, 0.112167, 112.167
DataValue, 0.72000000000000008, 0.001, 0.011002240000000002, 0.112168, 112.168
DataValue, 0.7400000000000001, 0.001, 0.01100576, 0.112174, 112.17399999999999
DataValue, 0.76, 0.001, 0.01100796, 0.112168, 112.168
DataValue, 0.78, 0.001, 0.01101102, 0.112171, 112.17099999999999
DataValue, 0.8, 0.001, 0.0110129, 0.11216900000000002, 112.16900000000001
DataValue, 0.82, 0.001, 0.0110143, 0.112167, 112.167
DataValue, 0.84000000000000008, 0.001, 0.011015760000000001, 0.11216900000000002, 112.16900000000001
DataValue, 0.86, 0.001, 0.011017319999999999, 0.11217200000000001, 112.17200000000001
DataValue, 0.88000000000000012, 0.001, 0.01101804, 0.112171, 112.17099999999999
DataValue, 0.9, 0.001, 0.01101982, 0.112168, 112.168
DataValue, 0.91999999999999993, 0.001, 0.0110174, 0.112167, 112.167
DataValue, 0.94000000000000006, 0.001, 0.01101852, 0.112171, 112.17099999999999
DataValue, 0.96, 0.001, 0.01102064, 0.11216600000000002, 112.16600000000001
DataValue, 0.98000000000000009, 0.001, 0.011020559999999999, 0.112168, 112.168
DataValue, 1, 0.001, 0.01102096, 0.11216900000000002, 112.16900000000001
DataValue, 1.02, 0.001, 0.011020700000000001, 0.11217500000000001, 112.175
DataValue, 1.04, 0.001, 0.011020779999999999, 0.112171, 112.17099999999999
DataValue, 1.06, 0.001, 0.01102026, 0.112167, 112.167
DataValue, 1.08, 0.001, 0.01102214, 0.11216999999999999, 112.16999999999999
DataValue, 1.1, 0.001, 0.011020460000000001, 0.11216999999999999, 112.16999999999999
DataValue, 1.12, 0.001, 0.011020239999999999, 0.112171, 112.17099999999999
DataValue, 1.14, 0.001, 0.011020700000000001, 0.112173, 112.17299999999999
DataValue, 1.16, 0.001, 0.01102048, 0.112171, 112.17099999999999
DataValue, 1.18, 0.001, 0.01102112, 0.112168, 112.168
DataValue, 1.2, 0.001, 0.01101852, 0.11216600000000002, 112.16600000000001
DataValue, 1.22, 0.001, 0.01101906, 0.11216900000000002, 112.16900000000001
DataValue, 1.24, 0.001, 0.01101874, 0.112168, 112.168
DataValue, 1.26, 0.001, 0.01101608, 0.11216900000000002, 112.16900000000001
DataValue, 1.28, 0.001, 0.011015539999999999, 0.11216900000000002, 112.16900000000001
DataValue, 1.3, 0.001, 0.011015539999999999, 0.112167, 112.167
DataValue, 1.32, 0.001, 0.01101548, 0.11216900000000002, 112.16900000000001
DataValue, 1.34, 0.001, 0.01101444, 0.11216900000000002, 112.16900000000001
DataValue, 1.36, 0.001, 0.01101382, 0.11216600000000002, 112.16600000000001
DataValue, 1.38, 0.001, 0.0110127, 0.112173, 112.17299999999999
DataValue, 1.4, 0.001, 0.01101162, 0.112164, 112.164
DataValue, 1.42, 0.001, 0.011010120000000002, 0.112167, 112.167
DataValue, 1.44, 0.001, 0.011009260000000002, 0.112164, 112.164
DataValue, 1.46, 0.001, 0.011009320000000001, 0.11216600000000002, 112.16600000000001
DataValue, 1.48, 0.001, 0.011006640000000002, 0.112171, 112.17099999999999
DataValue, 1.5, 0.001, 0.01100564, 0.11216500000000002, 112.165
DataValue, 1.52, 0.001, 0.01100434, 0.112168, 112.168
DataValue, 1.54, 0.001, 0.011003220000000001, 0.112168, 112.168
DataValue, 1.56, 0.001, 0.011002620000000001, 0.112164, 112.164
DataValue, 1.58, 0.001, 0.01100058, 0.112168, 112.168
DataValue, 1.6, 0.001, 0.011000160000000002, 0.11217200000000001, 112.17200000000001
DataValue, 1.62, 0.001, 0.0109988, 0.112168, 112.168
DataValue, 1.64, 0.001, 0.01099874, 0.112168, 112.168
DataValue, 1.66, 0.001, 0.01099704, 0.112167, 112.167
DataValue, 1.68, 0.001, 0.01099456, 0.11216600000000002, 112.16600000000001
DataValue, 1.7, 0.001, 0.01099278, 0.112167, 112.167
DataValue, 1.72, 0.001, 0.010991979999999998, 0.11216900000000002, 112.16900000000001
DataValue, 1.74, 0.001, 0.01099062, 0.112173, 112.17299999999999
DataValue, 1.76, 0.001, 0.01098924, 0.11216, 112.16
DataValue, 1.78, 0.001, 0.01098756, 0.11216500000000002, 112.165
DataValue, 1.8, 0.001, 0.01098908, 0.11216500000000002, 112.165
DataValue, 1.82, 0.001, 0.01098562, 0.11216200000000001, 112.162
DataValue, 1.84, 0.001, 0.01098468, 0.11216900000000002, 112.16900000000001
DataValue, 1.86, 0.001, 0.01098344, 0.112167, 112.167
DataValue, 1.88, 0.001, 0.01098262, 0.112168, 112.168
DataValue, 1.9, 0.001, 0.0109803, 0.112164, 112.164
DataValue, 1.92, 0.001, 0.01098012, 0.11216600000000002, 112.16600000000001
DataValue, 1.94, 0.001, 0.01098022, 0.11216600000000002, 112.16600000000001
DataValue, 1.96, 0.001, 0.010979840000000001, 0.11216999999999999, 112.16999999999999
DataValue, 1.98, 0.001, 0.01097792, 0.11216600000000002, 112.16600000000001
DataValue, 2, 0.001, 0.0109788, 0.112171, 112.17099999999999
DataValue, 2.02, 0.001, 0.01097736, 0.112164, 112.164
DataValue, 2.04, 0.001, 0.010976220000000002, 0.112163, 112.163
DataValue, 2.06, 0.001, 0.01097508, 0.112167, 112.167
DataValue, 2.08, 0.001, 0.0109756, 0.11216200000000001, 112.162
DataValue, 2.1, 0.001, 0.01097442, 0.11216900000000002, 112.16900000000001
DataValue, 2.12, 0.001, 0.01097552, 0.11216600000000002, 112.16600000000001
DataValue, 2.14, 0.001, 0.01097698, 0.112167, 112.167
DataValue, 2.16, 0.001, 0.010976360000000001, 0.11216600000000002, 112.16600000000001
DataValue, 2.18, 0.001, 0.01097748, 0.112164, 112.164
DataValue, 2.2, 0.001, 0.010978239999999999, 0.11216999999999999, 112.16999999999999
DataValue, 2.22, 0.001, 0.01097876, 0.112168, 112.168
DataValue, 2.24, 0.001, 0.01098094, 0.11216600000000002, 112.16600000000001
DataValue, 2.26, 0.001, 0.01098366, 0.11215900000000001, 112.159
DataValue, 2.28, 0.001, 0.01098418, 0.11216500000000002, 112.165
DataValue, 2.3, 0.001, 0.01098684, 0.112167, 112.167
DataValue, 2.32, 0.001, 0.01098936, 0.11216500000000002, 112.165
DataValue, 2.34, 0.001, 0.010992420000000001, 0.112163, 112.163
DataValue, 2.36, 0.001, 0.01099452, 0.11216600000000002, 112.16600000000001
DataValue, 2.38, 0.001, 0.0109981, 0.112164, 112.164
DataValue, 2.4, 0.001, 0.01100306, 0.112167, 112.167
DataValue, 2.42, 0.001, 0.01100546, 0.11216600000000002, 112.16600000000001
DataValue, 2.44, 0.001, 0.0110083, 0.112168, 112.168
DataValue, 2.46, 0.001, 0.01101304, 0.11216200000000001, 112.162
DataValue, 2.48, 0.001, 0.01101736, 0.112164, 112.164
DataValue, 2.5, 0.001, 0.0110235, 0.112168, 112.168
DataValue, 2.52, 0.001, 0.01103102, 0.11216900000000002, 112.16900000000001
DataValue, 2.54, 0.001, 0.011035660000000001, 0.11216600000000002, 112.16600000000001
DataValue, 2.56, 0.001, 0.01104288, 0.11217200000000001, 112.17200000000001
DataValue, 2.58, 0.001, 0.0110497, 0.112167, 112.167
DataValue, 2.6, 0.001, 0.01105712, 0.112163, 112.163
DataValue, 2.62, 0.001, 0.01106534, 0.112164, 112.164
DataValue, 2.64, 0.001, 0.0110735, 0.112167, 112.167
DataValue, 2.66, 0.001, 0.01108404, 0.112171, 112.17099999999999
DataValue, 2.68, 0.001, 0.01109378, 0.112168, 112.168
DataValue, 2.7, 0.001, 0.011105199999999999, 0.11216900000000002, 112.16900000000001
DataValue, 2.72, 0.001, 0.0111166, 0.112163, 112.163
DataValue, 2.74, 0.001, 0.0111254, 0.11217500000000001, 112.175
DataValue, 2.76, 0.001, 0.011142, 0.112178, 112.178
DataValue, 2.78, 0.001, 0.011156600000000001, 0.112177, 112.17699999999999
DataValue, 2.8, 0.001, 0.011171, 0.11217900000000002, 112.179
DataValue, 2.82, 0.001, 0.011186, 0.112177, 112.17699999999999
DataValue, 2.84, 0.001, 0.0112022, 0.112185, 112.185
DataValue, 2.86, 0.001, 0.011217, 0.112182, 112.182
DataValue, 2.88, 0.001, 0.0112336, 0.112182, 112.182
DataValue, 2.9, 0.001, 0.0112534, 0.112177, 112.17699999999999
DataValue, 2.92, 0.001, 0.011272200000000001, 0.112178, 112.178
DataValue, 2.94, 0.001, 0.0112914, 0.112181, 112.181
DataValue, 2.96, 0.001, 0.0113124, 0.112182, 112.182
DataValue, 2.98, 0.001, 0.0113336, 0.112191, 112.191
DataValue, 3, 0.001, 0.011355200000000001, 0.11218300000000002, 112.183
DataValue, 3, 0.001, 0.01135, 0.112181, 112.181
DataValue, 2.98, 0.001, 0.011321399999999999, 0.11218600000000001, 112.186
DataValue, 2.96, 0.001, 0.0112972, 0.112184, 112.184
DataValue, 2.94, 0.001, 0.011274200000000002, 0.11218600000000001, 112.186
DataValue, 2.92, 0.001, 0.011252400000000001, 0.112181, 112.181
DataValue, 2.9, 0.001, 0.0112302, 0.112178, 112.178
DataValue, 2.88, 0.001, 0.011211800000000001, 0.112181, 112.181
DataValue, 2.86, 0.001, 0.0111906, 0.11218, 112.17999999999999
DataValue, 2.84, 0.001, 0.011172, 0.112178, 112.178
DataValue, 2.82, 0.001, 0.0111568, 0.112182, 112.182
DataValue, 2.8, 0.001, 0.011139399999999999, 0.112177, 112.17699999999999
DataValue, 2.78, 0.001, 0.0111238, 0.11217900000000002, 112.179
DataValue, 2.76, 0.001, 0.0111092, 0.112181, 112.181
DataValue, 2.74, 0.001, 0.011095800000000001, 0.112181, 112.181
DataValue, 2.72, 0.001, 0.0110816, 0.11218, 112.17999999999999
DataValue, 2.7, 0.001, 0.01107, 0.112178, 112.178
DataValue, 2.68, 0.001, 0.011056999999999999, 0.112182, 112.182
DataValue, 2.66, 0.001, 0.0110468, 0.11217600000000001, 112.17600000000002
DataValue, 2.64, 0.001, 0.011036200000000001, 0.112178, 112.178
DataValue, 2.62, 0.001, 0.011025400000000001, 0.112178, 112.178
DataValue, 2.6, 0.001, 0.011016399999999999, 0.112173, 112.17299999999999
DataValue, 2.58, 0.001, 0.0110074, 0.11217500000000001, 112.175
DataValue, 2.56, 0.001, 0.010999000000000002, 0.11217200000000001, 112.17200000000001
DataValue, 2.54, 0.001, 0.0109908, 0.112174, 112.17399999999999
DataValue, 2.52, 0.001, 0.0109848, 0.11217600000000001, 112.17600000000002
DataValue, 2.5, 0.001, 0.010976600000000001, 0.112178, 112.178
DataValue, 2.48, 0.001, 0.010969199999999998, 0.112178, 112.178
DataValue, 2.46, 0.001, 0.0109632, 0.112171, 112.17099999999999
DataValue, 2.44, 0.001, 0.0109584, 0.112173, 112.17299999999999
DataValue, 2.42, 0.001, 0.010953, 0.11217200000000001, 112.17200000000001
DataValue, 2.4, 0.001, 0.0109484, 0.11217500000000001, 112.175
DataValue, 2.38, 0.001, 0.010945, 0.112177, 112.17699999999999
DataValue, 2.36, 0.001, 0.010943000000000001, 0.112177, 112.17699999999999
DataValue, 2.34, 0.001, 0.010935600000000002, 0.11217200000000001, 112.17200000000001
DataValue, 2.32, 0.001, 0.010932800000000001, 0.112173, 112.17299999999999
DataValue, 2.3, 0.001, 0.0109296, 0.11217600000000001, 112.17600000000002
DataValue, 2.28, 0.001, 0.010927599999999999, 0.11217600000000001, 112.17600000000002
DataValue, 2.26, 0.001, 0.0109246, 0.112174, 112.17399999999999
DataValue, 2.24, 0.001, 0.010922600000000001, 0.112173, 112.17299999999999
DataValue, 2.22, 0.001, 0.0109206, 0.112167, 112.167
DataValue, 2.2, 0.001, 0.0109184, 0.112171, 112.17099999999999
DataValue, 2.18, 0.001, 0.0109192, 0.11217200000000001, 112.17200000000001
DataValue, 2.16, 0.001, 0.0109164, 0.11217500000000001, 112.175
DataValue, 2.14, 0.001, 0.0109138, 0.112174, 112.17399999999999
DataValue, 2.12, 0.001, 0.0109144, 0.112177, 112.17699999999999
DataValue, 2.1, 0.001, 0.0109128, 0.11216999999999999, 112.16999999999999
DataValue, 2.08, 0.001, 0.0109122, 0.112173, 112.17299999999999
DataValue, 2.06, 0.001, 0.010912, 0.11217500000000001, 112.175
DataValue, 2.04, 0.001, 0.010912, 0.11217600000000001, 112.17600000000002
DataValue, 2.02, 0.001, 0.010911599999999999, 0.11217900000000002, 112.179
DataValue, 2, 0.001, 0.010911, 0.112173, 112.17299999999999
DataValue, 1.98, 0.001, 0.010912, 0.11216900000000002, 112.16900000000001
DataValue, 1.96, 0.001, 0.010911800000000001, 0.112173, 112.17299999999999
DataValue, 1.94, 0.001, 0.0109128, 0.11217200000000001, 112.17200000000001
DataValue, 1.92, 0.001, 0.0109134, 0.11217500000000001, 112.175
DataValue, 1.9, 0.001, 0.010913200000000001, 0.11217500000000001, 112.175
DataValue, 1.88, 0.001, 0.010913200000000001, 0.11217600000000001, 112.17600000000002
DataValue, 1.86, 0.001, 0.0109144, 0.112171, 112.17099999999999
DataValue, 1.84, 0.001, 0.0109142, 0.112168, 112.168
DataValue, 1.82, 0.001, 0.010915600000000001, 0.11216999999999999, 112.16999999999999
DataValue, 1.8, 0.001, 0.010915999999999999, 0.112178, 112.178
DataValue, 1.78, 0.001, 0.010917, 0.112184, 112.184
DataValue, 1.76, 0.001, 0.010918200000000001, 0.11217200000000001, 112.17200000000001
DataValue, 1.74, 0.001, 0.0109198, 0.112173, 112.17299999999999
DataValue, 1.72, 0.001, 0.0109206, 0.112168, 112.168
DataValue, 1.7, 0.001, 0.010922000000000001, 0.112168, 112.168
DataValue, 1.68, 0.001, 0.0109224, 0.11217600000000001, 112.17600000000002
DataValue, 1.66, 0.001, 0.010924000000000001, 0.112178, 112.178
DataValue, 1.64, 0.001, 0.0109256, 0.11217500000000001, 112.175
DataValue, 1.62, 0.001, 0.010926400000000001, 0.11217200000000001, 112.17200000000001
DataValue, 1.6, 0.001, 0.010926400000000001, 0.11216900000000002, 112.16900000000001
DataValue, 1.58, 0.001, 0.0109266, 0.112173, 112.17299999999999
DataValue, 1.56, 0.001, 0.010928199999999999, 0.112173, 112.17299999999999
DataValue, 1.54, 0.001, 0.010929800000000002, 0.11217500000000001, 112.175
DataValue, 1.52, 0.001, 0.0109316, 0.112177, 112.17699999999999
DataValue, 1.5, 0.001, 0.0109304, 0.112174, 112.17399999999999
DataValue, 1.48, 0.001, 0.0109318, 0.11217500000000001, 112.175
DataValue, 1.46, 0.001, 0.010933600000000002, 0.112173, 112.17299999999999
DataValue, 1.44, 0.001, 0.0109338, 0.11217500000000001, 112.175
DataValue, 1.42, 0.001, 0.010936399999999999, 0.11218300000000002, 112.183
DataValue, 1.4, 0.001, 0.010936600000000001, 0.112178, 112.178
DataValue, 1.38, 0.001, 0.0109378, 0.11217200000000001, 112.17200000000001
DataValue, 1.36, 0.001, 0.010938600000000001, 0.11217200000000001, 112.17200000000001
DataValue, 1.34, 0.001, 0.0109388, 0.112177, 112.17699999999999
DataValue, 1.32, 0.001, 0.010940000000000002, 0.112173, 112.17299999999999
DataValue, 1.3, 0.001, 0.010940000000000002, 0.112177, 112.17699999999999
DataValue, 1.28, 0.001, 0.0109426, 0.11217600000000001, 112.17600000000002
DataValue, 1.26, 0.001, 0.010942400000000001, 0.112178, 112.178
DataValue, 1.24, 0.001, 0.0109422, 0.11217600000000001, 112.17600000000002
DataValue, 1.22, 0.001, 0.0109446, 0.11218, 112.17999999999999
DataValue, 1.2, 0.001, 0.010945400000000001, 0.11217600000000001, 112.17600000000002
DataValue, 1.18, 0.001, 0.0109456, 0.11217600000000001, 112.17600000000002
DataValue, 1.16, 0.001, 0.010945400000000001, 0.11217200000000001, 112.17200000000001
DataValue, 1.14, 0.001, 0.010946000000000001, 0.112173, 112.17299999999999
DataValue, 1.12, 0.001, 0.0109462, 0.11217500000000001, 112.175
DataValue, 1.1, 0.001, 0.010946599999999999, 0.112182, 112.182
DataValue, 1.08, 0.001, 0.010947, 0.11218, 112.17999999999999
DataValue, 1.06, 0.001, 0.010946599999999999, 0.11217900000000002, 112.179
DataValue, 1.04, 0.001, 0.010946800000000001, 0.11217500000000001, 112.175
DataValue, 1.02, 0.001, 0.0109476, 0.112177, 112.17699999999999
DataValue, 1, 0.001, 0.010946800000000001, 0.112173, 112.17299999999999
DataValue, 0.98000000000000009, 0.001, 0.0109484, 0.112178, 112.178
DataValue, 0.96, 0.001, 0.010946599999999999, 0.112178, 112.178
DataValue, 0.94000000000000006, 0.001, 0.010948, 0.112182, 112.182
DataValue, 0.91999999999999993, 0.001, 0.0109478, 0.11217500000000001, 112.175
DataValue, 0.9, 0.001, 0.010946800000000001, 0.112177, 112.17699999999999
DataValue, 0.88000000000000012, 0.001, 0.0109456, 0.11218, 112.17999999999999
DataValue, 0.86, 0.001, 0.010944, 0.11217600000000001, 112.17600000000002
DataValue, 0.84000000000000008, 0.001, 0.010943000000000001, 0.11218, 112.17999999999999
DataValue, 0.82, 0.001, 0.0109436, 0.112177, 112.17699999999999
DataValue, 0.8, 0.001, 0.0109402, 0.112171, 112.17099999999999
DataValue, 0.78, 0.001, 0.010940000000000002, 0.112173, 112.17299999999999
DataValue, 0.76, 0.001, 0.010938600000000001, 0.112173, 112.17299999999999
DataValue, 0.7400000000000001, 0.001, 0.0109354, 0.11217900000000002, 112.179
DataValue, 0.72000000000000008, 0.001, 0.0109332, 0.11217600000000001, 112.17600000000002
DataValue, 0.70000000000000007, 0.001, 0.0109296, 0.11217600000000001, 112.17600000000002
DataValue, 0.68, 0.001, 0.010927599999999999, 0.112168, 112.168
DataValue, 0.66, 0.001, 0.0109244, 0.112173, 112.17299999999999
DataValue, 0.64000000000000012, 0.001, 0.010921400000000001, 0.112171, 112.17099999999999
DataValue, 0.62000000000000011, 0.001, 0.010915999999999999, 0.11217500000000001, 112.175
DataValue, 0.60000000000000009, 0.001, 0.0109114, 0.11217600000000001, 112.17600000000002
DataValue, 0.58, 0.001, 0.0109062, 0.11218, 112.17999999999999
DataValue, 0.55999999999999994, 0.001, 0.010900000000000002, 0.11216900000000002, 112.16900000000001
DataValue, 0.54, 0.001, 0.0108932, 0.112173, 112.17299999999999
DataValue, 0.52, 0.001, 0.010886, 0.11217600000000001, 112.17600000000002
DataValue, 0.5, 0.001, 0.010877600000000001, 0.112177, 112.17699999999999
DataValue, 0.48, 0.001, 0.0108662, 0.112181, 112.181
DataValue, 0.45999999999999996, 0.001, 0.0108534, 0.11217600000000001, 112.17600000000002
DataValue, 0.44000000000000006, 0.001, 0.010837600000000001, 0.11217200000000001, 112.17200000000001
DataValue, 0.42000000000000004, 0.001, 0.0108198, 0.11217200000000001, 112.17200000000001
DataValue, 0.4, 0.001, 0.0107978, 0.11217200000000001, 112.17200000000001
DataValue, 0.38, 0.001, 0.010769800000000001, 0.11217500000000001, 112.175
DataValue, 0.36000000000000004, 0.001, 0.010732600000000002, 0.11216900000000002, 112.16900000000001
DataValue, 0.34, 0.001, 0.010682400000000002, 0.11217200000000001, 112.17200000000001
DataValue, 0.32000000000000006, 0.001, 0.010609599999999999, 0.112168, 112.168
DataValue, 0.30000000000000004, 0.001, 0.0105012, 0.112167, 112.167
DataValue, 0.27999999999999997, 0.001, 0.0103318, 0.112164, 112.164
DataValue, 0.26, 0.001, 0.0100762, 0.112163, 112.163
DataValue, 0.24, 0.001, 0.00969718, 0.11214, 112.14
DataValue, 0.22000000000000003, 0.001, 0.00916312, 0.11214, 112.14
DataValue, 0.2, 0.001, 0.00847068, 0.112128, 112.128
DataValue, 0.18000000000000002, 0.001, 0.0076158599999999995, 0.112116, 112.116
DataValue, 0.16000000000000003, 0.001, 0.0066402200000000005, 0.11209800000000002, 112.09800000000001
DataValue, 0.13999999999999999, 0.001, 0.0055618800000000008, 0.112079, 112.079
DataValue, 0.12, 0.001, 0.0044458599999999994, 0.11207, 112.07000000000001
DataValue, 0.1, 0.001, 0.00334238, 0.112052, 112.05199999999999
DataValue, 0.08, 0.001, 0.0023057, 0.112032, 112.032
DataValue, 0.06, 0.001, 0.0014244000000000002, 0.112015, 112.015
DataValue, 0.04, 0.001, 0.000746648, 0.11201000000000001, 112.01
DataValue, 0.02, 0.001, 0.00027248, 0.112001, 112.00099999999999
DataValue, 0, 0.001, -6.0544299999999996E-06, 0.111997, 111.99699999999999
DataValue, 0, 0.001, -4.13147E-06, 0.111998, 111.99799999999999
DataValue, 0.02, 0.001, 0.000353798, 0.112002, 112.002
DataValue, 0.04, 0.001, 0.000930182, 0.11201000000000001, 112.01
DataValue, 0.06, 0.001, 0.0017338400000000002, 0.112018, 112.018
DataValue, 0.08, 0.001, 0.00274668, 0.112034, 112.03399999999999
DataValue, 0.1, 0.001, 0.00391926, 0.112055, 112.05499999999999
DataValue, 0.12, 0.001, 0.00516346, 0.11207100000000002, 112.07100000000001
DataValue, 0.13999999999999999, 0.001, 0.0064307800000000005, 0.112096, 112.09599999999999
DataValue, 0.16000000000000003, 0.001, 0.00768322, 0.11210800000000001, 112.108
DataValue, 0.18000000000000002, 0.001, 0.00886066, 0.11213200000000001, 112.132
DataValue, 0.2, 0.001, 0.0099562000000000019, 0.11214500000000001, 112.14500000000001
DataValue, 0.22000000000000003, 0.001, 0.010924799999999998, 0.11216600000000002, 112.16600000000001
DataValue, 0.24, 0.001, 0.0117622, 0.11218900000000001, 112.18900000000001
DataValue, 0.26, 0.001, 0.012464, 0.11219600000000002, 112.19600000000001
DataValue, 0.27999999999999997, 0.001, 0.0130114, 0.112198, 112.198
DataValue, 0.30000000000000004, 0.001, 0.013424799999999999, 0.11220600000000001, 112.206
DataValue, 0.32000000000000006, 0.001, 0.0137198, 0.11221500000000001, 112.215
DataValue, 0.34, 0.001, 0.0139242, 0.112221, 112.22099999999999
DataValue, 0.36000000000000004, 0.001, 0.014067000000000001, 0.112222, 112.222
DataValue, 0.38, 0.001, 0.014168, 0.112225, 112.225
DataValue, 0.4, 0.001, 0.0142398, 0.112218, 112.21799999999999
DataValue, 0.42000000000000004, 0.001, 0.014294800000000002, 0.112225, 112.225
DataValue, 0.44000000000000006, 0.001, 0.014336199999999999, 0.112225, 112.225
DataValue, 0.45999999999999996, 0.001, 0.014369000000000002, 0.112221, 112.22099999999999
DataValue, 0.48, 0.001, 0.014396599999999999, 0.11222399999999999, 112.22399999999999
DataValue, 0.5, 0.001, 0.014417, 0.112221, 112.22099999999999
DataValue, 0.52, 0.001, 0.014438200000000002, 0.112226, 112.226
DataValue, 0.54, 0.001, 0.0144532, 0.11223000000000001, 112.23
DataValue, 0.55999999999999994, 0.001, 0.014467, 0.11222900000000001, 112.229
DataValue, 0.58, 0.001, 0.0144778, 0.11222700000000002, 112.227
DataValue, 0.60000000000000009, 0.001, 0.014487600000000002, 0.112218, 112.21799999999999
DataValue, 0.62000000000000011, 0.001, 0.0144994, 0.112222, 112.222
DataValue, 0.64000000000000012, 0.001, 0.0145064, 0.11222900000000001, 112.229
DataValue, 0.66, 0.001, 0.0145128, 0.11222900000000001, 112.229
DataValue, 0.68, 0.001, 0.014519, 0.112231, 112.231
DataValue, 0.70000000000000007, 0.001, 0.014522600000000002, 0.11222700000000002, 112.227
DataValue, 0.72000000000000008, 0.001, 0.014528000000000001, 0.11222700000000002, 112.227
DataValue, 0.7400000000000001, 0.001, 0.014533, 0.112231, 112.231
DataValue, 0.76, 0.001, 0.0145338, 0.112225, 112.225
DataValue, 0.78, 0.001, 0.0145376, 0.11223000000000001, 112.23
DataValue, 0.8, 0.001, 0.0145384, 0.11222700000000002, 112.227
DataValue, 0.82, 0.001, 0.0145418, 0.112225, 112.225
DataValue, 0.84000000000000008, 0.001, 0.0145464, 0.112225, 112.225
DataValue, 0.86, 0.001, 0.0145458, 0.112226, 112.226
DataValue, 0.88000000000000012, 0.001, 0.0145478, 0.11223000000000001, 112.23
DataValue, 0.9, 0.001, 0.0145486, 0.112228, 112.228
DataValue, 0.91999999999999993, 0.001, 0.0145498, 0.112226, 112.226
DataValue, 0.94000000000000006, 0.001, 0.01455, 0.11222300000000002, 112.22300000000001
DataValue, 0.96, 0.001, 0.0145504, 0.112222, 112.222
DataValue, 0.98000000000000009, 0.001, 0.0145514, 0.11223000000000001, 112.23
DataValue, 1, 0.001, 0.0145506, 0.112231, 112.231
DataValue, 1.02, 0.001, 0.0145486, 0.11222700000000002, 112.227
DataValue, 1.04, 0.001, 0.014546600000000002, 0.11223000000000001, 112.23
DataValue, 1.06, 0.001, 0.0145492, 0.112226, 112.226
DataValue, 1.08, 0.001, 0.0145486, 0.112226, 112.226
DataValue, 1.1, 0.001, 0.0145468, 0.11223000000000001, 112.23
DataValue, 1.12, 0.001, 0.0145468, 0.112234, 112.234
DataValue, 1.14, 0.001, 0.0145438, 0.112231, 112.231
DataValue, 1.16, 0.001, 0.014543600000000002, 0.11223000000000001, 112.23
DataValue, 1.18, 0.001, 0.014542, 0.112226, 112.226
DataValue, 1.2, 0.001, 0.0145404, 0.112226, 112.226
DataValue, 1.22, 0.001, 0.0145384, 0.11222700000000002, 112.227
DataValue, 1.24, 0.001, 0.0145366, 0.11222700000000002, 112.227
DataValue, 1.26, 0.001, 0.014534400000000001, 0.112231, 112.231
DataValue, 1.28, 0.001, 0.014532400000000001, 0.11222300000000002, 112.22300000000001
DataValue, 1.3, 0.001, 0.0145304, 0.11222700000000002, 112.227
DataValue, 1.32, 0.001, 0.0145272, 0.11222399999999999, 112.22399999999999
DataValue, 1.34, 0.001, 0.014525, 0.11222700000000002, 112.227
DataValue, 1.36, 0.001, 0.014524200000000001, 0.11222700000000002, 112.227
DataValue, 1.38, 0.001, 0.0145214, 0.112225, 112.225
DataValue, 1.4, 0.001, 0.0145174, 0.11222399999999999, 112.22399999999999
DataValue, 1.42, 0.001, 0.0145156, 0.112225, 112.225
DataValue, 1.44, 0.001, 0.014515, 0.11222700000000002, 112.227
DataValue, 1.46, 0.001, 0.014512, 0.11222900000000001, 112.229
DataValue, 1.48, 0.001, 0.0145082, 0.11222900000000001, 112.229
DataValue, 1.5, 0.001, 0.014506, 0.112225, 112.225
DataValue, 1.52, 0.001, 0.014503, 0.11222399999999999, 112.22399999999999
DataValue, 1.54, 0.001, 0.0144994, 0.112226, 112.226
DataValue, 1.56, 0.001, 0.014497800000000002, 0.11222900000000001, 112.229
DataValue, 1.58, 0.001, 0.0144932, 0.11222900000000001, 112.229
DataValue, 1.6, 0.001, 0.0144922, 0.11222399999999999, 112.22399999999999
DataValue, 1.62, 0.001, 0.0144882, 0.11222399999999999, 112.22399999999999
DataValue, 1.64, 0.001, 0.014485399999999999, 0.112225, 112.225
DataValue, 1.66, 0.001, 0.0144828, 0.112225, 112.225
DataValue, 1.68, 0.001, 0.0144788, 0.112228, 112.228
DataValue, 1.7, 0.001, 0.014476800000000002, 0.11222700000000002, 112.227
DataValue, 1.72, 0.001, 0.0144734, 0.11223000000000001, 112.23
DataValue, 1.74, 0.001, 0.0144714, 0.112221, 112.22099999999999
DataValue, 1.76, 0.001, 0.0144686, 0.11222399999999999, 112.22399999999999
DataValue, 1.78, 0.001, 0.0144662, 0.11222399999999999, 112.22399999999999
DataValue, 1.8, 0.001, 0.0144628, 0.11223000000000001, 112.23
DataValue, 1.82, 0.001, 0.0144616, 0.112225, 112.225
DataValue, 1.84, 0.001, 0.014455800000000001, 0.11223000000000001, 112.23
DataValue, 1.86, 0.001, 0.014454400000000001, 0.11222300000000002, 112.22300000000001
DataValue, 1.88, 0.001, 0.0144522, 0.112225, 112.225
DataValue, 1.9, 0.001, 0.0144478, 0.112222, 112.222
DataValue, 1.92, 0.001, 0.014445, 0.112226, 112.226
DataValue, 1.94, 0.001, 0.014440999999999999, 0.11223000000000001, 112.23
DataValue, 1.96, 0.001, 0.014439200000000001, 0.112226, 112.226
DataValue, 1.98, 0.001, 0.0144364, 0.112225, 112.225
DataValue, 2, 0.001, 0.014434, 0.112226, 112.226
DataValue, 2.02, 0.001, 0.0144318, 0.112226, 112.226
DataValue, 2.04, 0.001, 0.014429, 0.112221, 112.22099999999999
DataValue, 2.06, 0.001, 0.0144276, 0.112226, 112.226
DataValue, 2.08, 0.001, 0.0144242, 0.112222, 112.222
DataValue, 2.1, 0.001, 0.0144218, 0.112217, 112.21699999999999
DataValue, 2.12, 0.001, 0.0144234, 0.11222399999999999, 112.22399999999999
DataValue, 2.14, 0.001, 0.0144188, 0.112226, 112.226
DataValue, 2.16, 0.001, 0.0144184, 0.11222700000000002, 112.227
DataValue, 2.18, 0.001, 0.014417800000000001, 0.11222399999999999, 112.22399999999999
DataValue, 2.2, 0.001, 0.0144154, 0.11222399999999999, 112.22399999999999
DataValue, 2.22, 0.001, 0.0144144, 0.11222399999999999, 112.22399999999999
DataValue, 2.24, 0.001, 0.0144122, 0.112226, 112.226
DataValue, 2.26, 0.001, 0.014411199999999999, 0.11223000000000001, 112.23
DataValue, 2.28, 0.001, 0.0144108, 0.112225, 112.225
DataValue, 2.3, 0.001, 0.0144108, 0.112225, 112.225
DataValue, 2.32, 0.001, 0.014412000000000001, 0.11222000000000001, 112.22000000000001
DataValue, 2.34, 0.001, 0.014413400000000002, 0.11222399999999999, 112.22399999999999
DataValue, 2.36, 0.001, 0.0144154, 0.112222, 112.222
DataValue, 2.38, 0.001, 0.0144154, 0.11222700000000002, 112.227
DataValue, 2.4, 0.001, 0.0144152, 0.112222, 112.222
DataValue, 2.42, 0.001, 0.0144154, 0.11222000000000001, 112.22000000000001
DataValue, 2.44, 0.001, 0.0144166, 0.112226, 112.226
DataValue, 2.46, 0.001, 0.014420200000000001, 0.11222700000000002, 112.227
DataValue, 2.48, 0.001, 0.0144224, 0.112226, 112.226
DataValue, 2.5, 0.001, 0.0144254, 0.112225, 112.225
DataValue, 2.52, 0.001, 0.014426399999999999, 0.11221900000000001, 112.21900000000001
DataValue, 2.54, 0.001, 0.014431000000000001, 0.112222, 112.222
DataValue, 2.56, 0.001, 0.014435400000000001, 0.11222000000000001, 112.22000000000001
DataValue, 2.58, 0.001, 0.014439200000000001, 0.112228, 112.228
DataValue, 2.6, 0.001, 0.0144452, 0.11222900000000001, 112.229
DataValue, 2.62, 0.001, 0.014450400000000002, 0.11222900000000001, 112.229
DataValue, 2.64, 0.001, 0.014456, 0.112226, 112.226
DataValue, 2.66, 0.001, 0.014464, 0.112231, 112.231
DataValue, 2.68, 0.001, 0.0144726, 0.11222399999999999, 112.22399999999999
DataValue, 2.7, 0.001, 0.014479, 0.11222700000000002, 112.227
DataValue, 2.72, 0.001, 0.0144882, 0.11222700000000002, 112.227
DataValue, 2.74, 0.001, 0.0144974, 0.112225, 112.225
DataValue, 2.76, 0.001, 0.014506600000000001, 0.112226, 112.226
DataValue, 2.78, 0.001, 0.0145146, 0.112222, 112.222
DataValue, 2.8, 0.001, 0.0145244, 0.11222399999999999, 112.22399999999999
DataValue, 2.82, 0.001, 0.0145356, 0.112232, 112.232
DataValue, 2.84, 0.001, 0.0145476, 0.112228, 112.228
DataValue, 2.86, 0.001, 0.0145616, 0.11223300000000001, 112.233
DataValue, 2.88, 0.001, 0.0145748, 0.112225, 112.225
DataValue, 2.9, 0.001, 0.0145916, 0.112226, 112.226
DataValue, 2.92, 0.001, 0.0146082, 0.112225, 112.225
DataValue, 2.94, 0.001, 0.014623800000000001, 0.112225, 112.225
DataValue, 2.96, 0.001, 0.0146408, 0.11223000000000001, 112.23
DataValue, 2.98, 0.001, 0.01466, 0.11223000000000001, 112.23
DataValue, 3, 0.001, 0.014676400000000001, 0.11222900000000001, 112.229
DataValue, 3, 0.001, 0.0146728, 0.112228, 112.228
DataValue, 2.98, 0.001, 0.0146444, 0.11222399999999999, 112.22399999999999
DataValue, 2.96, 0.001, 0.0146226, 0.112228, 112.228
DataValue, 2.94, 0.001, 0.0146016, 0.11222700000000002, 112.227
DataValue, 2.92, 0.001, 0.014580599999999999, 0.11223300000000001, 112.233
DataValue, 2.9, 0.001, 0.014561200000000002, 0.112226, 112.226
DataValue, 2.88, 0.001, 0.0145442, 0.11222399999999999, 112.22399999999999
DataValue, 2.86, 0.001, 0.0145282, 0.112222, 112.222
DataValue, 2.84, 0.001, 0.014510799999999999, 0.112231, 112.231
DataValue, 2.82, 0.001, 0.0144974, 0.11222300000000002, 112.22300000000001
DataValue, 2.8, 0.001, 0.014482600000000002, 0.11222300000000002, 112.22300000000001
DataValue, 2.78, 0.001, 0.0144706, 0.11222300000000002, 112.22300000000001
DataValue, 2.76, 0.001, 0.0144568, 0.112226, 112.226
DataValue, 2.74, 0.001, 0.0144458, 0.11223000000000001, 112.23
DataValue, 2.72, 0.001, 0.0144346, 0.11222399999999999, 112.22399999999999
DataValue, 2.7, 0.001, 0.0144242, 0.11222300000000002, 112.22300000000001
DataValue, 2.68, 0.001, 0.014410400000000002, 0.112225, 112.225
DataValue, 2.66, 0.001, 0.014403, 0.112221, 112.22099999999999
DataValue, 2.64, 0.001, 0.014394400000000002, 0.112221, 112.22099999999999
DataValue, 2.62, 0.001, 0.0143876, 0.112225, 112.225
DataValue, 2.6, 0.001, 0.014380599999999999, 0.11222700000000002, 112.227
DataValue, 2.58, 0.001, 0.014373400000000002, 0.11222399999999999, 112.22399999999999
DataValue, 2.56, 0.001, 0.014366000000000002, 0.112222, 112.222
DataValue, 2.54, 0.001, 0.0143608, 0.112222, 112.222
DataValue, 2.52, 0.001, 0.0143556, 0.112225, 112.225
DataValue, 2.5, 0.001, 0.014350799999999999, 0.112222, 112.222
DataValue, 2.48, 0.001, 0.0143448, 0.112228, 112.228
DataValue, 2.46, 0.001, 0.0143412, 0.11222700000000002, 112.227
DataValue, 2.44, 0.001, 0.014338, 0.112221, 112.22099999999999
DataValue, 2.42, 0.001, 0.014335, 0.11222000000000001, 112.22000000000001
DataValue, 2.4, 0.001, 0.0143316, 0.11222399999999999, 112.22399999999999
DataValue, 2.38, 0.001, 0.0143312, 0.11222399999999999, 112.22399999999999
DataValue, 2.36, 0.001, 0.014327399999999999, 0.11222700000000002, 112.227
DataValue, 2.34, 0.001, 0.0143248, 0.11222700000000002, 112.227
DataValue, 2.32, 0.001, 0.0143238, 0.112226, 112.226
DataValue, 2.3, 0.001, 0.0143222, 0.112226, 112.226
DataValue, 2.28, 0.001, 0.014321200000000001, 0.112221, 112.22099999999999
DataValue, 2.26, 0.001, 0.014318599999999999, 0.11222700000000002, 112.227
DataValue, 2.24, 0.001, 0.0143194, 0.112225, 112.225
DataValue, 2.22, 0.001, 0.0143176, 0.112221, 112.22099999999999
DataValue, 2.2, 0.001, 0.014320600000000001, 0.112226, 112.226
DataValue, 2.18, 0.001, 0.014319, 0.11222000000000001, 112.22000000000001
DataValue, 2.16, 0.001, 0.014318599999999999, 0.11222300000000002, 112.22300000000001
DataValue, 2.14, 0.001, 0.014319, 0.112231, 112.231
DataValue, 2.12, 0.001, 0.0143204, 0.112221, 112.22099999999999
DataValue, 2.1, 0.001, 0.014322600000000001, 0.112218, 112.21799999999999
DataValue, 2.08, 0.001, 0.014322999999999999, 0.112222, 112.222
DataValue, 2.06, 0.001, 0.0143244, 0.11222399999999999, 112.22399999999999
DataValue, 2.04, 0.001, 0.0143254, 0.11222900000000001, 112.229
DataValue, 2.02, 0.001, 0.0143258, 0.11222000000000001, 112.22000000000001
DataValue, 2, 0.001, 0.014328, 0.112221, 112.22099999999999
DataValue, 1.98, 0.001, 0.01433, 0.112221, 112.22099999999999
DataValue, 1.96, 0.001, 0.014331799999999999, 0.112222, 112.222
DataValue, 1.94, 0.001, 0.014335, 0.112222, 112.222
DataValue, 1.92, 0.001, 0.014337200000000001, 0.11222700000000002, 112.227
DataValue, 1.9, 0.001, 0.0143368, 0.11222399999999999, 112.22399999999999
DataValue, 1.88, 0.001, 0.0143398, 0.11221900000000001, 112.21900000000001
DataValue, 1.86, 0.001, 0.014342200000000001, 0.11221600000000001, 112.21600000000001
DataValue, 1.84, 0.001, 0.014344200000000001, 0.11222399999999999, 112.22399999999999
DataValue, 1.82, 0.001, 0.0143482, 0.112225, 112.225
DataValue, 1.8, 0.001, 0.014349400000000002, 0.112228, 112.228
DataValue, 1.78, 0.001, 0.014353000000000001, 0.11222700000000002, 112.227
DataValue, 1.76, 0.001, 0.014355, 0.112217, 112.21699999999999
DataValue, 1.74, 0.001, 0.014357400000000001, 0.112225, 112.225
DataValue, 1.72, 0.001, 0.014358200000000002, 0.112222, 112.222
DataValue, 1.7, 0.001, 0.014362, 0.112226, 112.226
DataValue, 1.68, 0.001, 0.014365000000000001, 0.112225, 112.225
DataValue, 1.66, 0.001, 0.014367399999999999, 0.11222399999999999, 112.22399999999999
DataValue, 1.64, 0.001, 0.014370400000000002, 0.112221, 112.22099999999999
DataValue, 1.62, 0.001, 0.0143724, 0.11222000000000001, 112.22000000000001
DataValue, 1.6, 0.001, 0.0143744, 0.11222000000000001, 112.22000000000001
DataValue, 1.58, 0.001, 0.014377200000000001, 0.112228, 112.228
DataValue, 1.56, 0.001, 0.0143794, 0.112225, 112.225
DataValue, 1.54, 0.001, 0.0143856, 0.112225, 112.225
DataValue, 1.52, 0.001, 0.014386399999999999, 0.112225, 112.225
DataValue, 1.5, 0.001, 0.014388399999999999, 0.11222399999999999, 112.22399999999999
DataValue, 1.48, 0.001, 0.01439, 0.11222000000000001, 112.22000000000001
DataValue, 1.46, 0.001, 0.0143926, 0.112222, 112.222
DataValue, 1.44, 0.001, 0.014395199999999999, 0.112226, 112.226
DataValue, 1.42, 0.001, 0.0143978, 0.11222700000000002, 112.227
DataValue, 1.4, 0.001, 0.014397, 0.112225, 112.225
DataValue, 1.38, 0.001, 0.0144008, 0.112222, 112.222
DataValue, 1.36, 0.001, 0.0144028, 0.112226, 112.226
DataValue, 1.34, 0.001, 0.0144036, 0.112226, 112.226
DataValue, 1.32, 0.001, 0.014407399999999999, 0.11223000000000001, 112.23
DataValue, 1.3, 0.001, 0.0144096, 0.112225, 112.225
DataValue, 1.28, 0.001, 0.014411400000000001, 0.112221, 112.22099999999999
DataValue, 1.26, 0.001, 0.014413, 0.112225, 112.225
DataValue, 1.24, 0.001, 0.014413, 0.112226, 112.226
DataValue, 1.22, 0.001, 0.0144166, 0.11222000000000001, 112.22000000000001
DataValue, 1.2, 0.001, 0.0144176, 0.11222399999999999, 112.22399999999999
DataValue, 1.18, 0.001, 0.014421400000000001, 0.11222300000000002, 112.22300000000001
DataValue, 1.16, 0.001, 0.014423, 0.11222300000000002, 112.22300000000001
DataValue, 1.14, 0.001, 0.0144234, 0.112221, 112.22099999999999
DataValue, 1.12, 0.001, 0.0144256, 0.112225, 112.225
DataValue, 1.1, 0.001, 0.014424999999999999, 0.11222700000000002, 112.227
DataValue, 1.08, 0.001, 0.0144284, 0.11222399999999999, 112.22399999999999
DataValue, 1.06, 0.001, 0.014428000000000002, 0.112225, 112.225
DataValue, 1.04, 0.001, 0.014429, 0.112222, 112.222
DataValue, 1.02, 0.001, 0.0144306, 0.112222, 112.222
DataValue, 1, 0.001, 0.014430799999999999, 0.112226, 112.226
DataValue, 0.98000000000000009, 0.001, 0.014431000000000001, 0.11222700000000002, 112.227
DataValue, 0.96, 0.001, 0.01443, 0.112225, 112.225
DataValue, 0.94000000000000006, 0.001, 0.014431600000000001, 0.11222300000000002, 112.22300000000001
DataValue, 0.91999999999999993, 0.001, 0.014431600000000001, 0.11221900000000001, 112.21900000000001
DataValue, 0.9, 0.001, 0.0144326, 0.112225, 112.225
DataValue, 0.88000000000000012, 0.001, 0.014432400000000002, 0.11222700000000002, 112.227
DataValue, 0.86, 0.001, 0.014431000000000001, 0.112228, 112.228
DataValue, 0.84000000000000008, 0.001, 0.01443, 0.112226, 112.226
DataValue, 0.82, 0.001, 0.0144288, 0.112226, 112.226
DataValue, 0.8, 0.001, 0.0144268, 0.11222399999999999, 112.22399999999999
DataValue, 0.78, 0.001, 0.0144242, 0.112222, 112.222
DataValue, 0.76, 0.001, 0.014421600000000001, 0.112226, 112.226
DataValue, 0.7400000000000001, 0.001, 0.0144174, 0.112226, 112.226
DataValue, 0.72000000000000008, 0.001, 0.014415800000000001, 0.11222399999999999, 112.22399999999999
DataValue, 0.70000000000000007, 0.001, 0.0144124, 0.112222, 112.222
DataValue, 0.68, 0.001, 0.0144078, 0.112221, 112.22099999999999
DataValue, 0.66, 0.001, 0.0144028, 0.11222700000000002, 112.227
DataValue, 0.64000000000000012, 0.001, 0.0143964, 0.11222399999999999, 112.22399999999999
DataValue, 0.62000000000000011, 0.001, 0.0143914, 0.112222, 112.222
DataValue, 0.60000000000000009, 0.001, 0.0143826, 0.11222300000000002, 112.22300000000001
DataValue, 0.58, 0.001, 0.0143726, 0.112222, 112.222
DataValue, 0.55999999999999994, 0.001, 0.0143614, 0.112226, 112.226
DataValue, 0.54, 0.001, 0.0143498, 0.112226, 112.226
DataValue, 0.52, 0.001, 0.014337200000000001, 0.11222900000000001, 112.229
DataValue, 0.5, 0.001, 0.014318599999999999, 0.112225, 112.225
DataValue, 0.48, 0.001, 0.0142982, 0.11221900000000001, 112.21900000000001
DataValue, 0.45999999999999996, 0.001, 0.0142746, 0.11221900000000001, 112.21900000000001
DataValue, 0.44000000000000006, 0.001, 0.0142414, 0.11222399999999999, 112.22399999999999
DataValue, 0.42000000000000004, 0.001, 0.0142036, 0.112218, 112.21799999999999
DataValue, 0.4, 0.001, 0.0141488, 0.112222, 112.222
DataValue, 0.38, 0.001, 0.0140774, 0.11222000000000001, 112.22000000000001
DataValue, 0.36000000000000004, 0.001, 0.013979, 0.112212, 112.212
DataValue, 0.34, 0.001, 0.0138398, 0.112217, 112.21699999999999
DataValue, 0.32000000000000006, 0.001, 0.013639600000000002, 0.112211, 112.211
DataValue, 0.30000000000000004, 0.001, 0.0133512, 0.112208, 112.208
DataValue, 0.27999999999999997, 0.001, 0.012941800000000002, 0.11220200000000001, 112.202
DataValue, 0.26, 0.001, 0.012399400000000001, 0.11219300000000002, 112.19300000000001
DataValue, 0.24, 0.001, 0.011704, 0.11218, 112.17999999999999
DataValue, 0.22000000000000003, 0.001, 0.0108722, 0.11216900000000002, 112.16900000000001
DataValue, 0.2, 0.001, 0.00990976, 0.11214299999999999, 112.14299999999999
DataValue, 0.18000000000000002, 0.001, 0.0088162400000000012, 0.112123, 112.12299999999999
DataValue, 0.16000000000000003, 0.001, 0.00764222, 0.11210500000000001, 112.105
DataValue, 0.13999999999999999, 0.001, 0.0063937, 0.112087, 112.087
DataValue, 0.12, 0.001, 0.0051306200000000007, 0.112072, 112.07199999999999
DataValue, 0.1, 0.001, 0.00389296, 0.11205400000000002, 112.054
DataValue, 0.08, 0.001, 0.00272404, 0.11203300000000001, 112.033
DataValue, 0.06, 0.001, 0.0017168, 0.112018, 112.018
DataValue, 0.04, 0.001, 0.000919566, 0.112007, 112.00699999999999
DataValue, 0.02, 0.001, 0.00034484800000000003, 0.111994, 111.994
DataValue, 0, 0.001, -6.8498599999999992E-06, 0.11199300000000001, 111.99300000000001
DataValue, 0, 0.001, -4.71576E-06, 0.11199200000000001, 111.992
DataValue, 0.02, 0.001, 0.00041917, 0.11199900000000002, 111.99900000000001
DataValue, 0.04, 0.001, 0.0010818840000000002, 0.112011, 112.011
DataValue, 0.06, 0.001, 0.00198104, 0.11202200000000001, 112.022
DataValue, 0.08, 0.001, 0.0030897999999999998, 0.112041, 112.041
DataValue, 0.1, 0.001, 0.00435752, 0.112055, 112.05499999999999
DataValue, 0.12, 0.001, 0.00569534, 0.11207700000000001, 112.077
DataValue, 0.13999999999999999, 0.001, 0.0070609400000000008, 0.11209800000000002, 112.09800000000001
DataValue, 0.16000000000000003, 0.001, 0.00842176, 0.11211800000000001, 112.11800000000001
DataValue, 0.18000000000000002, 0.001, 0.00972226, 0.11214, 112.14
DataValue, 0.2, 0.001, 0.01096222, 0.112164, 112.164
DataValue, 0.22000000000000003, 0.001, 0.0121026, 0.11218600000000001, 112.186
DataValue, 0.24, 0.001, 0.0131444, 0.112201, 112.201
DataValue, 0.26, 0.001, 0.014083000000000002, 0.11221600000000001, 112.21600000000001
DataValue, 0.27999999999999997, 0.001, 0.014896000000000001, 0.11222900000000001, 112.229
DataValue, 0.30000000000000004, 0.001, 0.0155906, 0.11224300000000001, 112.24300000000001
DataValue, 0.32000000000000006, 0.001, 0.016153400000000002, 0.11225099999999999, 112.25099999999999
DataValue, 0.34, 0.001, 0.016596800000000002, 0.11225700000000001, 112.257
DataValue, 0.36000000000000004, 0.001, 0.016936800000000002, 0.112253, 112.253
DataValue, 0.38, 0.001, 0.0171854, 0.112266, 112.266
DataValue, 0.4, 0.001, 0.0173694, 0.11226900000000001, 112.26899999999999
DataValue, 0.42000000000000004, 0.001, 0.017501199999999998, 0.11227100000000001, 112.27100000000002
DataValue, 0.44000000000000006, 0.001, 0.0176002, 0.11227000000000001, 112.27000000000001
DataValue, 0.45999999999999996, 0.001, 0.0176762, 0.11227100000000001, 112.27100000000002
DataValue, 0.48, 0.001, 0.017735, 0.11227100000000001, 112.27100000000002
DataValue, 0.5, 0.001, 0.017782199999999998, 0.11227300000000001, 112.273
DataValue, 0.52, 0.001, 0.017819400000000003, 0.112275, 112.27499999999999
DataValue, 0.54, 0.001, 0.0178526, 0.112276, 112.276
DataValue, 0.55999999999999994, 0.001, 0.0178776, 0.11228, 112.28
DataValue, 0.58, 0.001, 0.0178972, 0.11227100000000001, 112.27100000000002
DataValue, 0.60000000000000009, 0.001, 0.0179132, 0.11228, 112.28
DataValue, 0.62000000000000011, 0.001, 0.0179288, 0.11227799999999999, 112.27799999999999
DataValue, 0.64000000000000012, 0.001, 0.0179414, 0.11228100000000002, 112.281
DataValue, 0.66, 0.001, 0.0179552, 0.11228400000000001, 112.284
DataValue, 0.68, 0.001, 0.0179624, 0.112275, 112.27499999999999
DataValue, 0.70000000000000007, 0.001, 0.0179716, 0.112276, 112.276
DataValue, 0.72000000000000008, 0.001, 0.017978400000000002, 0.11228, 112.28
DataValue, 0.7400000000000001, 0.001, 0.0179866, 0.11227799999999999, 112.27799999999999
DataValue, 0.76, 0.001, 0.0179914, 0.112276, 112.276
DataValue, 0.78, 0.001, 0.0179944, 0.112272, 112.27199999999999
DataValue, 0.8, 0.001, 0.0180002, 0.11227799999999999, 112.27799999999999
DataValue, 0.82, 0.001, 0.018002, 0.11227400000000001, 112.274
DataValue, 0.84000000000000008, 0.001, 0.018004, 0.112276, 112.276
DataValue, 0.86, 0.001, 0.018008, 0.11228, 112.28
DataValue, 0.88000000000000012, 0.001, 0.018008200000000002, 0.112276, 112.276
DataValue, 0.9, 0.001, 0.0180106, 0.112276, 112.276
DataValue, 0.91999999999999993, 0.001, 0.0180104, 0.11227000000000001, 112.27000000000001
DataValue, 0.94000000000000006, 0.001, 0.018011600000000003, 0.112279, 112.279
DataValue, 0.96, 0.001, 0.0180102, 0.11228199999999999, 112.282
DataValue, 0.98000000000000009, 0.001, 0.0180108, 0.11228100000000002, 112.281
DataValue, 1, 0.001, 0.0180092, 0.112279, 112.279
DataValue, 1.02, 0.001, 0.018007, 0.11227400000000001, 112.274
DataValue, 1.04, 0.001, 0.0180084, 0.112276, 112.276
DataValue, 1.06, 0.001, 0.018004199999999998, 0.11228, 112.28
DataValue, 1.08, 0.001, 0.018002800000000003, 0.11227799999999999, 112.27799999999999
DataValue, 1.1, 0.001, 0.017998, 0.112275, 112.27499999999999
DataValue, 1.12, 0.001, 0.017996, 0.11227400000000001, 112.274
DataValue, 1.14, 0.001, 0.0179968, 0.11227400000000001, 112.274
DataValue, 1.16, 0.001, 0.0179916, 0.11228, 112.28
DataValue, 1.18, 0.001, 0.0179914, 0.11228100000000002, 112.281
DataValue, 1.2, 0.001, 0.0179884, 0.11228100000000002, 112.281
DataValue, 1.22, 0.001, 0.0179838, 0.11227799999999999, 112.27799999999999
DataValue, 1.24, 0.001, 0.017979400000000003, 0.112272, 112.27199999999999
DataValue, 1.26, 0.001, 0.0179764, 0.112275, 112.27499999999999
DataValue, 1.28, 0.001, 0.0179734, 0.112275, 112.27499999999999
DataValue, 1.3, 0.001, 0.0179698, 0.11227799999999999, 112.27799999999999
DataValue, 1.32, 0.001, 0.0179666, 0.112275, 112.27499999999999
DataValue, 1.34, 0.001, 0.017961, 0.11227100000000001, 112.27100000000002
DataValue, 1.36, 0.001, 0.0179566, 0.112276, 112.276
DataValue, 1.38, 0.001, 0.017955000000000002, 0.11227799999999999, 112.27799999999999
DataValue, 1.4, 0.001, 0.01795, 0.11227799999999999, 112.27799999999999
DataValue, 1.42, 0.001, 0.017943, 0.112279, 112.279
DataValue, 1.44, 0.001, 0.017940400000000002, 0.112276, 112.276
DataValue, 1.46, 0.001, 0.017938000000000003, 0.112275, 112.27499999999999
DataValue, 1.48, 0.001, 0.0179304, 0.112275, 112.27499999999999
DataValue, 1.5, 0.001, 0.0179278, 0.112276, 112.276
DataValue, 1.52, 0.001, 0.0179224, 0.112276, 112.276
DataValue, 1.54, 0.001, 0.0179184, 0.11227799999999999, 112.27799999999999
DataValue, 1.56, 0.001, 0.017913, 0.11228100000000002, 112.281
DataValue, 1.58, 0.001, 0.0179092, 0.11226799999999999, 112.26799999999999
DataValue, 1.6, 0.001, 0.0179038, 0.112272, 112.27199999999999
DataValue, 1.62, 0.001, 0.017898, 0.112276, 112.276
DataValue, 1.64, 0.001, 0.0178954, 0.112272, 112.27199999999999
DataValue, 1.66, 0.001, 0.017890200000000002, 0.112276, 112.276
DataValue, 1.68, 0.001, 0.0178844, 0.11227300000000001, 112.273
DataValue, 1.7, 0.001, 0.0178788, 0.11227100000000001, 112.27100000000002
DataValue, 1.72, 0.001, 0.017875600000000002, 0.112275, 112.27499999999999
DataValue, 1.74, 0.001, 0.0178678, 0.112276, 112.276
DataValue, 1.76, 0.001, 0.0178626, 0.11227799999999999, 112.27799999999999
DataValue, 1.78, 0.001, 0.0178578, 0.112279, 112.279
DataValue, 1.8, 0.001, 0.017854000000000002, 0.112275, 112.27499999999999
DataValue, 1.82, 0.001, 0.0178484, 0.11227300000000001, 112.273
DataValue, 1.84, 0.001, 0.017843400000000002, 0.11227000000000001, 112.27000000000001
DataValue, 1.86, 0.001, 0.017839, 0.11226900000000001, 112.26899999999999
DataValue, 1.88, 0.001, 0.017834600000000003, 0.11227799999999999, 112.27799999999999
DataValue, 1.9, 0.001, 0.0178284, 0.112279, 112.279
DataValue, 1.92, 0.001, 0.017822, 0.112276, 112.276
DataValue, 1.94, 0.001, 0.017817, 0.112272, 112.27199999999999
DataValue, 1.96, 0.001, 0.0178132, 0.11227000000000001, 112.27000000000001
DataValue, 1.98, 0.001, 0.0178082, 0.11227300000000001, 112.273
DataValue, 2, 0.001, 0.017804, 0.112276, 112.276
DataValue, 2.02, 0.001, 0.0178012, 0.11226900000000001, 112.26899999999999
DataValue, 2.04, 0.001, 0.0177948, 0.112275, 112.27499999999999
DataValue, 2.06, 0.001, 0.0177914, 0.112272, 112.27199999999999
DataValue, 2.08, 0.001, 0.017787999999999998, 0.112276, 112.276
DataValue, 2.1, 0.001, 0.0177832, 0.11227700000000002, 112.277
DataValue, 2.12, 0.001, 0.017778000000000002, 0.112272, 112.27199999999999
DataValue, 2.14, 0.001, 0.0177744, 0.11227400000000001, 112.274
DataValue, 2.16, 0.001, 0.0177674, 0.11227000000000001, 112.27000000000001
DataValue, 2.18, 0.001, 0.017765, 0.11227400000000001, 112.274
DataValue, 2.2, 0.001, 0.0177608, 0.11227300000000001, 112.273
DataValue, 2.22, 0.001, 0.017756, 0.11227100000000001, 112.27100000000002
DataValue, 2.24, 0.001, 0.017752, 0.11226900000000001, 112.26899999999999
DataValue, 2.26, 0.001, 0.017748, 0.11226900000000001, 112.26899999999999
DataValue, 2.28, 0.001, 0.017745200000000003, 0.11227000000000001, 112.27000000000001
DataValue, 2.3, 0.001, 0.017743599999999998, 0.11227400000000001, 112.274
DataValue, 2.32, 0.001, 0.0177384, 0.11227300000000001, 112.273
DataValue, 2.34, 0.001, 0.017737, 0.11227100000000001, 112.27100000000002
DataValue, 2.36, 0.001, 0.0177344, 0.11227100000000001, 112.27100000000002
DataValue, 2.38, 0.001, 0.0177308, 0.112272, 112.27199999999999
DataValue, 2.4, 0.001, 0.0177292, 0.11227000000000001, 112.27000000000001
DataValue, 2.42, 0.001, 0.017727200000000002, 0.112275, 112.27499999999999
DataValue, 2.44, 0.001, 0.0177256, 0.112275, 112.27499999999999
DataValue, 2.46, 0.001, 0.0177276, 0.11227300000000001, 112.273
DataValue, 2.48, 0.001, 0.0177268, 0.112266, 112.266
DataValue, 2.5, 0.001, 0.0177244, 0.112275, 112.27499999999999
DataValue, 2.52, 0.001, 0.0177254, 0.11227700000000002, 112.277
DataValue, 2.54, 0.001, 0.0177282, 0.112272, 112.27199999999999
DataValue, 2.56, 0.001, 0.0177276, 0.11227100000000001, 112.27100000000002
DataValue, 2.58, 0.001, 0.017728400000000002, 0.11226900000000001, 112.26899999999999
DataValue, 2.6, 0.001, 0.0177296, 0.11228, 112.28
DataValue, 2.62, 0.001, 0.0177324, 0.11227100000000001, 112.27100000000002
DataValue, 2.64, 0.001, 0.017733600000000002, 0.112272, 112.27199999999999
DataValue, 2.66, 0.001, 0.0177344, 0.11227000000000001, 112.27000000000001
DataValue, 2.68, 0.001, 0.0177368, 0.11226900000000001, 112.26899999999999
DataValue, 2.7, 0.001, 0.0177434, 0.11227400000000001, 112.274
DataValue, 2.72, 0.001, 0.0177478, 0.11227400000000001, 112.274
DataValue, 2.74, 0.001, 0.0177514, 0.11227100000000001, 112.27100000000002
DataValue, 2.76, 0.001, 0.017757400000000003, 0.112272, 112.27199999999999
DataValue, 2.78, 0.001, 0.017762, 0.112267, 112.26700000000001
DataValue, 2.8, 0.001, 0.0177706, 0.11227100000000001, 112.27100000000002
DataValue, 2.82, 0.001, 0.017777, 0.11226799999999999, 112.26799999999999
DataValue, 2.84, 0.001, 0.017785, 0.11227000000000001, 112.27000000000001
DataValue, 2.86, 0.001, 0.0177936, 0.11227000000000001, 112.27000000000001
DataValue, 2.88, 0.001, 0.0178042, 0.112275, 112.27499999999999
DataValue, 2.9, 0.001, 0.0178138, 0.11227400000000001, 112.274
DataValue, 2.92, 0.001, 0.017824, 0.11227300000000001, 112.273
DataValue, 2.94, 0.001, 0.017836, 0.112272, 112.27199999999999
DataValue, 2.96, 0.001, 0.0178496, 0.11227799999999999, 112.27799999999999
DataValue, 2.98, 0.001, 0.017863800000000003, 0.112276, 112.276
DataValue, 3, 0.001, 0.017878, 0.112272, 112.27199999999999
DataValue, 3, 0.001, 0.0178712, 0.112272, 112.27199999999999
DataValue, 2.98, 0.001, 0.0178498, 0.112279, 112.279
DataValue, 2.96, 0.001, 0.0178294, 0.11227400000000001, 112.274
DataValue, 2.94, 0.001, 0.0178092, 0.11227400000000001, 112.274
DataValue, 2.92, 0.001, 0.0177942, 0.11226900000000001, 112.26899999999999
DataValue, 2.9, 0.001, 0.0177764, 0.11226400000000002, 112.26400000000001
DataValue, 2.88, 0.001, 0.0177646, 0.112267, 112.26700000000001
DataValue, 2.86, 0.001, 0.017749, 0.11227400000000001, 112.274
DataValue, 2.84, 0.001, 0.017736000000000002, 0.11227100000000001, 112.27100000000002
DataValue, 2.82, 0.001, 0.0177228, 0.112276, 112.276
DataValue, 2.8, 0.001, 0.0177098, 0.11226799999999999, 112.26799999999999
DataValue, 2.78, 0.001, 0.017699, 0.11226799999999999, 112.26799999999999
DataValue, 2.76, 0.001, 0.0176906, 0.11227000000000001, 112.27000000000001
DataValue, 2.74, 0.001, 0.0176806, 0.11227799999999999, 112.27799999999999
DataValue, 2.72, 0.001, 0.0176748, 0.112275, 112.27499999999999
DataValue, 2.7, 0.001, 0.0176634, 0.11227400000000001, 112.274
DataValue, 2.68, 0.001, 0.0176562, 0.11226900000000001, 112.26899999999999
DataValue, 2.66, 0.001, 0.0176488, 0.112267, 112.26700000000001
DataValue, 2.64, 0.001, 0.0176428, 0.112272, 112.27199999999999
DataValue, 2.62, 0.001, 0.0176386, 0.11227400000000001, 112.274
DataValue, 2.6, 0.001, 0.0176314, 0.112267, 112.26700000000001
DataValue, 2.58, 0.001, 0.0176306, 0.11227400000000001, 112.274
DataValue, 2.56, 0.001, 0.0176268, 0.112267, 112.26700000000001
DataValue, 2.54, 0.001, 0.0176202, 0.11226799999999999, 112.26799999999999
DataValue, 2.52, 0.001, 0.0176186, 0.11226799999999999, 112.26799999999999
DataValue, 2.5, 0.001, 0.017616, 0.11227000000000001, 112.27000000000001
DataValue, 2.48, 0.001, 0.0176142, 0.11227100000000001, 112.27100000000002
DataValue, 2.46, 0.001, 0.0176132, 0.112266, 112.266
DataValue, 2.44, 0.001, 0.0176108, 0.112266, 112.266
DataValue, 2.42, 0.001, 0.0176108, 0.11226900000000001, 112.26899999999999
DataValue, 2.4, 0.001, 0.0176108, 0.11227000000000001, 112.27000000000001
DataValue, 2.38, 0.001, 0.0176096, 0.112272, 112.27199999999999
DataValue, 2.36, 0.001, 0.0176108, 0.11227400000000001, 112.274
DataValue, 2.34, 0.001, 0.0176108, 0.11226799999999999, 112.26799999999999
DataValue, 2.32, 0.001, 0.0176128, 0.112272, 112.27199999999999
DataValue, 2.3, 0.001, 0.017613, 0.112267, 112.26700000000001
DataValue, 2.28, 0.001, 0.0176146, 0.11227300000000001, 112.273
DataValue, 2.26, 0.001, 0.0176166, 0.11227000000000001, 112.27000000000001
DataValue, 2.24, 0.001, 0.0176172, 0.11227000000000001, 112.27000000000001
DataValue, 2.22, 0.001, 0.017621400000000002, 0.112265, 112.26499999999999
DataValue, 2.2, 0.001, 0.017622, 0.112265, 112.26499999999999
DataValue, 2.18, 0.001, 0.017625, 0.11227100000000001, 112.27100000000002
DataValue, 2.16, 0.001, 0.0176278, 0.11226900000000001, 112.26899999999999
DataValue, 2.14, 0.001, 0.0176306, 0.11227100000000001, 112.27100000000002
DataValue, 2.12, 0.001, 0.0176348, 0.112262, 112.262
DataValue, 2.1, 0.001, 0.017636000000000002, 0.112266, 112.266
DataValue, 2.08, 0.001, 0.0176408, 0.112267, 112.26700000000001
DataValue, 2.06, 0.001, 0.0176422, 0.11227100000000001, 112.27100000000002
DataValue, 2.04, 0.001, 0.0176458, 0.112272, 112.27199999999999
DataValue, 2.02, 0.001, 0.0176498, 0.112272, 112.27199999999999
DataValue, 2, 0.001, 0.0176526, 0.11227100000000001, 112.27100000000002
DataValue, 1.98, 0.001, 0.017656400000000003, 0.11227000000000001, 112.27000000000001
DataValue, 1.96, 0.001, 0.0176624, 0.11227000000000001, 112.27000000000001
DataValue, 1.94, 0.001, 0.017665800000000002, 0.11227400000000001, 112.274
DataValue, 1.92, 0.001, 0.0176698, 0.112272, 112.27199999999999
DataValue, 1.9, 0.001, 0.0176714, 0.112265, 112.26499999999999
DataValue, 1.88, 0.001, 0.0176776, 0.11226900000000001, 112.26899999999999
DataValue, 1.86, 0.001, 0.0176814, 0.112265, 112.26499999999999
DataValue, 1.84, 0.001, 0.017683, 0.112272, 112.27199999999999
DataValue, 1.82, 0.001, 0.0176876, 0.11227400000000001, 112.274
DataValue, 1.8, 0.001, 0.0176926, 0.112279, 112.279
DataValue, 1.78, 0.001, 0.017696, 0.112267, 112.26700000000001
DataValue, 1.76, 0.001, 0.017698600000000002, 0.11227000000000001, 112.27000000000001
DataValue, 1.74, 0.001, 0.0177024, 0.11226900000000001, 112.26899999999999
DataValue, 1.72, 0.001, 0.0177098, 0.112279, 112.279
DataValue, 1.7, 0.001, 0.017713200000000002, 0.112275, 112.27499999999999
DataValue, 1.68, 0.001, 0.0177158, 0.112275, 112.27499999999999
DataValue, 1.66, 0.001, 0.0177226, 0.112276, 112.276
DataValue, 1.64, 0.001, 0.017728, 0.112275, 112.27499999999999
DataValue, 1.62, 0.001, 0.0177302, 0.112272, 112.27199999999999
DataValue, 1.6, 0.001, 0.0177354, 0.11227400000000001, 112.274
DataValue, 1.58, 0.001, 0.0177386, 0.11227100000000001, 112.27100000000002
DataValue, 1.56, 0.001, 0.017743599999999998, 0.11227799999999999, 112.27799999999999
DataValue, 1.54, 0.001, 0.0177454, 0.11227000000000001, 112.27000000000001
DataValue, 1.52, 0.001, 0.0177514, 0.11227100000000001, 112.27100000000002
DataValue, 1.5, 0.001, 0.017756400000000002, 0.11227400000000001, 112.274
DataValue, 1.48, 0.001, 0.017761, 0.11227100000000001, 112.27100000000002
DataValue, 1.46, 0.001, 0.0177646, 0.11227799999999999, 112.27799999999999
DataValue, 1.44, 0.001, 0.017767599999999998, 0.11227799999999999, 112.27799999999999
DataValue, 1.42, 0.001, 0.017772200000000002, 0.112276, 112.276
DataValue, 1.4, 0.001, 0.0177772, 0.112275, 112.27499999999999
DataValue, 1.38, 0.001, 0.01778, 0.112267, 112.26700000000001
DataValue, 1.36, 0.001, 0.017785, 0.112272, 112.27199999999999
DataValue, 1.34, 0.001, 0.017787, 0.11227700000000002, 112.277
DataValue, 1.32, 0.001, 0.017792, 0.112279, 112.279
DataValue, 1.3, 0.001, 0.0177938, 0.112276, 112.276
DataValue, 1.28, 0.001, 0.0177976, 0.112272, 112.27199999999999
DataValue, 1.26, 0.001, 0.017800800000000002, 0.11227100000000001, 112.27100000000002
DataValue, 1.24, 0.001, 0.0178044, 0.11226900000000001, 112.26899999999999
DataValue, 1.22, 0.001, 0.0178094, 0.112276, 112.276
DataValue, 1.2, 0.001, 0.017811, 0.11227400000000001, 112.274
DataValue, 1.18, 0.001, 0.0178132, 0.112267, 112.26700000000001
DataValue, 1.16, 0.001, 0.0178152, 0.112272, 112.27199999999999
DataValue, 1.14, 0.001, 0.0178202, 0.11227100000000001, 112.27100000000002
DataValue, 1.12, 0.001, 0.0178216, 0.112275, 112.27499999999999
DataValue, 1.1, 0.001, 0.0178242, 0.112276, 112.276
DataValue, 1.08, 0.001, 0.017827, 0.11227799999999999, 112.27799999999999
DataValue, 1.06, 0.001, 0.0178292, 0.112276, 112.276
DataValue, 1.04, 0.001, 0.0178322, 0.112275, 112.27499999999999
DataValue, 1.02, 0.001, 0.017834000000000003, 0.112272, 112.27199999999999
DataValue, 1, 0.001, 0.017834600000000003, 0.11227700000000002, 112.277
DataValue, 0.98000000000000009, 0.001, 0.0178366, 0.112276, 112.276
DataValue, 0.96, 0.001, 0.0178356, 0.11227400000000001, 112.274
DataValue, 0.94000000000000006, 0.001, 0.0178384, 0.11227400000000001, 112.274
DataValue, 0.91999999999999993, 0.001, 0.017840400000000003, 0.11227400000000001, 112.274
DataValue, 0.9, 0.001, 0.0178406, 0.112272, 112.27199999999999
DataValue, 0.88000000000000012, 0.001, 0.017838, 0.11227400000000001, 112.274
DataValue, 0.86, 0.001, 0.0178378, 0.112272, 112.27199999999999
DataValue, 0.84000000000000008, 0.001, 0.0178384, 0.11227700000000002, 112.277
DataValue, 0.82, 0.001, 0.0178378, 0.112275, 112.27499999999999
DataValue, 0.8, 0.001, 0.017835399999999998, 0.112275, 112.27499999999999
DataValue, 0.78, 0.001, 0.017832399999999998, 0.11227400000000001, 112.274
DataValue, 0.76, 0.001, 0.0178274, 0.11226900000000001, 112.26899999999999
DataValue, 0.7400000000000001, 0.001, 0.0178262, 0.112276, 112.276
DataValue, 0.72000000000000008, 0.001, 0.017819400000000003, 0.11227799999999999, 112.27799999999999
DataValue, 0.70000000000000007, 0.001, 0.0178156, 0.112275, 112.27499999999999
DataValue, 0.68, 0.001, 0.0178104, 0.11227700000000002, 112.277
DataValue, 0.66, 0.001, 0.0177986, 0.11227300000000001, 112.273
DataValue, 0.64000000000000012, 0.001, 0.0177894, 0.11227400000000001, 112.274
DataValue, 0.62000000000000011, 0.001, 0.0177792, 0.112275, 112.27499999999999
DataValue, 0.60000000000000009, 0.001, 0.0177644, 0.11227700000000002, 112.277
DataValue, 0.58, 0.001, 0.017748200000000002, 0.11227400000000001, 112.274
DataValue, 0.55999999999999994, 0.001, 0.0177274, 0.112275, 112.27499999999999
DataValue, 0.54, 0.001, 0.017705, 0.11227400000000001, 112.274
DataValue, 0.52, 0.001, 0.0176758, 0.112272, 112.27199999999999
DataValue, 0.5, 0.001, 0.017639600000000002, 0.11227700000000002, 112.277
DataValue, 0.48, 0.001, 0.017596, 0.112276, 112.276
DataValue, 0.45999999999999996, 0.001, 0.0175406, 0.11226900000000001, 112.26899999999999
DataValue, 0.44000000000000006, 0.001, 0.017469600000000002, 0.112265, 112.26499999999999
DataValue, 0.42000000000000004, 0.001, 0.0173758, 0.112262, 112.262
DataValue, 0.4, 0.001, 0.0172454, 0.11226900000000001, 112.26899999999999
DataValue, 0.38, 0.001, 0.017067600000000002, 0.112262, 112.262
DataValue, 0.36000000000000004, 0.001, 0.016823, 0.11226000000000001, 112.26
DataValue, 0.34, 0.001, 0.0164918, 0.112252, 112.252
DataValue, 0.32000000000000006, 0.001, 0.0160556, 0.11224200000000001, 112.24199999999999
DataValue, 0.30000000000000004, 0.001, 0.0154984, 0.112235, 112.235
DataValue, 0.27999999999999997, 0.001, 0.014811000000000001, 0.112231, 112.231
DataValue, 0.26, 0.001, 0.014006600000000001, 0.11221900000000001, 112.21900000000001
DataValue, 0.24, 0.001, 0.013074200000000001, 0.11220300000000001, 112.203
DataValue, 0.22000000000000003, 0.001, 0.0120396, 0.11218300000000002, 112.183
DataValue, 0.2, 0.001, 0.0109048, 0.11216900000000002, 112.16900000000001
DataValue, 0.18000000000000002, 0.001, 0.0096737800000000016, 0.11214, 112.14
DataValue, 0.16000000000000003, 0.001, 0.00837524, 0.11212, 112.12
DataValue, 0.13999999999999999, 0.001, 0.00701814, 0.112101, 112.101
DataValue, 0.12, 0.001, 0.00565728, 0.11207800000000001, 112.07800000000002
DataValue, 0.1, 0.001, 0.0043249199999999995, 0.11206400000000001, 112.06400000000001
DataValue, 0.08, 0.001, 0.00306352, 0.112042, 112.042
DataValue, 0.06, 0.001, 0.0019607, 0.11202300000000001, 112.02300000000001
DataValue, 0.04, 0.001, 0.0010662199999999999, 0.11201000000000001, 112.01
DataValue, 0.02, 0.001, 0.00041201400000000004, 0.112001, 112.00099999999999
DataValue, 0, 0.001, -7.2630699999999996E-06, 0.111981, 111.981