SetupTitle, I/V Sweep
PrimitiveTest, I/V Sweep
TestParameter, Context.MainFrame, B1500A
TestParameter, Channel.UnitType, SMU, SMU, SMU
TestParameter, Channel.Unit, SMU1:MP, SMU3:MP, SMU4:MP
TestParameter, Channel.IName, IB, IC, IT
TestParameter, Channel.VName, VB, VC, VT
TestParameter, Channel.Mode, I, V, I
TestParameter, Channel.Func, VAR2, VAR1, CONST
TestParameter, Channel.Index, 
TestParameter, Channel.Time, 
TestParameter, Measurement.Port.Unit, SMU1:MP, SMU3:MP, SMU4:MP
TestParameter, Measurement.Port.SeriesResistor, NONE, NONE, NONE
TestParameter, Measurement.Port.Filter, ON, ON, ON
TestParameter, Measurement.Primary.Locus, Double
TestParameter, Measurement.Primary.Scale, LINEAR
TestParameter, Measurement.Primary.Start, 0
TestParameter, Measurement.Primary.Stop, 3
TestParameter, Measurement.Primary.Step, 0.02
TestParameter, Measurement.Primary.Compliance, 0.04
TestParameter, Measurement.Primary.PowerCompliance, 0
TestParameter, Measurement.Aborting.Condition, STOP AT ANY ABNORMAL
TestParameter, Measurement.PostOutput.Value, START
TestParameter, Measurement.PostOutput.Retention, OFF
TestParameter, Measurement.Secondary.Start, 5E-06
TestParameter, Measurement.Secondary.Count, 6
TestParameter, Measurement.Secondary.Step, 4.9999999999999996E-06
TestParameter, Measurement.Secondary.Compliance, 1
TestParameter, Measurement.Secondary.PowerCompliance, 0
TestParameter, Measurement.Bias.Source, 5E-06, 0, 0.001
TestParameter, Measurement.Bias.Compliance, 1, 0.04, 1.5
TestParameter, Measurement.Monitor.Unit, SMU1:MP, SMU3:MP, SMU4:MP
TestParameter, Measurement.Monitor.Adc, HR ADC, HR ADC, HR ADC
TestParameter, Measurement.Monitor.RangingMode, AUTO, LIMITED, AUTO
TestParameter, Measurement.Monitor.RangeBoundary, , 1nA, 
TestParameter, Measurement.Timing.Hold, 0
TestParameter, Measurement.Timing.Delay, 0
TestParameter, Measurement.Adc.HighSpeed.Mode, AUTO
TestParameter, Measurement.Adc.HighSpeed.Coeff, 1
TestParameter, Measurement.Adc.HighResolution.AutoZero, OFF
TestParameter, Measurement.Adc.HighResolution.Mode, AUTO
TestParameter, Measurement.Adc.HighResolution.Coeff, 32
TestParameter, Measurement.WaitTime.Source.Coeff, 1
TestParameter, Measurement.WaitTime.Source.Offset, 0
TestParameter, Measurement.WaitTime.Monitor.Coeff, 1
TestParameter, Measurement.WaitTime.Monitor.Offset, 0
TestParameter, Function.User.Name, RPT100
TestParameter, Function.User.Unit, ohm
TestParameter, Function.User.Definition, VT/IT
TestParameter, Output.Graph.Enabled, true
TestParameter, Output.Graph.XAxis.Data, VC
TestParameter, Output.Graph.XAxis.Scale, Linear
TestParameter, Output.Graph.XAxis.Left, 0
TestParameter, Output.Graph.XAxis.Right, 3
TestParameter, Output.Graph.YAxis.Data, IC, RPT100
TestParameter, Output.Graph.YAxis.Scale, Linear, Linear
TestParameter, Output.Graph.YAxis.Bottom, 0, 50
TestParameter, Output.Graph.YAxis.Top, 0.025, 150
TestParameter, Output.Graph.YAxis.Group, , 
TestParameter, AutoAnalysis.Interpolation, false
TestParameter, AutoAnalysis.Line1.Enabled, false
TestParameter, AutoAnalysis.Line1.Type, 1
TestParameter, AutoAnalysis.Line1.Fix, True
TestParameter, AutoAnalysis.Line1.YAxis, 0
TestParameter, AutoAnalysis.Line1.Point1.Type, 0
TestParameter, AutoAnalysis.Line1.Point1.XY.X, 
TestParameter, AutoAnalysis.Line1.Point1.XY.Y, 
TestParameter, AutoAnalysis.Line1.Point1.Data.Var, 
TestParameter, AutoAnalysis.Line1.Point1.Data.Condition, 
TestParameter, AutoAnalysis.Line1.Point1.Data.Start, false
TestParameter, AutoAnalysis.Line1.Point1.Data.StartVar, 
TestParameter, AutoAnalysis.Line1.Point1.Data.StartCondition, 
TestParameter, AutoAnalysis.Line1.Point2.Type, 0
TestParameter, AutoAnalysis.Line1.Point2.XY.X, 
TestParameter, AutoAnalysis.Line1.Point2.XY.Y, 
TestParameter, AutoAnalysis.Line1.Point2.Data.Var, 
TestParameter, AutoAnalysis.Line1.Point2.Data.Condition, 
TestParameter, AutoAnalysis.Line1.Point2.Data.Start, false
TestParameter, AutoAnalysis.Line1.Point2.Data.StartVar, 
TestParameter, AutoAnalysis.Line1.Point2.Data.StartCondition, 
TestParameter, AutoAnalysis.Line1.GradientExpr, 0
TestParameter, AutoAnalysis.Line2.Enabled, false
TestParameter, AutoAnalysis.Line2.Type, 1
TestParameter, AutoAnalysis.Line2.Fix, True
TestParameter, AutoAnalysis.Line2.YAxis, 0
TestParameter, AutoAnalysis.Line2.Point1.Type, 0
TestParameter, AutoAnalysis.Line2.Point1.XY.X, 
TestParameter, AutoAnalysis.Line2.Point1.XY.Y, 
TestParameter, AutoAnalysis.Line2.Point1.Data.Var, 
TestParameter, AutoAnalysis.Line2.Point1.Data.Condition, 
TestParameter, AutoAnalysis.Line2.Point1.Data.Start, false
TestParameter, AutoAnalysis.Line2.Point1.Data.StartVar, 
TestParameter, AutoAnalysis.Line2.Point1.Data.StartCondition, 
TestParameter, AutoAnalysis.Line2.Point2.Type, 0
TestParameter, AutoAnalysis.Line2.Point2.XY.X, 
TestParameter, AutoAnalysis.Line2.Point2.XY.Y, 
TestParameter, AutoAnalysis.Line2.Point2.Data.Var, 
TestParameter, AutoAnalysis.Line2.Point2.Data.Condition, 
TestParameter, AutoAnalysis.Line2.Point2.Data.Start, false
TestParameter, AutoAnalysis.Line2.Point2.Data.StartVar, 
TestParameter, AutoAnalysis.Line2.Point2.Data.StartCondition, 
TestParameter, AutoAnalysis.Line2.GradientExpr, 0
TestParameter, AutoAnalysis.Marker.Enabled, false
TestParameter, AutoAnalysis.Marker.Data.Var, 
TestParameter, AutoAnalysis.Marker.Data.Condition, 
TestParameter, AutoAnalysis.Marker.Data.Start, false
TestParameter, AutoAnalysis.Marker.Data.StartVar, 
TestParameter, AutoAnalysis.Marker.Data.StartCondition, 
MetaData, TestRecord.EntryPoint, true
MetaData, TestRecord.RecordTime, 07/10/2025 16:27:12
MetaData, TestRecord.TestTarget, 
MetaData, TestRecord.IterationIndex, 9
MetaData, TestRecord.Preservation, true
MetaData, TestRecord.Flag, 
MetaData, TestRecord.Remarks, 
MetaData, TestRecord.LinkKey, 3577493c-2d3f-45d6-93cb-9e19e45f1641
AnalysisSetup, Analysis.Setup.Vector.Graph.Enabled, true
AnalysisSetup, Analysis.Setup.Vector.Graph.ActiveYAxis, 0
AnalysisSetup, Analysis.Setup.Vector.Graph.LeftYAxis, 0
AnalysisSetup, Analysis.Setup.Vector.Graph.RightYAxis, 1
AnalysisSetup, Analysis.Setup.Vector.Graph.XAxis.Name, VC
AnalysisSetup, Analysis.Setup.Vector.Graph.XAxis.GroupName, 
AnalysisSetup, Analysis.Setup.Vector.Graph.XAxis.Unit, V
AnalysisSetup, Analysis.Setup.Vector.Graph.XAxis.Scale, Linear
AnalysisSetup, Analysis.Setup.Vector.Graph.XAxis.Left, 0
AnalysisSetup, Analysis.Setup.Vector.Graph.XAxis.Right, 3
AnalysisSetup, Analysis.Setup.Vector.Graph.YAxis.Name, IC, RPT100
AnalysisSetup, Analysis.Setup.Vector.Graph.YAxis.GroupName, , 
AnalysisSetup, Analysis.Setup.Vector.Graph.YAxis.Unit, A, ohm
AnalysisSetup, Analysis.Setup.Vector.Graph.YAxis.Scale, Linear, Linear
AnalysisSetup, Analysis.Setup.Vector.Graph.YAxis.Bottom, 0, 50
AnalysisSetup, Analysis.Setup.Vector.Graph.YAxis.Top, 0.025, 150
AnalysisSetup, Analysis.Setup.Vector.Graph.Operation.Marker.Enabled, false
AnalysisSetup, Analysis.Setup.Vector.Graph.Operation.Marker.Interpolation, false
AnalysisSetup, Analysis.Setup.Vector.Graph.Operation.Marker.Index, 0
AnalysisSetup, Analysis.Setup.Vector.Graph.Operation.Marker.Step, 0
AnalysisSetup, Analysis.Setup.Vector.Graph.Operation.Cursor.Enabled, false
AnalysisSetup, Analysis.Setup.Vector.Graph.Operation.Cursor.Active, true
AnalysisSetup, Analysis.Setup.Vector.Graph.Operation.Cursor.NormalX, 0.5
AnalysisSetup, Analysis.Setup.Vector.Graph.Operation.Cursor.NormalY, 0.5
AnalysisSetup, Analysis.Setup.Vector.Graph.Operation.Line1.Enabled, false
AnalysisSetup, Analysis.Setup.Vector.Graph.Operation.Line1.Active, false
AnalysisSetup, Analysis.Setup.Vector.Graph.Operation.Line1.Fix, false
AnalysisSetup, Analysis.Setup.Vector.Graph.Operation.Line1.Type, 1
AnalysisSetup, Analysis.Setup.Vector.Graph.Operation.Line1.YAxisIndex, 0
AnalysisSetup, Analysis.Setup.Vector.Graph.Operation.Line1.LastIndex, -1
AnalysisSetup, Analysis.Setup.Vector.Graph.Operation.Line1.LastStep, -1
AnalysisSetup, Analysis.Setup.Vector.Graph.Operation.Line1.Cursor1.Enabled, false
AnalysisSetup, Analysis.Setup.Vector.Graph.Operation.Line1.Cursor1.Active, false
AnalysisSetup, Analysis.Setup.Vector.Graph.Operation.Line1.Cursor1.NormalX, 0.5
AnalysisSetup, Analysis.Setup.Vector.Graph.Operation.Line1.Cursor1.NormalY, 0.5
AnalysisSetup, Analysis.Setup.Vector.Graph.Operation.Line1.Cursor2.Enabled, false
AnalysisSetup, Analysis.Setup.Vector.Graph.Operation.Line1.Cursor2.Active, false
AnalysisSetup, Analysis.Setup.Vector.Graph.Operation.Line1.Cursor2.NormalX, 0.5
AnalysisSetup, Analysis.Setup.Vector.Graph.Operation.Line1.Cursor2.NormalY, 0.5
AnalysisSetup, Analysis.Setup.Vector.Graph.Operation.Line1.Gradient, 
AnalysisSetup, Analysis.Setup.Vector.Graph.Operation.Line2.Enabled, false
AnalysisSetup, Analysis.Setup.Vector.Graph.Operation.Line2.Active, false
AnalysisSetup, Analysis.Setup.Vector.Graph.Operation.Line2.Fix, false
AnalysisSetup, Analysis.Setup.Vector.Graph.Operation.Line2.Type, 1
AnalysisSetup, Analysis.Setup.Vector.Graph.Operation.Line2.YAxisIndex, 0
AnalysisSetup, Analysis.Setup.Vector.Graph.Operation.Line2.LastIndex, -1
AnalysisSetup, Analysis.Setup.Vector.Graph.Operation.Line2.LastStep, -1
AnalysisSetup, Analysis.Setup.Vector.Graph.Operation.Line2.Cursor1.Enabled, false
AnalysisSetup, Analysis.Setup.Vector.Graph.Operation.Line2.Cursor1.Active, false
AnalysisSetup, Analysis.Setup.Vector.Graph.Operation.Line2.Cursor1.NormalX, 0.5
AnalysisSetup, Analysis.Setup.Vector.Graph.Operation.Line2.Cursor1.NormalY, 0.5
AnalysisSetup, Analysis.Setup.Vector.Graph.Operation.Line2.Cursor2.Enabled, false
AnalysisSetup, Analysis.Setup.Vector.Graph.Operation.Line2.Cursor2.Active, false
AnalysisSetup, Analysis.Setup.Vector.Graph.Operation.Line2.Cursor2.NormalX, 0.5
AnalysisSetup, Analysis.Setup.Vector.Graph.Operation.Line2.Cursor2.NormalY, 0.5
AnalysisSetup, Analysis.Setup.Vector.Graph.Operation.Line2.Gradient, 
AnalysisSetup, Analysis.Setup.Vector.Graph.Preference.BackgroundColor, -1
AnalysisSetup, Analysis.Setup.Vector.Graph.Preference.TextColor, -16777216
AnalysisSetup, Analysis.Setup.Vector.Graph.Preference.GridColor, -3618616
AnalysisSetup, Analysis.Setup.Vector.Graph.Preference.LineColor, -65336
AnalysisSetup, Analysis.Setup.Vector.Graph.Preference.Plots.Y1.Visible, true
AnalysisSetup, Analysis.Setup.Vector.Graph.Preference.Plots.Y1.PlotColor, -16777036
AnalysisSetup, Analysis.Setup.Vector.Graph.Preference.Plots.Y1.Thickness, 1
AnalysisSetup, Analysis.Setup.Vector.Graph.Preference.Plots.Y2.Visible, true
AnalysisSetup, Analysis.Setup.Vector.Graph.Preference.Plots.Y2.PlotColor, -39936
AnalysisSetup, Analysis.Setup.Vector.Graph.Preference.Plots.Y2.Thickness, 1
AnalysisSetup, Analysis.Setup.Vector.Graph.Preference.Plots.Y3.Visible, true
AnalysisSetup, Analysis.Setup.Vector.Graph.Preference.Plots.Y3.PlotColor, -16731136
AnalysisSetup, Analysis.Setup.Vector.Graph.Preference.Plots.Y3.Thickness, 1
AnalysisSetup, Analysis.Setup.Vector.Graph.Preference.Plots.Y4.Visible, true
AnalysisSetup, Analysis.Setup.Vector.Graph.Preference.Plots.Y4.PlotColor, -8892376
AnalysisSetup, Analysis.Setup.Vector.Graph.Preference.Plots.Y4.Thickness, 1
AnalysisSetup, Analysis.Setup.Vector.Graph.Preference.Plots.Y5.Visible, true
AnalysisSetup, Analysis.Setup.Vector.Graph.Preference.Plots.Y5.PlotColor, -65536
AnalysisSetup, Analysis.Setup.Vector.Graph.Preference.Plots.Y5.Thickness, 1
AnalysisSetup, Analysis.Setup.Vector.Graph.Preference.Plots.Y6.Visible, true
AnalysisSetup, Analysis.Setup.Vector.Graph.Preference.Plots.Y6.PlotColor, -14336
AnalysisSetup, Analysis.Setup.Vector.Graph.Preference.Plots.Y6.Thickness, 1
AnalysisSetup, Analysis.Setup.Vector.Graph.Preference.Plots.Y7.Visible, true
AnalysisSetup, Analysis.Setup.Vector.Graph.Preference.Plots.Y7.PlotColor, -6946586
AnalysisSetup, Analysis.Setup.Vector.Graph.Preference.Plots.Y7.Thickness, 1
AnalysisSetup, Analysis.Setup.Vector.Graph.Preference.Plots.Y8.Visible, true
AnalysisSetup, Analysis.Setup.Vector.Graph.Preference.Plots.Y8.PlotColor, -16733546
AnalysisSetup, Analysis.Setup.Vector.Graph.Preference.Plots.Y8.Thickness, 1
AnalysisSetup, Analysis.Setup.Vector.Graph.Preference.Text.AxisTitle.FontName, Tahoma
AnalysisSetup, Analysis.Setup.Vector.Graph.Preference.Text.AxisTitle.RelativeSize, Medium
AnalysisSetup, Analysis.Setup.Vector.Graph.Preference.Text.AxisTitle.Size, 7
AnalysisSetup, Analysis.Setup.Vector.Graph.Preference.Text.ScaleText.FontName, Tahoma
AnalysisSetup, Analysis.Setup.Vector.Graph.Preference.Text.ScaleText.RelativeSize, Medium
AnalysisSetup, Analysis.Setup.Vector.Graph.Preference.Text.ScaleText.Size, 7
AnalysisSetup, Analysis.Setup.Vector.Graph.Preference.Text.Legend.FontName, Tahoma
AnalysisSetup, Analysis.Setup.Vector.Graph.Preference.Text.Legend.RelativeSize, Medium
AnalysisSetup, Analysis.Setup.Vector.Graph.Preference.Text.Legend.Size, 7
AnalysisSetup, Analysis.Setup.Vector.Graph.Preference.Scale.LogTickedDecadeCount, 6
AnalysisSetup, Analysis.Setup.Vector.Graph.Preference.GridVisible, true
AnalysisSetup, Analysis.Setup.Preference.GraphVisible, true
AnalysisSetup, Analysis.Setup.Preference.ListVisible, true
AnalysisSetup, Analysis.Setup.Preference.ScalarVisible, true
AnalysisSetup, Analysis.Setup.Title, I/V Sweep
Dimension1, 302, 302, 302, 302, 302
Dimension2, 6, 6, 6, 6, 6
DataName, VC, IT, IC, VT, RPT100
DataValue, 0, 0.001, -2.6341999999999996E-07, 0.11153, 111.53
DataValue, 0.02, 0.001, 0.00011034, 0.11153, 111.53
DataValue, 0.04, 0.001, 0.00031337000000000004, 0.11152500000000001, 111.525
DataValue, 0.06, 0.001, 0.00063777000000000007, 0.11154, 111.53999999999999
DataValue, 0.08, 0.001, 0.00109149, 0.11154, 111.53999999999999
DataValue, 0.1, 0.001, 0.0016418, 0.11155, 111.55
DataValue, 0.12, 0.001, 0.0022066, 0.11155999999999999, 111.55999999999999
DataValue, 0.13999999999999999, 0.001, 0.0027164000000000003, 0.11157, 111.57
DataValue, 0.16000000000000003, 0.001, 0.0031201, 0.11157, 111.57
DataValue, 0.18000000000000002, 0.001, 0.0033967000000000003, 0.11157500000000001, 111.575
DataValue, 0.2, 0.001, 0.0035697000000000003, 0.111585, 111.58500000000001
DataValue, 0.22000000000000003, 0.001, 0.0036688000000000003, 0.11159, 111.58999999999999
DataValue, 0.24, 0.001, 0.0037256999999999998, 0.11157500000000001, 111.575
DataValue, 0.26, 0.001, 0.0037592, 0.11159, 111.58999999999999
DataValue, 0.27999999999999997, 0.001, 0.0037789000000000004, 0.11159, 111.58999999999999
DataValue, 0.30000000000000004, 0.001, 0.0037926, 0.111585, 111.58500000000001
DataValue, 0.32000000000000006, 0.001, 0.0038019, 0.11159, 111.58999999999999
DataValue, 0.34, 0.001, 0.0038096000000000002, 0.11158, 111.57999999999998
DataValue, 0.36000000000000004, 0.001, 0.0038152, 0.111585, 111.58500000000001
DataValue, 0.38, 0.001, 0.0038201000000000003, 0.11158, 111.57999999999998
DataValue, 0.4, 0.001, 0.0038241, 0.111585, 111.58500000000001
DataValue, 0.42000000000000004, 0.001, 0.0038282, 0.11159, 111.58999999999999
DataValue, 0.44000000000000006, 0.001, 0.0038313, 0.111585, 111.58500000000001
DataValue, 0.45999999999999996, 0.001, 0.0038344, 0.111585, 111.58500000000001
DataValue, 0.48, 0.001, 0.0038365, 0.111585, 111.58500000000001
DataValue, 0.5, 0.001, 0.0038396, 0.11159, 111.58999999999999
DataValue, 0.52, 0.001, 0.0038417, 0.111585, 111.58500000000001
DataValue, 0.54, 0.001, 0.0038442, 0.111585, 111.58500000000001
DataValue, 0.55999999999999994, 0.001, 0.0038458999999999998, 0.111585, 111.58500000000001
DataValue, 0.58, 0.001, 0.003848, 0.11158, 111.57999999999998
DataValue, 0.60000000000000009, 0.001, 0.0038501, 0.111585, 111.58500000000001
DataValue, 0.62000000000000011, 0.001, 0.0038519, 0.111585, 111.58500000000001
DataValue, 0.64000000000000012, 0.001, 0.0038522, 0.11159, 111.58999999999999
DataValue, 0.66, 0.001, 0.0038542999999999997, 0.111585, 111.58500000000001
DataValue, 0.68, 0.001, 0.0038552, 0.11159, 111.58999999999999
DataValue, 0.70000000000000007, 0.001, 0.0038561999999999997, 0.111595, 111.595
DataValue, 0.72000000000000008, 0.001, 0.0038574000000000004, 0.11159, 111.58999999999999
DataValue, 0.7400000000000001, 0.001, 0.0038586000000000002, 0.11159, 111.58999999999999
DataValue, 0.76, 0.001, 0.00386, 0.11159, 111.58999999999999
DataValue, 0.78, 0.001, 0.0038604, 0.11159, 111.58999999999999
DataValue, 0.8, 0.001, 0.0038617, 0.111585, 111.58500000000001
DataValue, 0.82, 0.001, 0.0038623, 0.11159, 111.58999999999999
DataValue, 0.84000000000000008, 0.001, 0.0038632000000000002, 0.111595, 111.595
DataValue, 0.86, 0.001, 0.0038639000000000004, 0.111585, 111.58500000000001
DataValue, 0.88000000000000012, 0.001, 0.0038652, 0.11159, 111.58999999999999
DataValue, 0.9, 0.001, 0.0038662, 0.11159, 111.58999999999999
DataValue, 0.91999999999999993, 0.001, 0.0038667, 0.111585, 111.58500000000001
DataValue, 0.94000000000000006, 0.001, 0.0038667, 0.111585, 111.58500000000001
DataValue, 0.96, 0.001, 0.0038672, 0.11159, 111.58999999999999
DataValue, 0.98000000000000009, 0.001, 0.0038681, 0.111595, 111.595
DataValue, 1, 0.001, 0.0038690000000000005, 0.11159, 111.58999999999999
DataValue, 1.02, 0.001, 0.0038693, 0.11159, 111.58999999999999
DataValue, 1.04, 0.001, 0.0038677000000000004, 0.11158, 111.57999999999998
DataValue, 1.06, 0.001, 0.0038641, 0.11159, 111.58999999999999
DataValue, 1.08, 0.001, 0.0038597, 0.111585, 111.58500000000001
DataValue, 1.1, 0.001, 0.0038575, 0.111595, 111.595
DataValue, 1.12, 0.001, 0.0038564, 0.11159, 111.58999999999999
DataValue, 1.14, 0.001, 0.0038555000000000004, 0.111585, 111.58500000000001
DataValue, 1.16, 0.001, 0.0038548000000000002, 0.111595, 111.595
DataValue, 1.18, 0.001, 0.0038544, 0.111585, 111.58500000000001
DataValue, 1.2, 0.001, 0.0038542000000000003, 0.111595, 111.595
DataValue, 1.22, 0.001, 0.0038551, 0.11159, 111.58999999999999
DataValue, 1.24, 0.001, 0.0038561000000000003, 0.11159, 111.58999999999999
DataValue, 1.26, 0.001, 0.0038561000000000003, 0.11159, 111.58999999999999
DataValue, 1.28, 0.001, 0.0038573, 0.111595, 111.595
DataValue, 1.3, 0.001, 0.0038582, 0.111585, 111.58500000000001
DataValue, 1.32, 0.001, 0.0038587, 0.111585, 111.58500000000001
DataValue, 1.34, 0.001, 0.0038597, 0.111595, 111.595
DataValue, 1.36, 0.001, 0.0038607, 0.11159, 111.58999999999999
DataValue, 1.38, 0.001, 0.0038619, 0.111595, 111.595
DataValue, 1.4, 0.001, 0.0038634, 0.111595, 111.595
DataValue, 1.42, 0.001, 0.0038652, 0.11160000000000002, 111.60000000000001
DataValue, 1.44, 0.001, 0.0038663, 0.111595, 111.595
DataValue, 1.46, 0.001, 0.0038678, 0.11159, 111.58999999999999
DataValue, 1.48, 0.001, 0.0038698, 0.111585, 111.58500000000001
DataValue, 1.5, 0.001, 0.003871, 0.11159, 111.58999999999999
DataValue, 1.52, 0.001, 0.003873, 0.11159, 111.58999999999999
DataValue, 1.54, 0.001, 0.0038741, 0.111585, 111.58500000000001
DataValue, 1.56, 0.001, 0.003876, 0.111595, 111.595
DataValue, 1.58, 0.001, 0.0038779, 0.111585, 111.58500000000001
DataValue, 1.6, 0.001, 0.0038802, 0.11160000000000002, 111.60000000000001
DataValue, 1.62, 0.001, 0.0038815, 0.111595, 111.595
DataValue, 1.64, 0.001, 0.0038835000000000002, 0.111585, 111.58500000000001
DataValue, 1.66, 0.001, 0.0038858, 0.11160000000000002, 111.60000000000001
DataValue, 1.68, 0.001, 0.0038888, 0.111595, 111.595
DataValue, 1.7, 0.001, 0.0038906, 0.11159, 111.58999999999999
DataValue, 1.72, 0.001, 0.0038928, 0.11159, 111.58999999999999
DataValue, 1.74, 0.001, 0.0038953000000000004, 0.111595, 111.595
DataValue, 1.76, 0.001, 0.0038981, 0.11159, 111.58999999999999
DataValue, 1.78, 0.001, 0.0039007, 0.11159, 111.58999999999999
DataValue, 1.8, 0.001, 0.0039037000000000004, 0.111595, 111.595
DataValue, 1.82, 0.001, 0.003907, 0.11159, 111.58999999999999
DataValue, 1.84, 0.001, 0.0039097, 0.111595, 111.595
DataValue, 1.86, 0.001, 0.0039133, 0.111585, 111.58500000000001
DataValue, 1.88, 0.001, 0.0039167, 0.111595, 111.595
DataValue, 1.9, 0.001, 0.0039206, 0.11159, 111.58999999999999
DataValue, 1.92, 0.001, 0.0039247000000000006, 0.11159, 111.58999999999999
DataValue, 1.94, 0.001, 0.0039286, 0.111595, 111.595
DataValue, 1.96, 0.001, 0.0039321, 0.111595, 111.595
DataValue, 1.98, 0.001, 0.0039369999999999995, 0.11160000000000002, 111.60000000000001
DataValue, 2, 0.001, 0.0039412, 0.11159, 111.58999999999999
DataValue, 2.02, 0.001, 0.0039457, 0.111595, 111.595
DataValue, 2.04, 0.001, 0.0039504000000000006, 0.111595, 111.595
DataValue, 2.06, 0.001, 0.003955, 0.11160000000000002, 111.60000000000001
DataValue, 2.08, 0.001, 0.00396, 0.111585, 111.58500000000001
DataValue, 2.1, 0.001, 0.0039653, 0.11160500000000001, 111.605
DataValue, 2.12, 0.001, 0.0039707, 0.11160000000000002, 111.60000000000001
DataValue, 2.14, 0.001, 0.0039759, 0.111595, 111.595
DataValue, 2.16, 0.001, 0.0039813999999999995, 0.11160000000000002, 111.60000000000001
DataValue, 2.18, 0.001, 0.003987, 0.111595, 111.595
DataValue, 2.2, 0.001, 0.0039114, 0.111595, 111.595
DataValue, 2.22, 0.001, 0.0039141, 0.111595, 111.595
DataValue, 2.24, 0.001, 0.0039167, 0.11160000000000002, 111.60000000000001
DataValue, 2.26, 0.001, 0.0039196, 0.111595, 111.595
DataValue, 2.28, 0.001, 0.0039228, 0.11159, 111.58999999999999
DataValue, 2.3, 0.001, 0.0039265, 0.11160000000000002, 111.60000000000001
DataValue, 2.32, 0.001, 0.0039298000000000007, 0.111595, 111.595
DataValue, 2.34, 0.001, 0.0039336000000000006, 0.111595, 111.595
DataValue, 2.36, 0.001, 0.0039379, 0.11160000000000002, 111.60000000000001
DataValue, 2.38, 0.001, 0.0039425, 0.11160000000000002, 111.60000000000001
DataValue, 2.4, 0.001, 0.0039474, 0.11159, 111.58999999999999
DataValue, 2.42, 0.001, 0.0039525, 0.11160000000000002, 111.60000000000001
DataValue, 2.44, 0.001, 0.0039581, 0.11160000000000002, 111.60000000000001
DataValue, 2.46, 0.001, 0.0039632, 0.111595, 111.595
DataValue, 2.48, 0.001, 0.0039693, 0.11160000000000002, 111.60000000000001
DataValue, 2.5, 0.001, 0.0039752, 0.11160500000000001, 111.605
DataValue, 2.52, 0.001, 0.003982, 0.11160500000000001, 111.605
DataValue, 2.54, 0.001, 0.0039886, 0.11160000000000002, 111.60000000000001
DataValue, 2.56, 0.001, 0.0039963, 0.11160500000000001, 111.605
DataValue, 2.58, 0.001, 0.0040035, 0.11161000000000002, 111.61000000000001
DataValue, 2.6, 0.001, 0.0040116, 0.111595, 111.595
DataValue, 2.62, 0.001, 0.0040196, 0.11160500000000001, 111.605
DataValue, 2.64, 0.001, 0.0040283, 0.11160000000000002, 111.60000000000001
DataValue, 2.66, 0.001, 0.0040371, 0.11160500000000001, 111.605
DataValue, 2.68, 0.001, 0.0040469, 0.111595, 111.595
DataValue, 2.7, 0.001, 0.0040577, 0.11160500000000001, 111.605
DataValue, 2.72, 0.001, 0.004068, 0.11160500000000001, 111.605
DataValue, 2.74, 0.001, 0.0040795000000000007, 0.11160000000000002, 111.60000000000001
DataValue, 2.76, 0.001, 0.0040916, 0.111595, 111.595
DataValue, 2.78, 0.001, 0.0041037, 0.11160000000000002, 111.60000000000001
DataValue, 2.8, 0.001, 0.0041165, 0.11160500000000001, 111.605
DataValue, 2.82, 0.001, 0.0041298, 0.11160000000000002, 111.60000000000001
DataValue, 2.84, 0.001, 0.0041436, 0.11160000000000002, 111.60000000000001
DataValue, 2.86, 0.001, 0.0041588000000000007, 0.11160500000000001, 111.605
DataValue, 2.88, 0.001, 0.0041734, 0.11160500000000001, 111.605
DataValue, 2.9, 0.001, 0.0041897, 0.11160000000000002, 111.60000000000001
DataValue, 2.92, 0.001, 0.0042069, 0.11160000000000002, 111.60000000000001
DataValue, 2.94, 0.001, 0.0042244000000000006, 0.11161000000000002, 111.61000000000001
DataValue, 2.96, 0.001, 0.0042424, 0.111595, 111.595
DataValue, 2.98, 0.001, 0.0042606000000000007, 0.11161000000000002, 111.61000000000001
DataValue, 3, 0.001, 0.0042806, 0.11160500000000001, 111.605
DataValue, 3, 0.001, 0.0042804, 0.11160500000000001, 111.605
DataValue, 2.98, 0.001, 0.0042605, 0.11160500000000001, 111.605
DataValue, 2.96, 0.001, 0.0042412000000000005, 0.11160000000000002, 111.60000000000001
DataValue, 2.94, 0.001, 0.0042226999999999994, 0.11160500000000001, 111.605
DataValue, 2.92, 0.001, 0.0042044, 0.11160500000000001, 111.605
DataValue, 2.9, 0.001, 0.0041870000000000006, 0.11160000000000002, 111.60000000000001
DataValue, 2.88, 0.001, 0.0041712, 0.11160000000000002, 111.60000000000001
DataValue, 2.86, 0.001, 0.004156, 0.11160500000000001, 111.605
DataValue, 2.84, 0.001, 0.0041411, 0.11160500000000001, 111.605
DataValue, 2.82, 0.001, 0.0041262999999999994, 0.111595, 111.595
DataValue, 2.8, 0.001, 0.0041124, 0.11160000000000002, 111.60000000000001
DataValue, 2.78, 0.001, 0.0040997, 0.11160000000000002, 111.60000000000001
DataValue, 2.76, 0.001, 0.0040873, 0.11161000000000002, 111.61000000000001
DataValue, 2.74, 0.001, 0.0040757000000000007, 0.11161000000000002, 111.61000000000001
DataValue, 2.72, 0.001, 0.0040639000000000005, 0.11160500000000001, 111.605
DataValue, 2.7, 0.001, 0.0040531, 0.11161000000000002, 111.61000000000001
DataValue, 2.68, 0.001, 0.0040422, 0.11160000000000002, 111.60000000000001
DataValue, 2.66, 0.001, 0.0040325, 0.11160000000000002, 111.60000000000001
DataValue, 2.64, 0.001, 0.004023, 0.11160500000000001, 111.605
DataValue, 2.62, 0.001, 0.0040142, 0.11160000000000002, 111.60000000000001
DataValue, 2.6, 0.001, 0.0040057999999999995, 0.11161000000000002, 111.61000000000001
DataValue, 2.58, 0.001, 0.0039979, 0.11160000000000002, 111.60000000000001
DataValue, 2.56, 0.001, 0.0039898, 0.11160000000000002, 111.60000000000001
DataValue, 2.54, 0.001, 0.0039829, 0.11160000000000002, 111.60000000000001
DataValue, 2.52, 0.001, 0.0039761000000000006, 0.11160500000000001, 111.605
DataValue, 2.5, 0.001, 0.0039692, 0.11160500000000001, 111.605
DataValue, 2.48, 0.001, 0.0039625, 0.11160000000000002, 111.60000000000001
DataValue, 2.46, 0.001, 0.0039565, 0.11160500000000001, 111.605
DataValue, 2.44, 0.001, 0.0039506, 0.11160000000000002, 111.60000000000001
DataValue, 2.42, 0.001, 0.0039453000000000005, 0.11160000000000002, 111.60000000000001
DataValue, 2.4, 0.001, 0.0039404, 0.11160500000000001, 111.605
DataValue, 2.38, 0.001, 0.0039358, 0.111615, 111.615
DataValue, 2.36, 0.001, 0.0039312999999999996, 0.11160500000000001, 111.605
DataValue, 2.34, 0.001, 0.0039263, 0.11159, 111.58999999999999
DataValue, 2.32, 0.001, 0.0039223, 0.11160000000000002, 111.60000000000001
DataValue, 2.3, 0.001, 0.0039189, 0.11160000000000002, 111.60000000000001
DataValue, 2.28, 0.001, 0.0039154, 0.11160500000000001, 111.605
DataValue, 2.26, 0.001, 0.0039115, 0.11160000000000002, 111.60000000000001
DataValue, 2.24, 0.001, 0.0039087, 0.11160500000000001, 111.605
DataValue, 2.22, 0.001, 0.0039051, 0.11160000000000002, 111.60000000000001
DataValue, 2.2, 0.001, 0.0039022, 0.11160000000000002, 111.60000000000001
DataValue, 2.18, 0.001, 0.0038999000000000004, 0.11161000000000002, 111.61000000000001
DataValue, 2.16, 0.001, 0.0038975, 0.11160000000000002, 111.60000000000001
DataValue, 2.14, 0.001, 0.0038954000000000003, 0.11160500000000001, 111.605
DataValue, 2.12, 0.001, 0.0038929999999999998, 0.11160500000000001, 111.605
DataValue, 2.1, 0.001, 0.0038908000000000002, 0.11160500000000001, 111.605
DataValue, 2.08, 0.001, 0.0038893, 0.11160000000000002, 111.60000000000001
DataValue, 2.06, 0.001, 0.0038869, 0.11160000000000002, 111.60000000000001
DataValue, 2.04, 0.001, 0.0038861, 0.11160500000000001, 111.605
DataValue, 2.02, 0.001, 0.0038839, 0.11160500000000001, 111.605
DataValue, 2, 0.001, 0.0038826, 0.111615, 111.615
DataValue, 1.98, 0.001, 0.0038813, 0.11160000000000002, 111.60000000000001
DataValue, 1.96, 0.001, 0.0038796, 0.11160000000000002, 111.60000000000001
DataValue, 1.94, 0.001, 0.0038786999999999997, 0.11160500000000001, 111.605
DataValue, 1.92, 0.001, 0.0038782, 0.11160500000000001, 111.605
DataValue, 1.9, 0.001, 0.0038767999999999997, 0.111615, 111.615
DataValue, 1.88, 0.001, 0.0038758, 0.11160000000000002, 111.60000000000001
DataValue, 1.86, 0.001, 0.0038748999999999997, 0.11161000000000002, 111.61000000000001
DataValue, 1.84, 0.001, 0.0038740000000000003, 0.11160000000000002, 111.60000000000001
DataValue, 1.82, 0.001, 0.0038734000000000004, 0.11160500000000001, 111.605
DataValue, 1.8, 0.001, 0.0038727, 0.111615, 111.615
DataValue, 1.78, 0.001, 0.0038721000000000003, 0.111595, 111.595
DataValue, 1.76, 0.001, 0.0038718, 0.11160500000000001, 111.605
DataValue, 1.74, 0.001, 0.0038709, 0.11160000000000002, 111.60000000000001
DataValue, 1.72, 0.001, 0.0038711, 0.11161000000000002, 111.61000000000001
DataValue, 1.7, 0.001, 0.0038703, 0.111595, 111.595
DataValue, 1.68, 0.001, 0.0038789, 0.11160500000000001, 111.605
DataValue, 1.66, 0.001, 0.0038767999999999997, 0.11161000000000002, 111.61000000000001
DataValue, 1.64, 0.001, 0.0038738, 0.111595, 111.595
DataValue, 1.62, 0.001, 0.0038723, 0.11160500000000001, 111.605
DataValue, 1.6, 0.001, 0.0038703, 0.11161000000000002, 111.61000000000001
DataValue, 1.58, 0.001, 0.0038673, 0.11160500000000001, 111.605
DataValue, 1.56, 0.001, 0.0038649, 0.11160000000000002, 111.60000000000001
DataValue, 1.54, 0.001, 0.0038629, 0.11161000000000002, 111.61000000000001
DataValue, 1.52, 0.001, 0.0038607999999999997, 0.111595, 111.595
DataValue, 1.5, 0.001, 0.0038588, 0.11161000000000002, 111.61000000000001
DataValue, 1.48, 0.001, 0.0038561000000000003, 0.11160000000000002, 111.60000000000001
DataValue, 1.46, 0.001, 0.0038540000000000002, 0.11160000000000002, 111.60000000000001
DataValue, 1.44, 0.001, 0.0038525, 0.11161000000000002, 111.61000000000001
DataValue, 1.42, 0.001, 0.0038509000000000004, 0.11160500000000001, 111.605
DataValue, 1.4, 0.001, 0.0038491, 0.11160000000000002, 111.60000000000001
DataValue, 1.38, 0.001, 0.003848, 0.11160000000000002, 111.60000000000001
DataValue, 1.36, 0.001, 0.0038466, 0.11160500000000001, 111.605
DataValue, 1.34, 0.001, 0.0038455, 0.11160500000000001, 111.605
DataValue, 1.32, 0.001, 0.0038450000000000003, 0.11160000000000002, 111.60000000000001
DataValue, 1.3, 0.001, 0.0038445000000000003, 0.11161000000000002, 111.61000000000001
DataValue, 1.28, 0.001, 0.0038445999999999997, 0.11160500000000001, 111.605
DataValue, 1.26, 0.001, 0.0038444, 0.11160000000000002, 111.60000000000001
DataValue, 1.24, 0.001, 0.0038447, 0.11160500000000001, 111.605
DataValue, 1.22, 0.001, 0.0038452000000000004, 0.11160000000000002, 111.60000000000001
DataValue, 1.2, 0.001, 0.0038466, 0.11161000000000002, 111.61000000000001
DataValue, 1.18, 0.001, 0.0038477000000000003, 0.11161000000000002, 111.61000000000001
DataValue, 1.16, 0.001, 0.0038481, 0.11161000000000002, 111.61000000000001
DataValue, 1.14, 0.001, 0.0038496000000000003, 0.11160000000000002, 111.60000000000001
DataValue, 1.12, 0.001, 0.0038508, 0.111595, 111.595
DataValue, 1.1, 0.001, 0.0038527, 0.111615, 111.615
DataValue, 1.08, 0.001, 0.0038547, 0.11160500000000001, 111.605
DataValue, 1.06, 0.001, 0.0038567000000000002, 0.11160500000000001, 111.605
DataValue, 1.04, 0.001, 0.0038582, 0.11160000000000002, 111.60000000000001
DataValue, 1.02, 0.001, 0.0038598, 0.11160500000000001, 111.605
DataValue, 1, 0.001, 0.0038591000000000003, 0.11160000000000002, 111.60000000000001
DataValue, 0.98000000000000009, 0.001, 0.003859, 0.11160000000000002, 111.60000000000001
DataValue, 0.96, 0.001, 0.0038582, 0.11161000000000002, 111.61000000000001
DataValue, 0.94000000000000006, 0.001, 0.0038579, 0.11160000000000002, 111.60000000000001
DataValue, 0.91999999999999993, 0.001, 0.0038575, 0.11160500000000001, 111.605
DataValue, 0.9, 0.001, 0.0038565, 0.11160500000000001, 111.605
DataValue, 0.88000000000000012, 0.001, 0.0038555000000000004, 0.11160500000000001, 111.605
DataValue, 0.86, 0.001, 0.0038547, 0.11160500000000001, 111.605
DataValue, 0.84000000000000008, 0.001, 0.0038539, 0.11160000000000002, 111.60000000000001
DataValue, 0.82, 0.001, 0.0038527, 0.11160500000000001, 111.605
DataValue, 0.8, 0.001, 0.0038522, 0.11160500000000001, 111.605
DataValue, 0.78, 0.001, 0.0038514, 0.11161000000000002, 111.61000000000001
DataValue, 0.76, 0.001, 0.0038501, 0.111595, 111.595
DataValue, 0.7400000000000001, 0.001, 0.0038488000000000003, 0.11160500000000001, 111.605
DataValue, 0.72000000000000008, 0.001, 0.0038484, 0.11160000000000002, 111.60000000000001
DataValue, 0.70000000000000007, 0.001, 0.0038473, 0.11160500000000001, 111.605
DataValue, 0.68, 0.001, 0.0038462, 0.11161000000000002, 111.61000000000001
DataValue, 0.66, 0.001, 0.0038450000000000003, 0.11161000000000002, 111.61000000000001
DataValue, 0.64000000000000012, 0.001, 0.0038435, 0.11160500000000001, 111.605
DataValue, 0.62000000000000011, 0.001, 0.0038418000000000002, 0.11160500000000001, 111.605
DataValue, 0.60000000000000009, 0.001, 0.0038403, 0.11161000000000002, 111.61000000000001
DataValue, 0.58, 0.001, 0.0038385, 0.11160500000000001, 111.605
DataValue, 0.55999999999999994, 0.001, 0.0038368000000000005, 0.11160500000000001, 111.605
DataValue, 0.54, 0.001, 0.0038349000000000005, 0.11160500000000001, 111.605
DataValue, 0.52, 0.001, 0.0038327, 0.11161000000000002, 111.61000000000001
DataValue, 0.5, 0.001, 0.0038302, 0.11160500000000001, 111.605
DataValue, 0.48, 0.001, 0.003828, 0.11160500000000001, 111.605
DataValue, 0.45999999999999996, 0.001, 0.003826, 0.11160500000000001, 111.605
DataValue, 0.44000000000000006, 0.001, 0.0038229, 0.11160500000000001, 111.605
DataValue, 0.42000000000000004, 0.001, 0.0038201000000000003, 0.11160500000000001, 111.605
DataValue, 0.4, 0.001, 0.0038168000000000004, 0.11160500000000001, 111.605
DataValue, 0.38, 0.001, 0.0038122, 0.11161000000000002, 111.61000000000001
DataValue, 0.36000000000000004, 0.001, 0.0038077000000000002, 0.111595, 111.595
DataValue, 0.34, 0.001, 0.0038018, 0.11160500000000001, 111.605
DataValue, 0.32000000000000006, 0.001, 0.0037944000000000003, 0.11161000000000002, 111.61000000000001
DataValue, 0.30000000000000004, 0.001, 0.0037847, 0.111595, 111.595
DataValue, 0.27999999999999997, 0.001, 0.0037716, 0.11160500000000001, 111.605
DataValue, 0.26, 0.001, 0.0037512, 0.11160500000000001, 111.605
DataValue, 0.24, 0.001, 0.0037176, 0.11160500000000001, 111.605
DataValue, 0.22000000000000003, 0.001, 0.0036607, 0.11160000000000002, 111.60000000000001
DataValue, 0.2, 0.001, 0.0035612, 0.111595, 111.595
DataValue, 0.18000000000000002, 0.001, 0.0033882, 0.11160000000000002, 111.60000000000001
DataValue, 0.16000000000000003, 0.001, 0.0031119, 0.11159, 111.58999999999999
DataValue, 0.13999999999999999, 0.001, 0.0027083, 0.111585, 111.58500000000001
DataValue, 0.12, 0.001, 0.0021991000000000003, 0.11158, 111.57999999999998
DataValue, 0.1, 0.001, 0.0016353, 0.11158, 111.57999999999998
DataValue, 0.08, 0.001, 0.001087, 0.11156500000000001, 111.565
DataValue, 0.06, 0.001, 0.00063478, 0.11155999999999999, 111.55999999999999
DataValue, 0.04, 0.001, 0.00031175, 0.11155500000000002, 111.555
DataValue, 0.02, 0.001, 0.00010988000000000001, 0.11153500000000001, 111.53500000000001
DataValue, 0, 0.001, -2.6364E-07, 0.11154, 111.53999999999999
DataValue, 0, 0.001, -1.7091400000000001E-06, 0.11155500000000002, 111.555
DataValue, 0.02, 0.001, 0.00020551, 0.11155, 111.55
DataValue, 0.04, 0.001, 0.00056440000000000006, 0.11155999999999999, 111.55999999999999
DataValue, 0.06, 0.001, 0.00110529, 0.11155999999999999, 111.55999999999999
DataValue, 0.08, 0.001, 0.0018273, 0.11157500000000001, 111.575
DataValue, 0.1, 0.001, 0.0026886, 0.11159, 111.58999999999999
DataValue, 0.12, 0.001, 0.0036025000000000002, 0.11160000000000002, 111.60000000000001
DataValue, 0.13999999999999999, 0.001, 0.0045015, 0.111615, 111.615
DataValue, 0.16000000000000003, 0.001, 0.0053261, 0.11163000000000001, 111.63000000000001
DataValue, 0.18000000000000002, 0.001, 0.0060103, 0.111635, 111.63499999999999
DataValue, 0.2, 0.001, 0.0065385, 0.11165000000000001, 111.65
DataValue, 0.22000000000000003, 0.001, 0.0069055, 0.11165000000000001, 111.65
DataValue, 0.24, 0.001, 0.0071424, 0.11165000000000001, 111.65
DataValue, 0.26, 0.001, 0.0072903, 0.11166000000000001, 111.66
DataValue, 0.27999999999999997, 0.001, 0.0073806, 0.111655, 111.65499999999999
DataValue, 0.30000000000000004, 0.001, 0.0074359000000000005, 0.111665, 111.66499999999999
DataValue, 0.32000000000000006, 0.001, 0.0074736, 0.11166000000000001, 111.66
DataValue, 0.34, 0.001, 0.0075, 0.111675, 111.675
DataValue, 0.36000000000000004, 0.001, 0.0075195999999999995, 0.11166000000000001, 111.66
DataValue, 0.38, 0.001, 0.0075342000000000004, 0.111655, 111.65499999999999
DataValue, 0.4, 0.001, 0.0075466, 0.111665, 111.66499999999999
DataValue, 0.42000000000000004, 0.001, 0.0075575, 0.111655, 111.65499999999999
DataValue, 0.44000000000000006, 0.001, 0.0075662, 0.111665, 111.66499999999999
DataValue, 0.45999999999999996, 0.001, 0.0075736, 0.11166000000000001, 111.66
DataValue, 0.48, 0.001, 0.0075801, 0.11166000000000001, 111.66
DataValue, 0.5, 0.001, 0.0075863, 0.11166000000000001, 111.66
DataValue, 0.52, 0.001, 0.0075903, 0.11166000000000001, 111.66
DataValue, 0.54, 0.001, 0.007596, 0.111665, 111.66499999999999
DataValue, 0.55999999999999994, 0.001, 0.0076003999999999993, 0.11166000000000001, 111.66
DataValue, 0.58, 0.001, 0.0076045, 0.111655, 111.65499999999999
DataValue, 0.60000000000000009, 0.001, 0.0076078000000000005, 0.111665, 111.66499999999999
DataValue, 0.62000000000000011, 0.001, 0.0076119000000000004, 0.111655, 111.65499999999999
DataValue, 0.64000000000000012, 0.001, 0.0076142000000000007, 0.111665, 111.66499999999999
DataValue, 0.66, 0.001, 0.0076167, 0.11166000000000001, 111.66
DataValue, 0.68, 0.001, 0.0076188, 0.11167, 111.67
DataValue, 0.70000000000000007, 0.001, 0.007622, 0.11167, 111.67
DataValue, 0.72000000000000008, 0.001, 0.0076239, 0.111665, 111.66499999999999
DataValue, 0.7400000000000001, 0.001, 0.0076266, 0.111665, 111.66499999999999
DataValue, 0.76, 0.001, 0.0076282, 0.111665, 111.66499999999999
DataValue, 0.78, 0.001, 0.0076294000000000006, 0.111665, 111.66499999999999
DataValue, 0.8, 0.001, 0.0076317000000000008, 0.111665, 111.66499999999999
DataValue, 0.82, 0.001, 0.0076329000000000006, 0.11167, 111.67
DataValue, 0.84000000000000008, 0.001, 0.0076341000000000004, 0.111665, 111.66499999999999
DataValue, 0.86, 0.001, 0.0076268, 0.11167, 111.67
DataValue, 0.88000000000000012, 0.001, 0.0076161000000000006, 0.11167, 111.67
DataValue, 0.9, 0.001, 0.0076044, 0.11166000000000001, 111.66
DataValue, 0.91999999999999993, 0.001, 0.0075899, 0.11167, 111.67
DataValue, 0.94000000000000006, 0.001, 0.0075759, 0.111665, 111.66499999999999
DataValue, 0.96, 0.001, 0.0075591999999999994, 0.11167, 111.67
DataValue, 0.98000000000000009, 0.001, 0.0075387000000000006, 0.111665, 111.66499999999999
DataValue, 1, 0.001, 0.0075164, 0.111665, 111.66499999999999
DataValue, 1.02, 0.001, 0.0074887, 0.111655, 111.65499999999999
DataValue, 1.04, 0.001, 0.0074586, 0.111665, 111.66499999999999
DataValue, 1.06, 0.001, 0.0074263, 0.11167, 111.67
DataValue, 1.08, 0.001, 0.0073926999999999994, 0.111655, 111.65499999999999
DataValue, 1.1, 0.001, 0.0073618, 0.111665, 111.66499999999999
DataValue, 1.12, 0.001, 0.0073394, 0.111665, 111.66499999999999
DataValue, 1.14, 0.001, 0.0073253000000000007, 0.11166000000000001, 111.66
DataValue, 1.16, 0.001, 0.0073194, 0.11166000000000001, 111.66
DataValue, 1.18, 0.001, 0.0073214, 0.111665, 111.66499999999999
DataValue, 1.2, 0.001, 0.0073325, 0.11167, 111.67
DataValue, 1.22, 0.001, 0.0073495999999999995, 0.111665, 111.66499999999999
DataValue, 1.24, 0.001, 0.007369, 0.111665, 111.66499999999999
DataValue, 1.26, 0.001, 0.007391, 0.11166000000000001, 111.66
DataValue, 1.28, 0.001, 0.0074147, 0.111665, 111.66499999999999
DataValue, 1.3, 0.001, 0.0074359000000000005, 0.11166000000000001, 111.66
DataValue, 1.32, 0.001, 0.0074574, 0.11166000000000001, 111.66
DataValue, 1.34, 0.001, 0.0074754, 0.11167, 111.67
DataValue, 1.36, 0.001, 0.0074915000000000008, 0.11166000000000001, 111.66
DataValue, 1.38, 0.001, 0.0075051, 0.111665, 111.66499999999999
DataValue, 1.4, 0.001, 0.0075189, 0.11166000000000001, 111.66
DataValue, 1.42, 0.001, 0.0075334000000000009, 0.11167, 111.67
DataValue, 1.44, 0.001, 0.0075455, 0.11167, 111.67
DataValue, 1.46, 0.001, 0.0075569, 0.111665, 111.66499999999999
DataValue, 1.48, 0.001, 0.0075667, 0.111675, 111.675
DataValue, 1.5, 0.001, 0.0075754, 0.111665, 111.66499999999999
DataValue, 1.52, 0.001, 0.0075832, 0.111675, 111.675
DataValue, 1.54, 0.001, 0.0075903, 0.111665, 111.66499999999999
DataValue, 1.56, 0.001, 0.0075995, 0.111675, 111.675
DataValue, 1.58, 0.001, 0.0076092000000000009, 0.111665, 111.66499999999999
DataValue, 1.6, 0.001, 0.0076166, 0.111665, 111.66499999999999
DataValue, 1.62, 0.001, 0.0076252, 0.111675, 111.675
DataValue, 1.64, 0.001, 0.0076293, 0.111665, 111.66499999999999
DataValue, 1.66, 0.001, 0.0076339, 0.111675, 111.675
DataValue, 1.68, 0.001, 0.0076388, 0.11167, 111.67
DataValue, 1.7, 0.001, 0.007645400000000001, 0.11167, 111.67
DataValue, 1.72, 0.001, 0.0076504000000000008, 0.111665, 111.66499999999999
DataValue, 1.74, 0.001, 0.0076549, 0.111665, 111.66499999999999
DataValue, 1.76, 0.001, 0.0076571, 0.11167, 111.67
DataValue, 1.78, 0.001, 0.0076545, 0.11166000000000001, 111.66
DataValue, 1.8, 0.001, 0.0076381, 0.111665, 111.66499999999999
DataValue, 1.82, 0.001, 0.0076151000000000005, 0.11166000000000001, 111.66
DataValue, 1.84, 0.001, 0.0075774, 0.11167, 111.67
DataValue, 1.86, 0.001, 0.0075317, 0.111665, 111.66499999999999
DataValue, 1.88, 0.001, 0.0074917, 0.11166000000000001, 111.66
DataValue, 1.9, 0.001, 0.0074285, 0.111665, 111.66499999999999
DataValue, 1.92, 0.001, 0.0073729, 0.11166000000000001, 111.66
DataValue, 1.94, 0.001, 0.0073339, 0.11167, 111.67
DataValue, 1.96, 0.001, 0.0073161, 0.11166000000000001, 111.66
DataValue, 1.98, 0.001, 0.00732, 0.11167, 111.67
DataValue, 2, 0.001, 0.0073472, 0.111665, 111.66499999999999
DataValue, 2.02, 0.001, 0.0074326, 0.111665, 111.66499999999999
DataValue, 2.04, 0.001, 0.0075625, 0.111675, 111.675
DataValue, 2.06, 0.001, 0.0077386, 0.111675, 111.675
DataValue, 2.08, 0.001, 0.007653, 0.111675, 111.675
DataValue, 2.1, 0.001, 0.0076534, 0.111675, 111.675
DataValue, 2.12, 0.001, 0.007655, 0.111675, 111.675
DataValue, 2.14, 0.001, 0.0076565, 0.11167, 111.67
DataValue, 2.16, 0.001, 0.0076576000000000005, 0.11167, 111.67
DataValue, 2.18, 0.001, 0.0076604, 0.111675, 111.675
DataValue, 2.2, 0.001, 0.0076618000000000007, 0.111665, 111.66499999999999
DataValue, 2.22, 0.001, 0.0076642, 0.11168, 111.68
DataValue, 2.24, 0.001, 0.0076673, 0.11168, 111.68
DataValue, 2.26, 0.001, 0.0076697, 0.11167, 111.67
DataValue, 2.28, 0.001, 0.007673, 0.11167, 111.67
DataValue, 2.3, 0.001, 0.007677, 0.11167, 111.67
DataValue, 2.32, 0.001, 0.0076803999999999996, 0.11167, 111.67
DataValue, 2.34, 0.001, 0.0076845, 0.11167, 111.67
DataValue, 2.36, 0.001, 0.0076883, 0.111675, 111.675
DataValue, 2.38, 0.001, 0.0076933999999999995, 0.11167, 111.67
DataValue, 2.4, 0.001, 0.0076996, 0.11168, 111.68
DataValue, 2.42, 0.001, 0.0077046000000000007, 0.11167, 111.67
DataValue, 2.44, 0.001, 0.0077108, 0.111665, 111.66499999999999
DataValue, 2.46, 0.001, 0.0077160000000000006, 0.111675, 111.675
DataValue, 2.48, 0.001, 0.0077237, 0.11167, 111.67
DataValue, 2.5, 0.001, 0.0077296, 0.111675, 111.675
DataValue, 2.52, 0.001, 0.007737, 0.11167, 111.67
DataValue, 2.54, 0.001, 0.0077445000000000005, 0.111675, 111.675
DataValue, 2.56, 0.001, 0.0077542, 0.11167, 111.67
DataValue, 2.58, 0.001, 0.0077615, 0.111675, 111.675
DataValue, 2.6, 0.001, 0.0077719, 0.11168, 111.68
DataValue, 2.62, 0.001, 0.0077821, 0.111675, 111.675
DataValue, 2.64, 0.001, 0.0077925000000000008, 0.11167, 111.67
DataValue, 2.66, 0.001, 0.0078042, 0.111675, 111.675
DataValue, 2.68, 0.001, 0.007814, 0.11168, 111.68
DataValue, 2.7, 0.001, 0.0078265, 0.11167, 111.67
DataValue, 2.72, 0.001, 0.0078398000000000009, 0.11167, 111.67
DataValue, 2.74, 0.001, 0.0078539, 0.11168, 111.68
DataValue, 2.76, 0.001, 0.0078685, 0.111675, 111.675
DataValue, 2.78, 0.001, 0.0078833000000000011, 0.11168, 111.68
DataValue, 2.8, 0.001, 0.0078981, 0.111675, 111.675
DataValue, 2.82, 0.001, 0.0079142, 0.111675, 111.675
DataValue, 2.84, 0.001, 0.0079322, 0.11167, 111.67
DataValue, 2.86, 0.001, 0.0079493, 0.11167, 111.67
DataValue, 2.88, 0.001, 0.0079679, 0.11168, 111.68
DataValue, 2.9, 0.001, 0.0079865, 0.11168, 111.68
DataValue, 2.92, 0.001, 0.008007, 0.11168, 111.68
DataValue, 2.94, 0.001, 0.0080287000000000015, 0.11168499999999999, 111.68499999999999
DataValue, 2.96, 0.001, 0.0080509, 0.11168, 111.68
DataValue, 2.98, 0.001, 0.0080738, 0.11168499999999999, 111.68499999999999
DataValue, 3, 0.001, 0.0080979, 0.11168, 111.68
DataValue, 3, 0.001, 0.0080977999999999987, 0.11168, 111.68
DataValue, 2.98, 0.001, 0.0080716, 0.11168, 111.68
DataValue, 2.96, 0.001, 0.0080465, 0.11168499999999999, 111.68499999999999
DataValue, 2.94, 0.001, 0.0080247, 0.111675, 111.675
DataValue, 2.92, 0.001, 0.0080016, 0.11168, 111.68
DataValue, 2.9, 0.001, 0.0079806000000000009, 0.11168, 111.68
DataValue, 2.88, 0.001, 0.0079591, 0.111675, 111.675
DataValue, 2.86, 0.001, 0.0079397000000000009, 0.11168, 111.68
DataValue, 2.84, 0.001, 0.0079213, 0.11168, 111.68
DataValue, 2.82, 0.001, 0.007904, 0.11168, 111.68
DataValue, 2.8, 0.001, 0.0078867, 0.11168, 111.68
DataValue, 2.78, 0.001, 0.0078707, 0.111675, 111.675
DataValue, 2.76, 0.001, 0.0078545, 0.111675, 111.675
DataValue, 2.74, 0.001, 0.007839, 0.11168, 111.68
DataValue, 2.72, 0.001, 0.0078258, 0.111675, 111.675
DataValue, 2.7, 0.001, 0.0078128, 0.111675, 111.675
DataValue, 2.68, 0.001, 0.0077992999999999995, 0.11167, 111.67
DataValue, 2.66, 0.001, 0.0077865, 0.111675, 111.675
DataValue, 2.64, 0.001, 0.0077746000000000004, 0.11168, 111.68
DataValue, 2.62, 0.001, 0.0077637, 0.11167, 111.67
DataValue, 2.6, 0.001, 0.0077539, 0.11167, 111.67
DataValue, 2.58, 0.001, 0.0077434, 0.11168, 111.68
DataValue, 2.56, 0.001, 0.0077345, 0.11168, 111.68
DataValue, 2.54, 0.001, 0.0077262000000000008, 0.111675, 111.675
DataValue, 2.52, 0.001, 0.0077172000000000004, 0.11168, 111.68
DataValue, 2.5, 0.001, 0.007709, 0.11168499999999999, 111.68499999999999
DataValue, 2.48, 0.001, 0.0077026, 0.11167, 111.67
DataValue, 2.46, 0.001, 0.0076958, 0.111675, 111.675
DataValue, 2.44, 0.001, 0.0076875, 0.11168, 111.68
DataValue, 2.42, 0.001, 0.0076817000000000005, 0.111675, 111.675
DataValue, 2.4, 0.001, 0.0076753, 0.11168, 111.68
DataValue, 2.38, 0.001, 0.0076702, 0.11168, 111.68
DataValue, 2.36, 0.001, 0.0076651, 0.111675, 111.675
DataValue, 2.34, 0.001, 0.0076597, 0.111675, 111.675
DataValue, 2.32, 0.001, 0.0076547, 0.111675, 111.675
DataValue, 2.3, 0.001, 0.007651, 0.11168, 111.68
DataValue, 2.28, 0.001, 0.0076457, 0.111675, 111.675
DataValue, 2.26, 0.001, 0.007642, 0.111675, 111.675
DataValue, 2.24, 0.001, 0.0076391, 0.111675, 111.675
DataValue, 2.22, 0.001, 0.0076351000000000006, 0.11167, 111.67
DataValue, 2.2, 0.001, 0.0076329000000000006, 0.11168, 111.68
DataValue, 2.18, 0.001, 0.0076304, 0.11167, 111.67
DataValue, 2.16, 0.001, 0.0076267, 0.11168, 111.68
DataValue, 2.14, 0.001, 0.0076254999999999995, 0.111675, 111.675
DataValue, 2.12, 0.001, 0.0076231, 0.111675, 111.675
DataValue, 2.1, 0.001, 0.0076214, 0.11167, 111.67
DataValue, 2.08, 0.001, 0.0076197, 0.11168, 111.68
DataValue, 2.06, 0.001, 0.0076185, 0.111675, 111.675
DataValue, 2.04, 0.001, 0.0076171, 0.11167, 111.67
DataValue, 2.02, 0.001, 0.0076155, 0.11169000000000001, 111.69
DataValue, 2, 0.001, 0.0076145, 0.111675, 111.675
DataValue, 1.98, 0.001, 0.0076136, 0.11168, 111.68
DataValue, 1.96, 0.001, 0.0076130000000000008, 0.111675, 111.675
DataValue, 1.94, 0.001, 0.007611, 0.11168, 111.68
DataValue, 1.92, 0.001, 0.0076117, 0.111675, 111.675
DataValue, 1.9, 0.001, 0.0076107, 0.111675, 111.675
DataValue, 1.88, 0.001, 0.0076102, 0.111675, 111.675
DataValue, 1.86, 0.001, 0.0076095, 0.11167, 111.67
DataValue, 1.84, 0.001, 0.0076092000000000009, 0.111675, 111.675
DataValue, 1.82, 0.001, 0.0076081000000000005, 0.111675, 111.675
DataValue, 1.8, 0.001, 0.0076081000000000005, 0.11167, 111.67
DataValue, 1.78, 0.001, 0.0076081000000000005, 0.11168499999999999, 111.68499999999999
DataValue, 1.76, 0.001, 0.0076072, 0.111675, 111.675
DataValue, 1.74, 0.001, 0.0076066000000000007, 0.11168, 111.68
DataValue, 1.72, 0.001, 0.0076079, 0.111675, 111.675
DataValue, 1.7, 0.001, 0.007608, 0.111675, 111.675
DataValue, 1.68, 0.001, 0.0076076, 0.111675, 111.675
DataValue, 1.66, 0.001, 0.0076089, 0.111675, 111.675
DataValue, 1.64, 0.001, 0.0076083, 0.11168, 111.68
DataValue, 1.62, 0.001, 0.0076074, 0.11167, 111.67
DataValue, 1.6, 0.001, 0.0076086, 0.111675, 111.675
DataValue, 1.58, 0.001, 0.0076081000000000005, 0.11168, 111.68
DataValue, 1.56, 0.001, 0.007608, 0.111675, 111.675
DataValue, 1.54, 0.001, 0.0076083, 0.111675, 111.675
DataValue, 1.52, 0.001, 0.0076088, 0.111675, 111.675
DataValue, 1.5, 0.001, 0.0076079, 0.11168, 111.68
DataValue, 1.48, 0.001, 0.0076085000000000007, 0.111675, 111.675
DataValue, 1.46, 0.001, 0.0076096, 0.111675, 111.675
DataValue, 1.44, 0.001, 0.0076099, 0.11167, 111.67
DataValue, 1.42, 0.001, 0.0076097000000000005, 0.111675, 111.675
DataValue, 1.4, 0.001, 0.0076092000000000009, 0.111675, 111.675
DataValue, 1.38, 0.001, 0.0076097000000000005, 0.11168499999999999, 111.68499999999999
DataValue, 1.36, 0.001, 0.0076095, 0.111675, 111.675
DataValue, 1.34, 0.001, 0.0076095, 0.11167, 111.67
DataValue, 1.32, 0.001, 0.0076096, 0.11168, 111.68
DataValue, 1.3, 0.001, 0.0076093, 0.11169000000000001, 111.69
DataValue, 1.28, 0.001, 0.0076095, 0.111675, 111.675
DataValue, 1.26, 0.001, 0.0076099, 0.111675, 111.675
DataValue, 1.24, 0.001, 0.0076098, 0.111675, 111.675
DataValue, 1.22, 0.001, 0.0076093, 0.11168, 111.68
DataValue, 1.2, 0.001, 0.0076088, 0.111675, 111.675
DataValue, 1.18, 0.001, 0.007609, 0.11168499999999999, 111.68499999999999
DataValue, 1.16, 0.001, 0.0076085000000000007, 0.11168499999999999, 111.68499999999999
DataValue, 1.14, 0.001, 0.0076089, 0.11168, 111.68
DataValue, 1.12, 0.001, 0.0076082, 0.11168, 111.68
DataValue, 1.1, 0.001, 0.0076075, 0.111675, 111.675
DataValue, 1.08, 0.001, 0.0076083, 0.111675, 111.675
DataValue, 1.06, 0.001, 0.0076086, 0.11168, 111.68
DataValue, 1.04, 0.001, 0.0076075, 0.111675, 111.675
DataValue, 1.02, 0.001, 0.007606, 0.111675, 111.675
DataValue, 1, 0.001, 0.0076054000000000009, 0.11168, 111.68
DataValue, 0.98000000000000009, 0.001, 0.0076056, 0.111675, 111.675
DataValue, 0.96, 0.001, 0.0076048, 0.11168, 111.68
DataValue, 0.94000000000000006, 0.001, 0.0076034, 0.11168499999999999, 111.68499999999999
DataValue, 0.91999999999999993, 0.001, 0.0076036, 0.11167, 111.67
DataValue, 0.9, 0.001, 0.0076040000000000005, 0.11168, 111.68
DataValue, 0.88000000000000012, 0.001, 0.0076017, 0.111675, 111.675
DataValue, 0.86, 0.001, 0.0076012000000000007, 0.11168, 111.68
DataValue, 0.84000000000000008, 0.001, 0.0075991, 0.111675, 111.675
DataValue, 0.82, 0.001, 0.0075970000000000005, 0.11168, 111.68
DataValue, 0.8, 0.001, 0.0075959, 0.11167, 111.67
DataValue, 0.78, 0.001, 0.007595, 0.11168499999999999, 111.68499999999999
DataValue, 0.76, 0.001, 0.0075941, 0.111675, 111.675
DataValue, 0.7400000000000001, 0.001, 0.0075914, 0.11168, 111.68
DataValue, 0.72000000000000008, 0.001, 0.0075896, 0.11168, 111.68
DataValue, 0.70000000000000007, 0.001, 0.0075884, 0.111675, 111.675
DataValue, 0.68, 0.001, 0.0075855, 0.11168, 111.68
DataValue, 0.66, 0.001, 0.0075839, 0.111675, 111.675
DataValue, 0.64000000000000012, 0.001, 0.0075812, 0.111675, 111.675
DataValue, 0.62000000000000011, 0.001, 0.0075771, 0.11168, 111.68
DataValue, 0.60000000000000009, 0.001, 0.007575300000000001, 0.111675, 111.675
DataValue, 0.58, 0.001, 0.0075720000000000006, 0.11168499999999999, 111.68499999999999
DataValue, 0.55999999999999994, 0.001, 0.007569, 0.11168499999999999, 111.68499999999999
DataValue, 0.54, 0.001, 0.007564, 0.11168499999999999, 111.68499999999999
DataValue, 0.52, 0.001, 0.0075602, 0.11168, 111.68
DataValue, 0.5, 0.001, 0.007556, 0.11168499999999999, 111.68499999999999
DataValue, 0.48, 0.001, 0.00755, 0.11168, 111.68
DataValue, 0.45999999999999996, 0.001, 0.0075431000000000005, 0.11167, 111.67
DataValue, 0.44000000000000006, 0.001, 0.0075365000000000007, 0.11168499999999999, 111.68499999999999
DataValue, 0.42000000000000004, 0.001, 0.0075277, 0.11168, 111.68
DataValue, 0.4, 0.001, 0.0075178000000000007, 0.11168, 111.68
DataValue, 0.38, 0.001, 0.0075051, 0.11168, 111.68
DataValue, 0.36000000000000004, 0.001, 0.0074899, 0.11169500000000002, 111.69500000000001
DataValue, 0.34, 0.001, 0.007471, 0.11168, 111.68
DataValue, 0.32000000000000006, 0.001, 0.0074452, 0.111675, 111.675
DataValue, 0.30000000000000004, 0.001, 0.0074082, 0.111675, 111.675
DataValue, 0.27999999999999997, 0.001, 0.0073533, 0.111675, 111.675
DataValue, 0.26, 0.001, 0.0072638999999999994, 0.111675, 111.675
DataValue, 0.24, 0.001, 0.0071157000000000008, 0.111675, 111.675
DataValue, 0.22000000000000003, 0.001, 0.0068793, 0.11168, 111.68
DataValue, 0.2, 0.001, 0.0065145, 0.11166000000000001, 111.66
DataValue, 0.18000000000000002, 0.001, 0.0059868, 0.11166000000000001, 111.66
DataValue, 0.16000000000000003, 0.001, 0.0053045, 0.11165000000000001, 111.65
DataValue, 0.13999999999999999, 0.001, 0.0044827, 0.111635, 111.63499999999999
DataValue, 0.12, 0.001, 0.0035865999999999997, 0.11162000000000001, 111.62
DataValue, 0.1, 0.001, 0.0026759, 0.11161000000000002, 111.61000000000001
DataValue, 0.08, 0.001, 0.0018174999999999999, 0.111595, 111.595
DataValue, 0.06, 0.001, 0.0010995, 0.11158, 111.57999999999998
DataValue, 0.04, 0.001, 0.00056121, 0.11157500000000001, 111.575
DataValue, 0.02, 0.001, 0.00020423000000000002, 0.11157500000000001, 111.575
DataValue, 0, 0.001, -1.6410999999999998E-06, 0.11157, 111.57
DataValue, 0, 0.001, -2.38722E-06, 0.11157, 111.57
DataValue, 0.02, 0.001, 0.00028843, 0.11157500000000001, 111.575
DataValue, 0.04, 0.001, 0.00077191, 0.111585, 111.58500000000001
DataValue, 0.06, 0.001, 0.0014692000000000002, 0.11159, 111.58999999999999
DataValue, 0.08, 0.001, 0.0023676, 0.11161000000000002, 111.61000000000001
DataValue, 0.1, 0.001, 0.0034219, 0.111625, 111.625
DataValue, 0.12, 0.001, 0.0045445, 0.11164000000000002, 111.64
DataValue, 0.13999999999999999, 0.001, 0.0056798000000000005, 0.111655, 111.65499999999999
DataValue, 0.16000000000000003, 0.001, 0.0067808, 0.111665, 111.66499999999999
DataValue, 0.18000000000000002, 0.001, 0.0077823000000000007, 0.11169500000000002, 111.69500000000001
DataValue, 0.2, 0.001, 0.0086657, 0.11171, 111.71
DataValue, 0.22000000000000003, 0.001, 0.009388500000000001, 0.11170500000000001, 111.70500000000001
DataValue, 0.24, 0.001, 0.0099496000000000012, 0.11171, 111.71
DataValue, 0.26, 0.001, 0.0103608, 0.11173, 111.72999999999999
DataValue, 0.27999999999999997, 0.001, 0.0106395, 0.11172500000000002, 111.72500000000001
DataValue, 0.30000000000000004, 0.001, 0.0108249, 0.11172, 111.72
DataValue, 0.32000000000000006, 0.001, 0.010944100000000002, 0.11173, 111.72999999999999
DataValue, 0.34, 0.001, 0.0110279, 0.11173500000000002, 111.73500000000001
DataValue, 0.36000000000000004, 0.001, 0.0110837, 0.11174, 111.74
DataValue, 0.38, 0.001, 0.0111239, 0.11173500000000002, 111.73500000000001
DataValue, 0.4, 0.001, 0.0111563, 0.11174, 111.74
DataValue, 0.42000000000000004, 0.001, 0.0111808, 0.11174, 111.74
DataValue, 0.44000000000000006, 0.001, 0.0112011, 0.11173500000000002, 111.73500000000001
DataValue, 0.45999999999999996, 0.001, 0.0112151, 0.11173500000000002, 111.73500000000001
DataValue, 0.48, 0.001, 0.011230100000000002, 0.11173500000000002, 111.73500000000001
DataValue, 0.5, 0.001, 0.0112432, 0.11174, 111.74
DataValue, 0.52, 0.001, 0.0112526, 0.11172500000000002, 111.72500000000001
DataValue, 0.54, 0.001, 0.011262000000000001, 0.11173500000000002, 111.73500000000001
DataValue, 0.55999999999999994, 0.001, 0.0112695, 0.11173500000000002, 111.73500000000001
DataValue, 0.58, 0.001, 0.0112762, 0.11173, 111.72999999999999
DataValue, 0.60000000000000009, 0.001, 0.0112843, 0.11173500000000002, 111.73500000000001
DataValue, 0.62000000000000011, 0.001, 0.0112892, 0.11174500000000001, 111.745
DataValue, 0.64000000000000012, 0.001, 0.0112942, 0.11173500000000002, 111.73500000000001
DataValue, 0.66, 0.001, 0.011298500000000001, 0.11173500000000002, 111.73500000000001
DataValue, 0.68, 0.001, 0.0113033, 0.11174, 111.74
DataValue, 0.70000000000000007, 0.001, 0.0113069, 0.11173500000000002, 111.73500000000001
DataValue, 0.72000000000000008, 0.001, 0.0113094, 0.11174, 111.74
DataValue, 0.7400000000000001, 0.001, 0.011312299999999999, 0.11173, 111.72999999999999
DataValue, 0.76, 0.001, 0.0113164, 0.11174, 111.74
DataValue, 0.78, 0.001, 0.011318900000000002, 0.11174, 111.74
DataValue, 0.8, 0.001, 0.0113199, 0.11174, 111.74
DataValue, 0.82, 0.001, 0.0113235, 0.11175, 111.75
DataValue, 0.84000000000000008, 0.001, 0.0113249, 0.11173, 111.72999999999999
DataValue, 0.86, 0.001, 0.011325, 0.11175, 111.75
DataValue, 0.88000000000000012, 0.001, 0.0113276, 0.11173500000000002, 111.73500000000001
DataValue, 0.9, 0.001, 0.011327499999999999, 0.11173500000000002, 111.73500000000001
DataValue, 0.91999999999999993, 0.001, 0.0113286, 0.11175, 111.75
DataValue, 0.94000000000000006, 0.001, 0.011330199999999999, 0.11174, 111.74
DataValue, 0.96, 0.001, 0.01133, 0.11175, 111.75
DataValue, 0.98000000000000009, 0.001, 0.011330499999999999, 0.11173500000000002, 111.73500000000001
DataValue, 1, 0.001, 0.011330499999999999, 0.11174, 111.74
DataValue, 1.02, 0.001, 0.011332, 0.11174500000000001, 111.745
DataValue, 1.04, 0.001, 0.0113238, 0.11174, 111.74
DataValue, 1.06, 0.001, 0.011266400000000001, 0.11174500000000001, 111.745
DataValue, 1.08, 0.001, 0.011151800000000002, 0.11173500000000002, 111.73500000000001
DataValue, 1.1, 0.001, 0.011069599999999999, 0.11175, 111.75
DataValue, 1.12, 0.001, 0.011014999999999999, 0.11174500000000001, 111.745
DataValue, 1.14, 0.001, 0.010960000000000001, 0.11174, 111.74
DataValue, 1.16, 0.001, 0.010899, 0.11175, 111.75
DataValue, 1.18, 0.001, 0.010841000000000002, 0.11174500000000001, 111.745
DataValue, 1.2, 0.001, 0.010778000000000001, 0.11174500000000001, 111.745
DataValue, 1.22, 0.001, 0.010719000000000001, 0.11173500000000002, 111.73500000000001
DataValue, 1.24, 0.001, 0.010660000000000001, 0.11174, 111.74
DataValue, 1.26, 0.001, 0.010599, 0.11175500000000001, 111.75500000000001
DataValue, 1.28, 0.001, 0.010541, 0.11173500000000002, 111.73500000000001
DataValue, 1.3, 0.001, 0.010485, 0.11174, 111.74
DataValue, 1.32, 0.001, 0.010431, 0.11174, 111.74
DataValue, 1.34, 0.001, 0.010378, 0.11173500000000002, 111.73500000000001
DataValue, 1.36, 0.001, 0.010329, 0.11173500000000002, 111.73500000000001
DataValue, 1.38, 0.001, 0.010282, 0.11173500000000002, 111.73500000000001
DataValue, 1.4, 0.001, 0.010239, 0.11173500000000002, 111.73500000000001
DataValue, 1.42, 0.001, 0.010203, 0.11173500000000002, 111.73500000000001
DataValue, 1.44, 0.001, 0.010168, 0.11173, 111.72999999999999
DataValue, 1.46, 0.001, 0.010138000000000001, 0.11174500000000001, 111.745
DataValue, 1.48, 0.001, 0.010113, 0.11173, 111.72999999999999
DataValue, 1.5, 0.001, 0.010095000000000002, 0.11173500000000002, 111.73500000000001
DataValue, 1.52, 0.001, 0.010079000000000001, 0.11174, 111.74
DataValue, 1.54, 0.001, 0.010067999999999999, 0.11173500000000002, 111.73500000000001
DataValue, 1.56, 0.001, 0.010061, 0.11173500000000002, 111.73500000000001
DataValue, 1.58, 0.001, 0.010058000000000001, 0.11173, 111.72999999999999
DataValue, 1.6, 0.001, 0.010055000000000001, 0.11173, 111.72999999999999
DataValue, 1.62, 0.001, 0.010052000000000002, 0.11173500000000002, 111.73500000000001
DataValue, 1.64, 0.001, 0.010046, 0.11173500000000002, 111.73500000000001
DataValue, 1.66, 0.001, 0.010026, 0.11173500000000002, 111.73500000000001
DataValue, 1.68, 0.001, 0.0099292000000000009, 0.11171500000000001, 111.715
DataValue, 1.7, 0.001, 0.0099111999999999985, 0.11172, 111.72
DataValue, 1.72, 0.001, 0.0099044, 0.11172, 111.72
DataValue, 1.74, 0.001, 0.0099146, 0.11172500000000002, 111.72500000000001
DataValue, 1.76, 0.001, 0.0099336, 0.11172, 111.72
DataValue, 1.78, 0.001, 0.0099596, 0.11172, 111.72
DataValue, 1.8, 0.001, 0.0099951000000000016, 0.11172, 111.72
DataValue, 1.82, 0.001, 0.010043700000000001, 0.11172, 111.72
DataValue, 1.84, 0.001, 0.0100999, 0.11172, 111.72
DataValue, 1.86, 0.001, 0.0101676, 0.11173500000000002, 111.73500000000001
DataValue, 1.88, 0.001, 0.010242800000000002, 0.11172500000000002, 111.72500000000001
DataValue, 1.9, 0.001, 0.0103249, 0.11172500000000002, 111.72500000000001
DataValue, 1.92, 0.001, 0.010422, 0.11172500000000002, 111.72500000000001
DataValue, 1.94, 0.001, 0.0105403, 0.11174, 111.74
DataValue, 1.96, 0.001, 0.010680499999999999, 0.11173500000000002, 111.73500000000001
DataValue, 1.98, 0.001, 0.0108453, 0.11174, 111.74
DataValue, 2, 0.001, 0.011056900000000001, 0.11174, 111.74
DataValue, 2.02, 0.001, 0.011296299999999999, 0.11174, 111.74
DataValue, 2.04, 0.001, 0.0112945, 0.11174500000000001, 111.745
DataValue, 2.06, 0.001, 0.011293899999999999, 0.11174, 111.74
DataValue, 2.08, 0.001, 0.0112929, 0.11173500000000002, 111.73500000000001
DataValue, 2.1, 0.001, 0.0112925, 0.11174500000000001, 111.745
DataValue, 2.12, 0.001, 0.011293, 0.11173500000000002, 111.73500000000001
DataValue, 2.14, 0.001, 0.011292400000000001, 0.11174500000000001, 111.745
DataValue, 2.16, 0.001, 0.0112926, 0.11173500000000002, 111.73500000000001
DataValue, 2.18, 0.001, 0.0112909, 0.11175, 111.75
DataValue, 2.2, 0.001, 0.0112934, 0.11173500000000002, 111.73500000000001
DataValue, 2.22, 0.001, 0.0112929, 0.11175, 111.75
DataValue, 2.24, 0.001, 0.0112933, 0.11175, 111.75
DataValue, 2.26, 0.001, 0.0112964, 0.11174, 111.74
DataValue, 2.28, 0.001, 0.011297, 0.11174, 111.74
DataValue, 2.3, 0.001, 0.011297999999999999, 0.11174, 111.74
DataValue, 2.32, 0.001, 0.0113008, 0.11174500000000001, 111.745
DataValue, 2.34, 0.001, 0.0113049, 0.11174, 111.74
DataValue, 2.36, 0.001, 0.011307300000000001, 0.11174, 111.74
DataValue, 2.38, 0.001, 0.01131, 0.11174, 111.74
DataValue, 2.4, 0.001, 0.011314900000000001, 0.11174, 111.74
DataValue, 2.42, 0.001, 0.0113164, 0.11174, 111.74
DataValue, 2.44, 0.001, 0.0113212, 0.11174, 111.74
DataValue, 2.46, 0.001, 0.0113267, 0.11174500000000001, 111.745
DataValue, 2.48, 0.001, 0.0113323, 0.11174500000000001, 111.745
DataValue, 2.5, 0.001, 0.011336800000000001, 0.11174, 111.74
DataValue, 2.52, 0.001, 0.011343, 0.11174500000000001, 111.745
DataValue, 2.54, 0.001, 0.0113472, 0.11174, 111.74
DataValue, 2.56, 0.001, 0.0113541, 0.11174500000000001, 111.745
DataValue, 2.58, 0.001, 0.0113624, 0.11175, 111.75
DataValue, 2.6, 0.001, 0.0113695, 0.11174500000000001, 111.745
DataValue, 2.62, 0.001, 0.011377900000000002, 0.11174500000000001, 111.745
DataValue, 2.64, 0.001, 0.0113885, 0.11174, 111.74
DataValue, 2.66, 0.001, 0.0113959, 0.11174, 111.74
DataValue, 2.68, 0.001, 0.011408, 0.11175, 111.75
DataValue, 2.7, 0.001, 0.0114172, 0.11174, 111.74
DataValue, 2.72, 0.001, 0.0114278, 0.11174, 111.74
DataValue, 2.74, 0.001, 0.0114403, 0.11174500000000001, 111.745
DataValue, 2.76, 0.001, 0.011453199999999999, 0.11175, 111.75
DataValue, 2.78, 0.001, 0.0114671, 0.11174500000000001, 111.745
DataValue, 2.8, 0.001, 0.011480200000000001, 0.11175, 111.75
DataValue, 2.82, 0.001, 0.011494800000000001, 0.11175, 111.75
DataValue, 2.84, 0.001, 0.011516, 0.11176, 111.75999999999999
DataValue, 2.86, 0.001, 0.011534, 0.11175500000000001, 111.75500000000001
DataValue, 2.88, 0.001, 0.011552, 0.111765, 111.765
DataValue, 2.9, 0.001, 0.011569000000000001, 0.11175500000000001, 111.75500000000001
DataValue, 2.92, 0.001, 0.011590000000000001, 0.11176, 111.75999999999999
DataValue, 2.94, 0.001, 0.01161, 0.111765, 111.765
DataValue, 2.96, 0.001, 0.011629, 0.11176, 111.75999999999999
DataValue, 2.98, 0.001, 0.011652000000000001, 0.111765, 111.765
DataValue, 3, 0.001, 0.011674, 0.11176, 111.75999999999999
DataValue, 3, 0.001, 0.011672, 0.111765, 111.765
DataValue, 2.98, 0.001, 0.011646000000000002, 0.11176, 111.75999999999999
DataValue, 2.96, 0.001, 0.011624, 0.11176, 111.75999999999999
DataValue, 2.94, 0.001, 0.011599, 0.11175500000000001, 111.75500000000001
DataValue, 2.92, 0.001, 0.011576, 0.11176, 111.75999999999999
DataValue, 2.9, 0.001, 0.011555, 0.11176, 111.75999999999999
DataValue, 2.88, 0.001, 0.011537, 0.11175500000000001, 111.75500000000001
DataValue, 2.86, 0.001, 0.011516, 0.11176, 111.75999999999999
DataValue, 2.84, 0.001, 0.011498999999999999, 0.11175, 111.75
DataValue, 2.82, 0.001, 0.011484000000000001, 0.11175500000000001, 111.75500000000001
DataValue, 2.8, 0.001, 0.011465000000000001, 0.11176, 111.75999999999999
DataValue, 2.78, 0.001, 0.011448, 0.111765, 111.765
DataValue, 2.76, 0.001, 0.011434999999999999, 0.11175500000000001, 111.75500000000001
DataValue, 2.74, 0.001, 0.011420999999999999, 0.11176, 111.75999999999999
DataValue, 2.72, 0.001, 0.011405, 0.111765, 111.765
DataValue, 2.7, 0.001, 0.011393, 0.11176, 111.75999999999999
DataValue, 2.68, 0.001, 0.011380999999999999, 0.11175500000000001, 111.75500000000001
DataValue, 2.66, 0.001, 0.011372, 0.11175500000000001, 111.75500000000001
DataValue, 2.64, 0.001, 0.011359999999999999, 0.11176, 111.75999999999999
DataValue, 2.62, 0.001, 0.01135, 0.11175, 111.75
DataValue, 2.6, 0.001, 0.011339, 0.11175500000000001, 111.75500000000001
DataValue, 2.58, 0.001, 0.01133, 0.111765, 111.765
DataValue, 2.56, 0.001, 0.011321000000000001, 0.11175500000000001, 111.75500000000001
DataValue, 2.54, 0.001, 0.011315, 0.11175500000000001, 111.75500000000001
DataValue, 2.52, 0.001, 0.011307000000000001, 0.11176, 111.75999999999999
DataValue, 2.5, 0.001, 0.011299, 0.11175500000000001, 111.75500000000001
DataValue, 2.48, 0.001, 0.011294, 0.11175, 111.75
DataValue, 2.46, 0.001, 0.011287, 0.111765, 111.765
DataValue, 2.44, 0.001, 0.011281000000000001, 0.11175500000000001, 111.75500000000001
DataValue, 2.42, 0.001, 0.011273, 0.11175, 111.75
DataValue, 2.4, 0.001, 0.01127, 0.11176, 111.75999999999999
DataValue, 2.38, 0.001, 0.011263, 0.11175500000000001, 111.75500000000001
DataValue, 2.36, 0.001, 0.01126, 0.11175, 111.75
DataValue, 2.34, 0.001, 0.011257, 0.11175500000000001, 111.75500000000001
DataValue, 2.32, 0.001, 0.011254, 0.111765, 111.765
DataValue, 2.3, 0.001, 0.011251, 0.11175500000000001, 111.75500000000001
DataValue, 2.28, 0.001, 0.011246, 0.11175, 111.75
DataValue, 2.26, 0.001, 0.011245000000000002, 0.11176, 111.75999999999999
DataValue, 2.24, 0.001, 0.011241000000000001, 0.11175500000000001, 111.75500000000001
DataValue, 2.22, 0.001, 0.011242, 0.11176, 111.75999999999999
DataValue, 2.2, 0.001, 0.011238999999999999, 0.11175500000000001, 111.75500000000001
DataValue, 2.18, 0.001, 0.011238, 0.11174500000000001, 111.745
DataValue, 2.16, 0.001, 0.011236999999999999, 0.11175500000000001, 111.75500000000001
DataValue, 2.14, 0.001, 0.011235, 0.11175500000000001, 111.75500000000001
DataValue, 2.12, 0.001, 0.011235, 0.11175500000000001, 111.75500000000001
DataValue, 2.1, 0.001, 0.011235, 0.11175500000000001, 111.75500000000001
DataValue, 2.08, 0.001, 0.011233, 0.11175500000000001, 111.75500000000001
DataValue, 2.06, 0.001, 0.011233, 0.11175, 111.75
DataValue, 2.04, 0.001, 0.011231, 0.11175500000000001, 111.75500000000001
DataValue, 2.02, 0.001, 0.011233, 0.11175500000000001, 111.75500000000001
DataValue, 2, 0.001, 0.011233, 0.11175500000000001, 111.75500000000001
DataValue, 1.98, 0.001, 0.011233, 0.11175, 111.75
DataValue, 1.96, 0.001, 0.011233, 0.11176, 111.75999999999999
DataValue, 1.94, 0.001, 0.011233, 0.11176, 111.75999999999999
DataValue, 1.92, 0.001, 0.011233, 0.11176, 111.75999999999999
DataValue, 1.9, 0.001, 0.011233, 0.11176, 111.75999999999999
DataValue, 1.88, 0.001, 0.011234, 0.111765, 111.765
DataValue, 1.86, 0.001, 0.011233, 0.11175500000000001, 111.75500000000001
DataValue, 1.84, 0.001, 0.011235, 0.11175, 111.75
DataValue, 1.82, 0.001, 0.011235, 0.11176, 111.75999999999999
DataValue, 1.8, 0.001, 0.011236, 0.111765, 111.765
DataValue, 1.78, 0.001, 0.011236, 0.11175500000000001, 111.75500000000001
DataValue, 1.76, 0.001, 0.011236999999999999, 0.11176, 111.75999999999999
DataValue, 1.74, 0.001, 0.011236999999999999, 0.11175500000000001, 111.75500000000001
DataValue, 1.72, 0.001, 0.011236999999999999, 0.111765, 111.765
DataValue, 1.7, 0.001, 0.011241000000000001, 0.11176, 111.75999999999999
DataValue, 1.68, 0.001, 0.011241000000000001, 0.11175500000000001, 111.75500000000001
DataValue, 1.66, 0.001, 0.011243000000000001, 0.11175500000000001, 111.75500000000001
DataValue, 1.64, 0.001, 0.011243000000000001, 0.11175500000000001, 111.75500000000001
DataValue, 1.62, 0.001, 0.011246, 0.11175500000000001, 111.75500000000001
DataValue, 1.6, 0.001, 0.011247, 0.11175, 111.75
DataValue, 1.58, 0.001, 0.011249, 0.11176, 111.75999999999999
DataValue, 1.56, 0.001, 0.01125, 0.11175500000000001, 111.75500000000001
DataValue, 1.54, 0.001, 0.011251, 0.11176, 111.75999999999999
DataValue, 1.52, 0.001, 0.011254, 0.11175500000000001, 111.75500000000001
DataValue, 1.5, 0.001, 0.011252999999999999, 0.111765, 111.765
DataValue, 1.48, 0.001, 0.011254, 0.11176, 111.75999999999999
DataValue, 1.46, 0.001, 0.011256, 0.11175500000000001, 111.75500000000001
DataValue, 1.44, 0.001, 0.011257, 0.11175500000000001, 111.75500000000001
DataValue, 1.42, 0.001, 0.011259, 0.11176, 111.75999999999999
DataValue, 1.4, 0.001, 0.011257999999999999, 0.11176, 111.75999999999999
DataValue, 1.38, 0.001, 0.01126, 0.11175, 111.75
DataValue, 1.36, 0.001, 0.01126, 0.11175, 111.75
DataValue, 1.34, 0.001, 0.011262000000000001, 0.11176, 111.75999999999999
DataValue, 1.32, 0.001, 0.011263, 0.11176, 111.75999999999999
DataValue, 1.3, 0.001, 0.011264000000000001, 0.111765, 111.765
DataValue, 1.28, 0.001, 0.011264000000000001, 0.11175500000000001, 111.75500000000001
DataValue, 1.26, 0.001, 0.011266, 0.111765, 111.765
DataValue, 1.24, 0.001, 0.011265, 0.11176, 111.75999999999999
DataValue, 1.22, 0.001, 0.011268, 0.11175500000000001, 111.75500000000001
DataValue, 1.2, 0.001, 0.011267000000000001, 0.11175500000000001, 111.75500000000001
DataValue, 1.18, 0.001, 0.011269, 0.11175500000000001, 111.75500000000001
DataValue, 1.16, 0.001, 0.011269, 0.11176, 111.75999999999999
DataValue, 1.14, 0.001, 0.011269, 0.11175500000000001, 111.75500000000001
DataValue, 1.12, 0.001, 0.01127, 0.11175500000000001, 111.75500000000001
DataValue, 1.1, 0.001, 0.011267000000000001, 0.11176, 111.75999999999999
DataValue, 1.08, 0.001, 0.011269, 0.11175500000000001, 111.75500000000001
DataValue, 1.06, 0.001, 0.011268, 0.11175500000000001, 111.75500000000001
DataValue, 1.04, 0.001, 0.011269, 0.11175500000000001, 111.75500000000001
DataValue, 1.02, 0.001, 0.011268, 0.11175500000000001, 111.75500000000001
DataValue, 1, 0.001, 0.01127, 0.111765, 111.765
DataValue, 0.98000000000000009, 0.001, 0.011268, 0.11176, 111.75999999999999
DataValue, 0.96, 0.001, 0.011268, 0.11176, 111.75999999999999
DataValue, 0.94000000000000006, 0.001, 0.011267000000000001, 0.111765, 111.765
DataValue, 0.91999999999999993, 0.001, 0.011267000000000001, 0.111765, 111.765
DataValue, 0.9, 0.001, 0.011267000000000001, 0.11175500000000001, 111.75500000000001
DataValue, 0.88000000000000012, 0.001, 0.011266, 0.11176, 111.75999999999999
DataValue, 0.86, 0.001, 0.011266, 0.11176, 111.75999999999999
DataValue, 0.84000000000000008, 0.001, 0.011262000000000001, 0.11176, 111.75999999999999
DataValue, 0.82, 0.001, 0.011261000000000002, 0.11176, 111.75999999999999
DataValue, 0.8, 0.001, 0.011259, 0.111765, 111.765
DataValue, 0.78, 0.001, 0.011259, 0.11176, 111.75999999999999
DataValue, 0.76, 0.001, 0.011255, 0.11176, 111.75999999999999
DataValue, 0.7400000000000001, 0.001, 0.011255, 0.11175500000000001, 111.75500000000001
DataValue, 0.72000000000000008, 0.001, 0.011252999999999999, 0.11175500000000001, 111.75500000000001
DataValue, 0.70000000000000007, 0.001, 0.011249, 0.11176, 111.75999999999999
DataValue, 0.68, 0.001, 0.011248000000000001, 0.11175500000000001, 111.75500000000001
DataValue, 0.66, 0.001, 0.011245000000000002, 0.11176, 111.75999999999999
DataValue, 0.64000000000000012, 0.001, 0.011238999999999999, 0.11175500000000001, 111.75500000000001
DataValue, 0.62000000000000011, 0.001, 0.011234, 0.11176, 111.75999999999999
DataValue, 0.60000000000000009, 0.001, 0.011227, 0.11177, 111.77
DataValue, 0.58, 0.001, 0.011224000000000001, 0.11175, 111.75
DataValue, 0.55999999999999994, 0.001, 0.011219, 0.11175500000000001, 111.75500000000001
DataValue, 0.54, 0.001, 0.011209, 0.11176, 111.75999999999999
DataValue, 0.52, 0.001, 0.011198, 0.11177, 111.77
DataValue, 0.5, 0.001, 0.01119, 0.11176, 111.75999999999999
DataValue, 0.48, 0.001, 0.011179, 0.11175500000000001, 111.75500000000001
DataValue, 0.45999999999999996, 0.001, 0.011165000000000001, 0.111765, 111.765
DataValue, 0.44000000000000006, 0.001, 0.01115, 0.111765, 111.765
DataValue, 0.42000000000000004, 0.001, 0.011131, 0.11175500000000001, 111.75500000000001
DataValue, 0.4, 0.001, 0.011106000000000001, 0.11176, 111.75999999999999
DataValue, 0.38, 0.001, 0.011075, 0.11176, 111.75999999999999
DataValue, 0.36000000000000004, 0.001, 0.011037, 0.11176, 111.75999999999999
DataValue, 0.34, 0.001, 0.010980000000000002, 0.11176, 111.75999999999999
DataValue, 0.32000000000000006, 0.001, 0.010900000000000002, 0.11175, 111.75
DataValue, 0.30000000000000004, 0.001, 0.010781, 0.11176, 111.75999999999999
DataValue, 0.27999999999999997, 0.001, 0.010597, 0.11175, 111.75
DataValue, 0.26, 0.001, 0.010321, 0.11174500000000001, 111.745
DataValue, 0.24, 0.001, 0.0099084000000000012, 0.11173, 111.72999999999999
DataValue, 0.22000000000000003, 0.001, 0.00935, 0.11172500000000002, 111.72500000000001
DataValue, 0.2, 0.001, 0.0086303, 0.11170500000000001, 111.70500000000001
DataValue, 0.18000000000000002, 0.001, 0.0077497999999999994, 0.11170000000000001, 111.7
DataValue, 0.16000000000000003, 0.001, 0.0067519, 0.11169000000000001, 111.69
DataValue, 0.13999999999999999, 0.001, 0.0056541, 0.111675, 111.675
DataValue, 0.12, 0.001, 0.0045231, 0.11164000000000002, 111.64
DataValue, 0.1, 0.001, 0.0034043000000000003, 0.111635, 111.63499999999999
DataValue, 0.08, 0.001, 0.0023541, 0.11162000000000001, 111.62
DataValue, 0.06, 0.001, 0.0014601, 0.11160000000000002, 111.60000000000001
DataValue, 0.04, 0.001, 0.000767, 0.11160000000000002, 111.60000000000001
DataValue, 0.02, 0.001, 0.00028668000000000004, 0.11158, 111.57999999999998
DataValue, 0, 0.001, -2.3923399999999998E-06, 0.111585, 111.58500000000001
DataValue, 0, 0.001, -3.13066E-06, 0.11158, 111.57999999999998
DataValue, 0.02, 0.001, 0.00036178, 0.111595, 111.595
DataValue, 0.04, 0.001, 0.00094704, 0.11160000000000002, 111.60000000000001
DataValue, 0.06, 0.001, 0.0017634, 0.11160500000000001, 111.605
DataValue, 0.08, 0.001, 0.0027875, 0.111635, 111.63499999999999
DataValue, 0.1, 0.001, 0.0039713, 0.11164000000000002, 111.64
DataValue, 0.12, 0.001, 0.0052275, 0.111665, 111.66499999999999
DataValue, 0.13999999999999999, 0.001, 0.0065079000000000005, 0.11168, 111.68
DataValue, 0.16000000000000003, 0.001, 0.0077753, 0.11170000000000001, 111.7
DataValue, 0.18000000000000002, 0.001, 0.0089701, 0.11172500000000002, 111.72500000000001
DataValue, 0.2, 0.001, 0.0100867, 0.11173, 111.72999999999999
DataValue, 0.22000000000000003, 0.001, 0.011080000000000001, 0.11175500000000001, 111.75500000000001
DataValue, 0.24, 0.001, 0.011951000000000002, 0.11177, 111.77
DataValue, 0.26, 0.001, 0.012684, 0.11179, 111.78999999999999
DataValue, 0.27999999999999997, 0.001, 0.013264, 0.111795, 111.795
DataValue, 0.30000000000000004, 0.001, 0.013711000000000001, 0.11181000000000002, 111.81
DataValue, 0.32000000000000006, 0.001, 0.014032000000000001, 0.111805, 111.80499999999999
DataValue, 0.34, 0.001, 0.01426, 0.111805, 111.80499999999999
DataValue, 0.36000000000000004, 0.001, 0.01442, 0.11181000000000002, 111.81
DataValue, 0.38, 0.001, 0.014533, 0.11181000000000002, 111.81
DataValue, 0.4, 0.001, 0.014610000000000002, 0.111815, 111.815
DataValue, 0.42000000000000004, 0.001, 0.014668, 0.11181000000000002, 111.81
DataValue, 0.44000000000000006, 0.001, 0.014714000000000001, 0.111815, 111.815
DataValue, 0.45999999999999996, 0.001, 0.014750000000000001, 0.111805, 111.80499999999999
DataValue, 0.48, 0.001, 0.01478, 0.11183000000000001, 111.83000000000001
DataValue, 0.5, 0.001, 0.014804, 0.11182000000000002, 111.82000000000001
DataValue, 0.52, 0.001, 0.014822, 0.11181000000000002, 111.81
DataValue, 0.54, 0.001, 0.014841, 0.11182000000000002, 111.82000000000001
DataValue, 0.55999999999999994, 0.001, 0.014856000000000001, 0.111815, 111.815
DataValue, 0.58, 0.001, 0.014870000000000001, 0.11182000000000002, 111.82000000000001
DataValue, 0.60000000000000009, 0.001, 0.014879, 0.111815, 111.815
DataValue, 0.62000000000000011, 0.001, 0.01489, 0.11182000000000002, 111.82000000000001
DataValue, 0.64000000000000012, 0.001, 0.0149, 0.111815, 111.815
DataValue, 0.66, 0.001, 0.014907, 0.11182500000000001, 111.825
DataValue, 0.68, 0.001, 0.014912000000000002, 0.11182500000000001, 111.825
DataValue, 0.70000000000000007, 0.001, 0.014917, 0.11182000000000002, 111.82000000000001
DataValue, 0.72000000000000008, 0.001, 0.014923, 0.11182000000000002, 111.82000000000001
DataValue, 0.7400000000000001, 0.001, 0.014927999999999999, 0.11182000000000002, 111.82000000000001
DataValue, 0.76, 0.001, 0.01493, 0.11182500000000001, 111.825
DataValue, 0.78, 0.001, 0.014933000000000002, 0.11182000000000002, 111.82000000000001
DataValue, 0.8, 0.001, 0.014936000000000001, 0.11182000000000002, 111.82000000000001
DataValue, 0.82, 0.001, 0.014938, 0.11183000000000001, 111.83000000000001
DataValue, 0.84000000000000008, 0.001, 0.01494, 0.11182000000000002, 111.82000000000001
DataValue, 0.86, 0.001, 0.01494, 0.11182000000000002, 111.82000000000001
DataValue, 0.88000000000000012, 0.001, 0.014942, 0.11182000000000002, 111.82000000000001
DataValue, 0.9, 0.001, 0.014943999999999999, 0.11182000000000002, 111.82000000000001
DataValue, 0.91999999999999993, 0.001, 0.014947, 0.111815, 111.815
DataValue, 0.94000000000000006, 0.001, 0.014943999999999999, 0.111815, 111.815
DataValue, 0.96, 0.001, 0.014945, 0.11182000000000002, 111.82000000000001
DataValue, 0.98000000000000009, 0.001, 0.014946, 0.11182000000000002, 111.82000000000001
DataValue, 1, 0.001, 0.014947, 0.11182500000000001, 111.825
DataValue, 1.02, 0.001, 0.014946, 0.11182000000000002, 111.82000000000001
DataValue, 1.04, 0.001, 0.014946, 0.11182000000000002, 111.82000000000001
DataValue, 1.06, 0.001, 0.014946, 0.11182000000000002, 111.82000000000001
DataValue, 1.08, 0.001, 0.014943999999999999, 0.11181000000000002, 111.81
DataValue, 1.1, 0.001, 0.014937, 0.11183000000000001, 111.83000000000001
DataValue, 1.12, 0.001, 0.014843, 0.11182000000000002, 111.82000000000001
DataValue, 1.14, 0.001, 0.014641, 0.111815, 111.815
DataValue, 1.16, 0.001, 0.014544999999999999, 0.11181000000000002, 111.81
DataValue, 1.18, 0.001, 0.014482, 0.11182000000000002, 111.82000000000001
DataValue, 1.2, 0.001, 0.01442, 0.111815, 111.815
DataValue, 1.22, 0.001, 0.014357, 0.11181000000000002, 111.81
DataValue, 1.24, 0.001, 0.014295, 0.111815, 111.815
DataValue, 1.26, 0.001, 0.014233, 0.111805, 111.80499999999999
DataValue, 1.28, 0.001, 0.014172, 0.11181000000000002, 111.81
DataValue, 1.3, 0.001, 0.014117, 0.11181000000000002, 111.81
DataValue, 1.32, 0.001, 0.014063, 0.111805, 111.80499999999999
DataValue, 1.34, 0.001, 0.01401, 0.111805, 111.80499999999999
DataValue, 1.36, 0.001, 0.013959, 0.111795, 111.795
DataValue, 1.38, 0.001, 0.013915, 0.111805, 111.80499999999999
DataValue, 1.4, 0.001, 0.01387, 0.11180000000000001, 111.80000000000001
DataValue, 1.42, 0.001, 0.013833999999999999, 0.11181000000000002, 111.81
DataValue, 1.44, 0.001, 0.013801, 0.111805, 111.80499999999999
DataValue, 1.46, 0.001, 0.013772, 0.111805, 111.80499999999999
DataValue, 1.48, 0.001, 0.01375, 0.11181000000000002, 111.81
DataValue, 1.5, 0.001, 0.013732, 0.11180000000000001, 111.80000000000001
DataValue, 1.52, 0.001, 0.013721, 0.11181000000000002, 111.81
DataValue, 1.54, 0.001, 0.013715999999999999, 0.11180000000000001, 111.80000000000001
DataValue, 1.56, 0.001, 0.013715, 0.11180000000000001, 111.80000000000001
DataValue, 1.58, 0.001, 0.013723, 0.111795, 111.795
DataValue, 1.6, 0.001, 0.013738, 0.111805, 111.80499999999999
DataValue, 1.62, 0.001, 0.013755999999999999, 0.111805, 111.80499999999999
DataValue, 1.64, 0.001, 0.013781000000000002, 0.111795, 111.795
DataValue, 1.66, 0.001, 0.013808, 0.111805, 111.80499999999999
DataValue, 1.68, 0.001, 0.013841000000000001, 0.11180000000000001, 111.80000000000001
DataValue, 1.7, 0.001, 0.013873, 0.11180000000000001, 111.80000000000001
DataValue, 1.72, 0.001, 0.013905, 0.111805, 111.80499999999999
DataValue, 1.74, 0.001, 0.013926000000000001, 0.111805, 111.80499999999999
DataValue, 1.76, 0.001, 0.013931, 0.111805, 111.80499999999999
DataValue, 1.78, 0.001, 0.013923000000000001, 0.111805, 111.80499999999999
DataValue, 1.8, 0.001, 0.013918, 0.111805, 111.80499999999999
DataValue, 1.82, 0.001, 0.013949000000000001, 0.111805, 111.80499999999999
DataValue, 1.84, 0.001, 0.014007, 0.11181000000000002, 111.81
DataValue, 1.86, 0.001, 0.014083000000000002, 0.111805, 111.80499999999999
DataValue, 1.88, 0.001, 0.014183, 0.11182000000000002, 111.82000000000001
DataValue, 1.9, 0.001, 0.014312, 0.111815, 111.815
DataValue, 1.92, 0.001, 0.014486, 0.111815, 111.815
DataValue, 1.94, 0.001, 0.014852, 0.111815, 111.815
DataValue, 1.96, 0.001, 0.014850000000000002, 0.11182500000000001, 111.825
DataValue, 1.98, 0.001, 0.014844999999999999, 0.11182000000000002, 111.82000000000001
DataValue, 2, 0.001, 0.014844, 0.111815, 111.815
DataValue, 2.02, 0.001, 0.014838, 0.11182500000000001, 111.825
DataValue, 2.04, 0.001, 0.014837000000000001, 0.111815, 111.815
DataValue, 2.06, 0.001, 0.014836, 0.11182500000000001, 111.825
DataValue, 2.08, 0.001, 0.014832000000000001, 0.11182000000000002, 111.82000000000001
DataValue, 2.1, 0.001, 0.014830000000000001, 0.11182000000000002, 111.82000000000001
DataValue, 2.12, 0.001, 0.014824, 0.11182500000000001, 111.825
DataValue, 2.14, 0.001, 0.014824, 0.11182000000000002, 111.82000000000001
DataValue, 2.16, 0.001, 0.014822, 0.111815, 111.815
DataValue, 2.18, 0.001, 0.014819, 0.11182000000000002, 111.82000000000001
DataValue, 2.2, 0.001, 0.014818, 0.11182000000000002, 111.82000000000001
DataValue, 2.22, 0.001, 0.014815, 0.11182000000000002, 111.82000000000001
DataValue, 2.24, 0.001, 0.014814, 0.11182500000000001, 111.825
DataValue, 2.26, 0.001, 0.014815, 0.11182000000000002, 111.82000000000001
DataValue, 2.28, 0.001, 0.014812, 0.11182500000000001, 111.825
DataValue, 2.3, 0.001, 0.014812, 0.11182000000000002, 111.82000000000001
DataValue, 2.32, 0.001, 0.014814, 0.11181000000000002, 111.81
DataValue, 2.34, 0.001, 0.014815, 0.11182500000000001, 111.825
DataValue, 2.36, 0.001, 0.014815, 0.11182000000000002, 111.82000000000001
DataValue, 2.38, 0.001, 0.014815, 0.11182500000000001, 111.825
DataValue, 2.4, 0.001, 0.014816000000000001, 0.111815, 111.815
DataValue, 2.42, 0.001, 0.014816000000000001, 0.11182500000000001, 111.825
DataValue, 2.44, 0.001, 0.014819, 0.111815, 111.815
DataValue, 2.46, 0.001, 0.014819, 0.11182000000000002, 111.82000000000001
DataValue, 2.48, 0.001, 0.01482, 0.11182000000000002, 111.82000000000001
DataValue, 2.5, 0.001, 0.014824, 0.11182500000000001, 111.825
DataValue, 2.52, 0.001, 0.014828, 0.11182500000000001, 111.825
DataValue, 2.54, 0.001, 0.014832000000000001, 0.111815, 111.815
DataValue, 2.56, 0.001, 0.014835000000000001, 0.11182000000000002, 111.82000000000001
DataValue, 2.58, 0.001, 0.014839, 0.111815, 111.815
DataValue, 2.6, 0.001, 0.014844, 0.11182000000000002, 111.82000000000001
DataValue, 2.62, 0.001, 0.014851000000000001, 0.11182500000000001, 111.825
DataValue, 2.64, 0.001, 0.014855, 0.11182000000000002, 111.82000000000001
DataValue, 2.66, 0.001, 0.014863, 0.111815, 111.815
DataValue, 2.68, 0.001, 0.014869000000000002, 0.11182000000000002, 111.82000000000001
DataValue, 2.7, 0.001, 0.014878, 0.11182000000000002, 111.82000000000001
DataValue, 2.72, 0.001, 0.014886, 0.111815, 111.815
DataValue, 2.74, 0.001, 0.014896000000000001, 0.11182000000000002, 111.82000000000001
DataValue, 2.76, 0.001, 0.014903, 0.11182000000000002, 111.82000000000001
DataValue, 2.78, 0.001, 0.014912000000000002, 0.11182500000000001, 111.825
DataValue, 2.8, 0.001, 0.014924, 0.11182500000000001, 111.825
DataValue, 2.82, 0.001, 0.014935, 0.11182500000000001, 111.825
DataValue, 2.84, 0.001, 0.014948999999999999, 0.11182000000000002, 111.82000000000001
DataValue, 2.86, 0.001, 0.014959, 0.11182500000000001, 111.825
DataValue, 2.88, 0.001, 0.014974000000000001, 0.11182500000000001, 111.825
DataValue, 2.9, 0.001, 0.014990000000000002, 0.11182000000000002, 111.82000000000001
DataValue, 2.92, 0.001, 0.015004, 0.11182000000000002, 111.82000000000001
DataValue, 2.94, 0.001, 0.01502, 0.11183000000000001, 111.83000000000001
DataValue, 2.96, 0.001, 0.015037, 0.11183000000000001, 111.83000000000001
DataValue, 2.98, 0.001, 0.015058, 0.11182500000000001, 111.825
DataValue, 3, 0.001, 0.015076, 0.11182500000000001, 111.825
DataValue, 3, 0.001, 0.015075000000000002, 0.11182500000000001, 111.825
DataValue, 2.98, 0.001, 0.015051000000000002, 0.11182500000000001, 111.825
DataValue, 2.96, 0.001, 0.01503, 0.11182500000000001, 111.825
DataValue, 2.94, 0.001, 0.015007999999999999, 0.11183000000000001, 111.83000000000001
DataValue, 2.92, 0.001, 0.014987, 0.11182000000000002, 111.82000000000001
DataValue, 2.9, 0.001, 0.01497, 0.11182500000000001, 111.825
DataValue, 2.88, 0.001, 0.014952000000000002, 0.11182000000000002, 111.82000000000001
DataValue, 2.86, 0.001, 0.014933000000000002, 0.11182500000000001, 111.825
DataValue, 2.84, 0.001, 0.014918, 0.11182000000000002, 111.82000000000001
DataValue, 2.82, 0.001, 0.014903, 0.11182000000000002, 111.82000000000001
DataValue, 2.8, 0.001, 0.014889, 0.11182500000000001, 111.825
DataValue, 2.78, 0.001, 0.014875000000000001, 0.11182000000000002, 111.82000000000001
DataValue, 2.76, 0.001, 0.014863, 0.11182500000000001, 111.825
DataValue, 2.74, 0.001, 0.014850000000000002, 0.11182500000000001, 111.825
DataValue, 2.72, 0.001, 0.014839, 0.11182500000000001, 111.825
DataValue, 2.7, 0.001, 0.014829000000000002, 0.11182000000000002, 111.82000000000001
DataValue, 2.68, 0.001, 0.01482, 0.111815, 111.815
DataValue, 2.66, 0.001, 0.014808, 0.11182500000000001, 111.825
DataValue, 2.64, 0.001, 0.0148, 0.11182500000000001, 111.825
DataValue, 2.62, 0.001, 0.014792000000000001, 0.11182500000000001, 111.825
DataValue, 2.6, 0.001, 0.014783, 0.11182000000000002, 111.82000000000001
DataValue, 2.58, 0.001, 0.014777, 0.11182500000000001, 111.825
DataValue, 2.56, 0.001, 0.014771000000000001, 0.11182500000000001, 111.825
DataValue, 2.54, 0.001, 0.014765, 0.11182000000000002, 111.82000000000001
DataValue, 2.52, 0.001, 0.014759, 0.11182000000000002, 111.82000000000001
DataValue, 2.5, 0.001, 0.014755, 0.11182000000000002, 111.82000000000001
DataValue, 2.48, 0.001, 0.014750000000000001, 0.11183000000000001, 111.83000000000001
DataValue, 2.46, 0.001, 0.014745999999999999, 0.11182500000000001, 111.825
DataValue, 2.44, 0.001, 0.014742, 0.11182000000000002, 111.82000000000001
DataValue, 2.42, 0.001, 0.014739, 0.11182500000000001, 111.825
DataValue, 2.4, 0.001, 0.014737, 0.11182000000000002, 111.82000000000001
DataValue, 2.38, 0.001, 0.014734, 0.11182500000000001, 111.825
DataValue, 2.36, 0.001, 0.014731000000000001, 0.11182000000000002, 111.82000000000001
DataValue, 2.34, 0.001, 0.014731000000000001, 0.111815, 111.815
DataValue, 2.32, 0.001, 0.014729, 0.11182000000000002, 111.82000000000001
DataValue, 2.3, 0.001, 0.014726999999999999, 0.11182000000000002, 111.82000000000001
DataValue, 2.28, 0.001, 0.014726999999999999, 0.11182000000000002, 111.82000000000001
DataValue, 2.26, 0.001, 0.014725, 0.11183000000000001, 111.83000000000001
DataValue, 2.24, 0.001, 0.014725, 0.11182500000000001, 111.825
DataValue, 2.22, 0.001, 0.014726, 0.11182000000000002, 111.82000000000001
DataValue, 2.2, 0.001, 0.014723, 0.11182500000000001, 111.825
DataValue, 2.18, 0.001, 0.014725, 0.11182000000000002, 111.82000000000001
DataValue, 2.16, 0.001, 0.014726999999999999, 0.11182500000000001, 111.825
DataValue, 2.14, 0.001, 0.014726999999999999, 0.11182000000000002, 111.82000000000001
DataValue, 2.12, 0.001, 0.014725, 0.11183000000000001, 111.83000000000001
DataValue, 2.1, 0.001, 0.014726, 0.11182500000000001, 111.825
DataValue, 2.08, 0.001, 0.014726, 0.111815, 111.815
DataValue, 2.06, 0.001, 0.014729, 0.11183000000000001, 111.83000000000001
DataValue, 2.04, 0.001, 0.014730000000000002, 0.11182000000000002, 111.82000000000001
DataValue, 2.02, 0.001, 0.014730000000000002, 0.11182000000000002, 111.82000000000001
DataValue, 2, 0.001, 0.014733000000000001, 0.111815, 111.815
DataValue, 1.98, 0.001, 0.014735, 0.11182500000000001, 111.825
DataValue, 1.96, 0.001, 0.014736, 0.11182000000000002, 111.82000000000001
DataValue, 1.94, 0.001, 0.014739, 0.11182000000000002, 111.82000000000001
DataValue, 1.92, 0.001, 0.014741, 0.11182000000000002, 111.82000000000001
DataValue, 1.9, 0.001, 0.014743, 0.11182000000000002, 111.82000000000001
DataValue, 1.88, 0.001, 0.014745, 0.11182000000000002, 111.82000000000001
DataValue, 1.86, 0.001, 0.014747, 0.111815, 111.815
DataValue, 1.84, 0.001, 0.014750000000000001, 0.11183000000000001, 111.83000000000001
DataValue, 1.82, 0.001, 0.014750000000000001, 0.111835, 111.835
DataValue, 1.8, 0.001, 0.014753, 0.11182000000000002, 111.82000000000001
DataValue, 1.78, 0.001, 0.014754000000000002, 0.11183000000000001, 111.83000000000001
DataValue, 1.76, 0.001, 0.014757000000000001, 0.11182000000000002, 111.82000000000001
DataValue, 1.74, 0.001, 0.014759, 0.11182000000000002, 111.82000000000001
DataValue, 1.72, 0.001, 0.014763, 0.11182500000000001, 111.825
DataValue, 1.7, 0.001, 0.014764, 0.11182000000000002, 111.82000000000001
DataValue, 1.68, 0.001, 0.014766999999999999, 0.11182500000000001, 111.825
DataValue, 1.66, 0.001, 0.014769000000000001, 0.11182500000000001, 111.825
DataValue, 1.64, 0.001, 0.014772, 0.11183000000000001, 111.83000000000001
DataValue, 1.62, 0.001, 0.014773000000000001, 0.11182000000000002, 111.82000000000001
DataValue, 1.6, 0.001, 0.014775, 0.11182500000000001, 111.825
DataValue, 1.58, 0.001, 0.014777, 0.11182000000000002, 111.82000000000001
DataValue, 1.56, 0.001, 0.014779, 0.11183000000000001, 111.83000000000001
DataValue, 1.54, 0.001, 0.014782, 0.11183000000000001, 111.83000000000001
DataValue, 1.52, 0.001, 0.014784, 0.11183000000000001, 111.83000000000001
DataValue, 1.5, 0.001, 0.014785999999999999, 0.11183000000000001, 111.83000000000001
DataValue, 1.48, 0.001, 0.014789000000000002, 0.11182000000000002, 111.82000000000001
DataValue, 1.46, 0.001, 0.014792000000000001, 0.11183000000000001, 111.83000000000001
DataValue, 1.44, 0.001, 0.014793, 0.11182500000000001, 111.825
DataValue, 1.42, 0.001, 0.014795, 0.11182500000000001, 111.825
DataValue, 1.4, 0.001, 0.0148, 0.11182500000000001, 111.825
DataValue, 1.38, 0.001, 0.0148, 0.111835, 111.835
DataValue, 1.36, 0.001, 0.014803, 0.11182500000000001, 111.825
DataValue, 1.34, 0.001, 0.014804999999999999, 0.11183000000000001, 111.83000000000001
DataValue, 1.32, 0.001, 0.014806, 0.11182500000000001, 111.825
DataValue, 1.3, 0.001, 0.014809000000000001, 0.11182500000000001, 111.825
DataValue, 1.28, 0.001, 0.014811000000000001, 0.11182500000000001, 111.825
DataValue, 1.26, 0.001, 0.014813000000000002, 0.11182000000000002, 111.82000000000001
DataValue, 1.24, 0.001, 0.014814, 0.11183000000000001, 111.83000000000001
DataValue, 1.22, 0.001, 0.014815, 0.11182000000000002, 111.82000000000001
DataValue, 1.2, 0.001, 0.014816000000000001, 0.11183000000000001, 111.83000000000001
DataValue, 1.18, 0.001, 0.014819, 0.11182500000000001, 111.825
DataValue, 1.16, 0.001, 0.014822, 0.11182000000000002, 111.82000000000001
DataValue, 1.14, 0.001, 0.014821, 0.11183000000000001, 111.83000000000001
DataValue, 1.12, 0.001, 0.014823, 0.11182500000000001, 111.825
DataValue, 1.1, 0.001, 0.014825999999999999, 0.11182500000000001, 111.825
DataValue, 1.08, 0.001, 0.014828, 0.11182000000000002, 111.82000000000001
DataValue, 1.06, 0.001, 0.014827, 0.111815, 111.815
DataValue, 1.04, 0.001, 0.014828, 0.11183000000000001, 111.83000000000001
DataValue, 1.02, 0.001, 0.014830000000000001, 0.11182500000000001, 111.825
DataValue, 1, 0.001, 0.014828, 0.11183000000000001, 111.83000000000001
DataValue, 0.98000000000000009, 0.001, 0.014828, 0.11182500000000001, 111.825
DataValue, 0.96, 0.001, 0.014825999999999999, 0.11182500000000001, 111.825
DataValue, 0.94000000000000006, 0.001, 0.014827, 0.11182500000000001, 111.825
DataValue, 0.91999999999999993, 0.001, 0.014828, 0.11182500000000001, 111.825
DataValue, 0.9, 0.001, 0.014827, 0.11183000000000001, 111.83000000000001
DataValue, 0.88000000000000012, 0.001, 0.014827, 0.11182500000000001, 111.825
DataValue, 0.86, 0.001, 0.014827, 0.11183000000000001, 111.83000000000001
DataValue, 0.84000000000000008, 0.001, 0.014825999999999999, 0.11182500000000001, 111.825
DataValue, 0.82, 0.001, 0.014823, 0.11183000000000001, 111.83000000000001
DataValue, 0.8, 0.001, 0.014824, 0.11182000000000002, 111.82000000000001
DataValue, 0.78, 0.001, 0.014825, 0.11182500000000001, 111.825
DataValue, 0.76, 0.001, 0.014824, 0.11183000000000001, 111.83000000000001
DataValue, 0.7400000000000001, 0.001, 0.014819, 0.11183000000000001, 111.83000000000001
DataValue, 0.72000000000000008, 0.001, 0.014814, 0.11183000000000001, 111.83000000000001
DataValue, 0.70000000000000007, 0.001, 0.014810000000000002, 0.11182500000000001, 111.825
DataValue, 0.68, 0.001, 0.014802, 0.11183000000000001, 111.83000000000001
DataValue, 0.66, 0.001, 0.014798, 0.11183000000000001, 111.83000000000001
DataValue, 0.64000000000000012, 0.001, 0.014791, 0.11182000000000002, 111.82000000000001
DataValue, 0.62000000000000011, 0.001, 0.014785, 0.11182500000000001, 111.825
DataValue, 0.60000000000000009, 0.001, 0.014775, 0.11182500000000001, 111.825
DataValue, 0.58, 0.001, 0.014766999999999999, 0.11183000000000001, 111.83000000000001
DataValue, 0.55999999999999994, 0.001, 0.014754000000000002, 0.11182000000000002, 111.82000000000001
DataValue, 0.54, 0.001, 0.014741, 0.11182000000000002, 111.82000000000001
DataValue, 0.52, 0.001, 0.014725, 0.11182000000000002, 111.82000000000001
DataValue, 0.5, 0.001, 0.014702999999999999, 0.11183000000000001, 111.83000000000001
DataValue, 0.48, 0.001, 0.014682, 0.11183000000000001, 111.83000000000001
DataValue, 0.45999999999999996, 0.001, 0.014653000000000001, 0.11182000000000002, 111.82000000000001
DataValue, 0.44000000000000006, 0.001, 0.014619, 0.11182000000000002, 111.82000000000001
DataValue, 0.42000000000000004, 0.001, 0.014575000000000001, 0.11183000000000001, 111.83000000000001
DataValue, 0.4, 0.001, 0.014519, 0.11182000000000002, 111.82000000000001
DataValue, 0.38, 0.001, 0.014439, 0.11182500000000001, 111.825
DataValue, 0.36000000000000004, 0.001, 0.014331, 0.11182000000000002, 111.82000000000001
DataValue, 0.34, 0.001, 0.014175, 0.111815, 111.815
DataValue, 0.32000000000000006, 0.001, 0.013954, 0.111815, 111.815
DataValue, 0.30000000000000004, 0.001, 0.013637, 0.11181000000000002, 111.81
DataValue, 0.27999999999999997, 0.001, 0.013197, 0.111795, 111.795
DataValue, 0.26, 0.001, 0.012620000000000001, 0.111795, 111.795
DataValue, 0.24, 0.001, 0.011893, 0.11178500000000001, 111.785
DataValue, 0.22000000000000003, 0.001, 0.011033, 0.11177, 111.77
DataValue, 0.2, 0.001, 0.010043999999999999, 0.11175500000000001, 111.75500000000001
DataValue, 0.18000000000000002, 0.001, 0.0089287, 0.11173, 111.72999999999999
DataValue, 0.16000000000000003, 0.001, 0.0077385000000000006, 0.11171, 111.71
DataValue, 0.13999999999999999, 0.001, 0.0064754, 0.11169000000000001, 111.69
DataValue, 0.12, 0.001, 0.0051997, 0.11167, 111.67
DataValue, 0.1, 0.001, 0.003949, 0.11165000000000001, 111.65
DataValue, 0.08, 0.001, 0.00277, 0.111635, 111.63499999999999
DataValue, 0.06, 0.001, 0.0017518, 0.111625, 111.625
DataValue, 0.04, 0.001, 0.00094102, 0.11162000000000001, 111.62
DataValue, 0.02, 0.001, 0.00035913, 0.11160000000000002, 111.60000000000001
DataValue, 0, 0.001, -3.1716199999999995E-06, 0.111595, 111.595
DataValue, 0, 0.001, -3.83902E-06, 0.11160500000000001, 111.605
DataValue, 0.02, 0.001, 0.00042692, 0.11161000000000002, 111.61000000000001
DataValue, 0.04, 0.001, 0.00109836, 0.111625, 111.625
DataValue, 0.06, 0.001, 0.0020086, 0.11163000000000001, 111.63000000000001
DataValue, 0.08, 0.001, 0.0031265, 0.11164000000000002, 111.64
DataValue, 0.1, 0.001, 0.0044033, 0.111665, 111.66499999999999
DataValue, 0.12, 0.001, 0.005751, 0.11169000000000001, 111.69
DataValue, 0.13999999999999999, 0.001, 0.0071265, 0.11170500000000001, 111.70500000000001
DataValue, 0.16000000000000003, 0.001, 0.0084986, 0.11172500000000002, 111.72500000000001
DataValue, 0.18000000000000002, 0.001, 0.0098122, 0.11174, 111.74
DataValue, 0.2, 0.001, 0.011067, 0.111765, 111.765
DataValue, 0.22000000000000003, 0.001, 0.012231, 0.11178500000000001, 111.785
DataValue, 0.24, 0.001, 0.013292, 0.11180000000000001, 111.80000000000001
DataValue, 0.26, 0.001, 0.014258, 0.11182500000000001, 111.825
DataValue, 0.27999999999999997, 0.001, 0.015101, 0.111835, 111.835
DataValue, 0.30000000000000004, 0.001, 0.015828000000000002, 0.111845, 111.845
DataValue, 0.32000000000000006, 0.001, 0.016427, 0.111855, 111.85499999999999
DataValue, 0.34, 0.001, 0.016907000000000002, 0.11186499999999999, 111.865
DataValue, 0.36000000000000004, 0.001, 0.017282, 0.11187000000000001, 111.87
DataValue, 0.38, 0.001, 0.01756, 0.11186499999999999, 111.865
DataValue, 0.4, 0.001, 0.017764, 0.111875, 111.87499999999999
DataValue, 0.42000000000000004, 0.001, 0.017913, 0.11187000000000001, 111.87
DataValue, 0.44000000000000006, 0.001, 0.018024000000000002, 0.11188000000000001, 111.88
DataValue, 0.45999999999999996, 0.001, 0.018112, 0.11188000000000001, 111.88
DataValue, 0.48, 0.001, 0.018177000000000002, 0.111875, 111.87499999999999
DataValue, 0.5, 0.001, 0.018228, 0.11188000000000001, 111.88
DataValue, 0.52, 0.001, 0.01827, 0.111885, 111.88499999999999
DataValue, 0.54, 0.001, 0.018303, 0.11188000000000001, 111.88
DataValue, 0.55999999999999994, 0.001, 0.018331, 0.11188000000000001, 111.88
DataValue, 0.58, 0.001, 0.018355, 0.111885, 111.88499999999999
DataValue, 0.60000000000000009, 0.001, 0.018373, 0.111885, 111.88499999999999
DataValue, 0.62000000000000011, 0.001, 0.018393, 0.111885, 111.88499999999999
DataValue, 0.64000000000000012, 0.001, 0.018408, 0.11188000000000001, 111.88
DataValue, 0.66, 0.001, 0.018420000000000002, 0.111875, 111.87499999999999
DataValue, 0.68, 0.001, 0.018431, 0.11189, 111.89
DataValue, 0.70000000000000007, 0.001, 0.018441000000000003, 0.11188000000000001, 111.88
DataValue, 0.72000000000000008, 0.001, 0.018447, 0.11188000000000001, 111.88
DataValue, 0.7400000000000001, 0.001, 0.018453, 0.11188000000000001, 111.88
DataValue, 0.76, 0.001, 0.018458000000000002, 0.11189, 111.89
DataValue, 0.78, 0.001, 0.018463, 0.1119, 111.9
DataValue, 0.8, 0.001, 0.018467, 0.111885, 111.88499999999999
DataValue, 0.82, 0.001, 0.01847, 0.11189, 111.89
DataValue, 0.84000000000000008, 0.001, 0.018473, 0.111885, 111.88499999999999
DataValue, 0.86, 0.001, 0.018476, 0.11189, 111.89
DataValue, 0.88000000000000012, 0.001, 0.018476, 0.111885, 111.88499999999999
DataValue, 0.9, 0.001, 0.018482000000000002, 0.111885, 111.88499999999999
DataValue, 0.91999999999999993, 0.001, 0.018482000000000002, 0.111885, 111.88499999999999
DataValue, 0.94000000000000006, 0.001, 0.018485, 0.111885, 111.88499999999999
DataValue, 0.96, 0.001, 0.018487, 0.11188000000000001, 111.88
DataValue, 0.98000000000000009, 0.001, 0.018484, 0.111885, 111.88499999999999
DataValue, 1, 0.001, 0.018483, 0.11189, 111.89
DataValue, 1.02, 0.001, 0.018485, 0.111885, 111.88499999999999
DataValue, 1.04, 0.001, 0.018483, 0.111885, 111.88499999999999
DataValue, 1.06, 0.001, 0.018479000000000002, 0.11188000000000001, 111.88
DataValue, 1.08, 0.001, 0.018461, 0.11188000000000001, 111.88
DataValue, 1.1, 0.001, 0.018355, 0.111885, 111.88499999999999
DataValue, 1.12, 0.001, 0.018187000000000002, 0.11188000000000001, 111.88
DataValue, 1.14, 0.001, 0.018084, 0.11188000000000001, 111.88
DataValue, 1.16, 0.001, 0.018007, 0.11187000000000001, 111.87
DataValue, 1.18, 0.001, 0.017939, 0.11188000000000001, 111.88
DataValue, 1.2, 0.001, 0.017869, 0.111875, 111.87499999999999
DataValue, 1.22, 0.001, 0.017803, 0.111875, 111.87499999999999
DataValue, 1.24, 0.001, 0.017734, 0.11187000000000001, 111.87
DataValue, 1.26, 0.001, 0.017665, 0.11188000000000001, 111.88
DataValue, 1.28, 0.001, 0.017599, 0.111875, 111.87499999999999
DataValue, 1.3, 0.001, 0.017537, 0.11186499999999999, 111.865
DataValue, 1.32, 0.001, 0.017476000000000002, 0.11188000000000001, 111.88
DataValue, 1.34, 0.001, 0.017415, 0.11187000000000001, 111.87
DataValue, 1.36, 0.001, 0.017362, 0.11186499999999999, 111.865
DataValue, 1.38, 0.001, 0.017310000000000002, 0.11186000000000002, 111.86
DataValue, 1.4, 0.001, 0.017262, 0.11187000000000001, 111.87
DataValue, 1.42, 0.001, 0.017219, 0.111875, 111.87499999999999
DataValue, 1.44, 0.001, 0.017183, 0.11187000000000001, 111.87
DataValue, 1.46, 0.001, 0.017148, 0.11187000000000001, 111.87
DataValue, 1.48, 0.001, 0.017119, 0.11186499999999999, 111.865
DataValue, 1.5, 0.001, 0.017097, 0.11186499999999999, 111.865
DataValue, 1.52, 0.001, 0.017082, 0.11187000000000001, 111.87
DataValue, 1.54, 0.001, 0.017073, 0.11187000000000001, 111.87
DataValue, 1.56, 0.001, 0.017071, 0.11187000000000001, 111.87
DataValue, 1.58, 0.001, 0.017074000000000002, 0.11186499999999999, 111.865
DataValue, 1.6, 0.001, 0.017086, 0.11187000000000001, 111.87
DataValue, 1.62, 0.001, 0.017102, 0.11186499999999999, 111.865
DataValue, 1.64, 0.001, 0.017127, 0.11187000000000001, 111.87
DataValue, 1.66, 0.001, 0.017158, 0.11186499999999999, 111.865
DataValue, 1.68, 0.001, 0.017196, 0.11186499999999999, 111.865
DataValue, 1.7, 0.001, 0.017240000000000002, 0.11187000000000001, 111.87
DataValue, 1.72, 0.001, 0.017289000000000002, 0.11186499999999999, 111.865
DataValue, 1.74, 0.001, 0.017346, 0.11187000000000001, 111.87
DataValue, 1.76, 0.001, 0.017413, 0.11186499999999999, 111.865
DataValue, 1.78, 0.001, 0.017481, 0.11187000000000001, 111.87
DataValue, 1.8, 0.001, 0.017549, 0.11187000000000001, 111.87
DataValue, 1.82, 0.001, 0.017618, 0.11187000000000001, 111.87
DataValue, 1.84, 0.001, 0.017688, 0.11187000000000001, 111.87
DataValue, 1.86, 0.001, 0.017787999999999998, 0.111875, 111.87499999999999
DataValue, 1.88, 0.001, 0.018324, 0.11189, 111.89
DataValue, 1.9, 0.001, 0.018318, 0.111885, 111.88499999999999
DataValue, 1.92, 0.001, 0.018308, 0.11189, 111.89
DataValue, 1.94, 0.001, 0.018306, 0.11188000000000001, 111.88
DataValue, 1.96, 0.001, 0.018301, 0.111885, 111.88499999999999
DataValue, 1.98, 0.001, 0.018294, 0.11188000000000001, 111.88
DataValue, 2, 0.001, 0.018289, 0.11188000000000001, 111.88
DataValue, 2.02, 0.001, 0.018284, 0.111885, 111.88499999999999
DataValue, 2.04, 0.001, 0.018278000000000003, 0.11189, 111.89
DataValue, 2.06, 0.001, 0.018274, 0.11188000000000001, 111.88
DataValue, 2.08, 0.001, 0.018267000000000002, 0.111875, 111.87499999999999
DataValue, 2.1, 0.001, 0.018262, 0.11189, 111.89
DataValue, 2.12, 0.001, 0.018255999999999998, 0.111875, 111.87499999999999
DataValue, 2.14, 0.001, 0.018251, 0.11188000000000001, 111.88
DataValue, 2.16, 0.001, 0.018246000000000002, 0.11189, 111.89
DataValue, 2.18, 0.001, 0.018243000000000002, 0.11189, 111.89
DataValue, 2.2, 0.001, 0.018240000000000003, 0.11188000000000001, 111.88
DataValue, 2.22, 0.001, 0.018234, 0.11188000000000001, 111.88
DataValue, 2.24, 0.001, 0.018231, 0.11188000000000001, 111.88
DataValue, 2.26, 0.001, 0.018224, 0.11189, 111.89
DataValue, 2.28, 0.001, 0.018222000000000002, 0.111875, 111.87499999999999
DataValue, 2.3, 0.001, 0.018219000000000003, 0.11189, 111.89
DataValue, 2.32, 0.001, 0.018217, 0.11188000000000001, 111.88
DataValue, 2.34, 0.001, 0.018213, 0.111885, 111.88499999999999
DataValue, 2.36, 0.001, 0.018209, 0.111875, 111.87499999999999
DataValue, 2.38, 0.001, 0.018208, 0.11188000000000001, 111.88
DataValue, 2.4, 0.001, 0.018205, 0.11189, 111.89
DataValue, 2.42, 0.001, 0.018204, 0.11188000000000001, 111.88
DataValue, 2.44, 0.001, 0.018204, 0.111885, 111.88499999999999
DataValue, 2.46, 0.001, 0.018202, 0.11189, 111.89
DataValue, 2.48, 0.001, 0.018203, 0.11188000000000001, 111.88
DataValue, 2.5, 0.001, 0.018204, 0.11189, 111.89
DataValue, 2.52, 0.001, 0.018201000000000002, 0.111885, 111.88499999999999
DataValue, 2.54, 0.001, 0.018206, 0.11188000000000001, 111.88
DataValue, 2.56, 0.001, 0.018203, 0.11188000000000001, 111.88
DataValue, 2.58, 0.001, 0.018206, 0.111885, 111.88499999999999
DataValue, 2.6, 0.001, 0.018205, 0.111885, 111.88499999999999
DataValue, 2.62, 0.001, 0.018207, 0.11189, 111.89
DataValue, 2.64, 0.001, 0.01821, 0.11188000000000001, 111.88
DataValue, 2.66, 0.001, 0.018212, 0.11189, 111.89
DataValue, 2.68, 0.001, 0.018216000000000003, 0.111875, 111.87499999999999
DataValue, 2.7, 0.001, 0.018221, 0.111885, 111.88499999999999
DataValue, 2.72, 0.001, 0.018225, 0.111885, 111.88499999999999
DataValue, 2.74, 0.001, 0.01823, 0.11188000000000001, 111.88
DataValue, 2.76, 0.001, 0.018234999999999998, 0.111885, 111.88499999999999
DataValue, 2.78, 0.001, 0.018241, 0.11189, 111.89
DataValue, 2.8, 0.001, 0.018249, 0.11188000000000001, 111.88
DataValue, 2.82, 0.001, 0.018259, 0.11189, 111.89
DataValue, 2.84, 0.001, 0.018263, 0.11189, 111.89
DataValue, 2.86, 0.001, 0.01827, 0.11188000000000001, 111.88
DataValue, 2.88, 0.001, 0.018279, 0.11189, 111.89
DataValue, 2.9, 0.001, 0.018288, 0.111875, 111.87499999999999
DataValue, 2.92, 0.001, 0.0183, 0.111885, 111.88499999999999
DataValue, 2.94, 0.001, 0.018314, 0.11188000000000001, 111.88
DataValue, 2.96, 0.001, 0.018328, 0.11189, 111.89
DataValue, 2.98, 0.001, 0.018340000000000002, 0.11189, 111.89
DataValue, 3, 0.001, 0.018357000000000002, 0.111885, 111.88499999999999
DataValue, 3, 0.001, 0.018353, 0.11189, 111.89
DataValue, 2.98, 0.001, 0.018337000000000003, 0.111885, 111.88499999999999
DataValue, 2.96, 0.001, 0.018314999999999998, 0.11189, 111.89
DataValue, 2.94, 0.001, 0.018298000000000002, 0.11189, 111.89
DataValue, 2.92, 0.001, 0.018279, 0.111895, 111.89499999999998
DataValue, 2.9, 0.001, 0.018265, 0.111875, 111.87499999999999
DataValue, 2.88, 0.001, 0.018249, 0.11189, 111.89
DataValue, 2.86, 0.001, 0.018233, 0.111885, 111.88499999999999
DataValue, 2.84, 0.001, 0.018221, 0.11188000000000001, 111.88
DataValue, 2.82, 0.001, 0.018208, 0.11189, 111.89
DataValue, 2.8, 0.001, 0.018198000000000002, 0.111885, 111.88499999999999
DataValue, 2.78, 0.001, 0.018186, 0.111885, 111.88499999999999
DataValue, 2.76, 0.001, 0.018178, 0.11189, 111.89
DataValue, 2.74, 0.001, 0.018167, 0.11189, 111.89
DataValue, 2.72, 0.001, 0.018160000000000003, 0.11189, 111.89
DataValue, 2.7, 0.001, 0.018153, 0.11189, 111.89
DataValue, 2.68, 0.001, 0.018145, 0.11188000000000001, 111.88
DataValue, 2.66, 0.001, 0.018138, 0.111885, 111.88499999999999
DataValue, 2.64, 0.001, 0.018133, 0.111885, 111.88499999999999
DataValue, 2.62, 0.001, 0.01813, 0.11189, 111.89
DataValue, 2.6, 0.001, 0.018124, 0.11189, 111.89
DataValue, 2.58, 0.001, 0.018118000000000002, 0.11188000000000001, 111.88
DataValue, 2.56, 0.001, 0.018115000000000003, 0.11189, 111.89
DataValue, 2.54, 0.001, 0.018112, 0.11189, 111.89
DataValue, 2.52, 0.001, 0.018109, 0.11188000000000001, 111.88
DataValue, 2.5, 0.001, 0.018108, 0.11189, 111.89
DataValue, 2.48, 0.001, 0.018105, 0.111885, 111.88499999999999
DataValue, 2.46, 0.001, 0.018104000000000002, 0.11188000000000001, 111.88
DataValue, 2.44, 0.001, 0.018102, 0.11189, 111.89
DataValue, 2.42, 0.001, 0.0181, 0.111885, 111.88499999999999
DataValue, 2.4, 0.001, 0.018101000000000003, 0.111885, 111.88499999999999
DataValue, 2.38, 0.001, 0.0181, 0.111885, 111.88499999999999
DataValue, 2.36, 0.001, 0.018101000000000003, 0.111885, 111.88499999999999
DataValue, 2.34, 0.001, 0.018104000000000002, 0.111885, 111.88499999999999
DataValue, 2.32, 0.001, 0.018105, 0.11189, 111.89
DataValue, 2.3, 0.001, 0.018106, 0.11188000000000001, 111.88
DataValue, 2.28, 0.001, 0.018109, 0.11189, 111.89
DataValue, 2.26, 0.001, 0.018108, 0.11188000000000001, 111.88
DataValue, 2.24, 0.001, 0.018108, 0.111885, 111.88499999999999
DataValue, 2.22, 0.001, 0.01811, 0.11189, 111.89
DataValue, 2.2, 0.001, 0.018112, 0.111885, 111.88499999999999
DataValue, 2.18, 0.001, 0.018112, 0.11188000000000001, 111.88
DataValue, 2.16, 0.001, 0.018113, 0.11188000000000001, 111.88
DataValue, 2.14, 0.001, 0.018116, 0.11188000000000001, 111.88
DataValue, 2.12, 0.001, 0.01812, 0.111885, 111.88499999999999
DataValue, 2.1, 0.001, 0.018121, 0.11189, 111.89
DataValue, 2.08, 0.001, 0.018124, 0.11188000000000001, 111.88
DataValue, 2.06, 0.001, 0.018129, 0.111885, 111.88499999999999
DataValue, 2.04, 0.001, 0.018131, 0.111885, 111.88499999999999
DataValue, 2.02, 0.001, 0.018133, 0.11188000000000001, 111.88
DataValue, 2, 0.001, 0.018137, 0.111885, 111.88499999999999
DataValue, 1.98, 0.001, 0.018142000000000002, 0.11189, 111.89
DataValue, 1.96, 0.001, 0.018145, 0.111885, 111.88499999999999
DataValue, 1.94, 0.001, 0.018149, 0.111885, 111.88499999999999
DataValue, 1.92, 0.001, 0.018154, 0.11189, 111.89
DataValue, 1.9, 0.001, 0.018155, 0.111885, 111.88499999999999
DataValue, 1.88, 0.001, 0.018160000000000003, 0.111885, 111.88499999999999
DataValue, 1.86, 0.001, 0.018166, 0.111895, 111.89499999999998
DataValue, 1.84, 0.001, 0.018168, 0.11189, 111.89
DataValue, 1.82, 0.001, 0.018172999999999998, 0.111885, 111.88499999999999
DataValue, 1.8, 0.001, 0.018177000000000002, 0.11189, 111.89
DataValue, 1.78, 0.001, 0.018182, 0.11189, 111.89
DataValue, 1.76, 0.001, 0.018186, 0.111885, 111.88499999999999
DataValue, 1.74, 0.001, 0.01819, 0.11188000000000001, 111.88
DataValue, 1.72, 0.001, 0.018193, 0.11189, 111.89
DataValue, 1.7, 0.001, 0.018197, 0.111885, 111.88499999999999
DataValue, 1.68, 0.001, 0.018201000000000002, 0.11189, 111.89
DataValue, 1.66, 0.001, 0.018205, 0.11189, 111.89
DataValue, 1.64, 0.001, 0.018208, 0.11189, 111.89
DataValue, 1.62, 0.001, 0.018213, 0.111895, 111.89499999999998
DataValue, 1.6, 0.001, 0.018219000000000003, 0.111885, 111.88499999999999
DataValue, 1.58, 0.001, 0.018223, 0.111885, 111.88499999999999
DataValue, 1.56, 0.001, 0.018227, 0.111895, 111.89499999999998
DataValue, 1.54, 0.001, 0.01823, 0.11189, 111.89
DataValue, 1.52, 0.001, 0.018234999999999998, 0.111895, 111.89499999999998
DataValue, 1.5, 0.001, 0.018237, 0.11189, 111.89
DataValue, 1.48, 0.001, 0.018243000000000002, 0.11188000000000001, 111.88
DataValue, 1.46, 0.001, 0.018248, 0.11189, 111.89
DataValue, 1.44, 0.001, 0.018249, 0.11189, 111.89
DataValue, 1.42, 0.001, 0.018255, 0.11189, 111.89
DataValue, 1.4, 0.001, 0.018258, 0.111895, 111.89499999999998
DataValue, 1.38, 0.001, 0.018263, 0.11189, 111.89
DataValue, 1.36, 0.001, 0.018267000000000002, 0.11189, 111.89
DataValue, 1.34, 0.001, 0.018272, 0.11189, 111.89
DataValue, 1.32, 0.001, 0.018273, 0.11189, 111.89
DataValue, 1.3, 0.001, 0.018275, 0.111885, 111.88499999999999
DataValue, 1.28, 0.001, 0.018277, 0.11189, 111.89
DataValue, 1.26, 0.001, 0.01828, 0.11189, 111.89
DataValue, 1.24, 0.001, 0.018283, 0.1119, 111.9
DataValue, 1.22, 0.001, 0.018288, 0.11189, 111.89
DataValue, 1.2, 0.001, 0.018290999999999998, 0.111895, 111.89499999999998
DataValue, 1.18, 0.001, 0.018265, 0.111885, 111.88499999999999
DataValue, 1.16, 0.001, 0.017950999999999998, 0.11189, 111.89
DataValue, 1.14, 0.001, 0.017966, 0.11188000000000001, 111.88
DataValue, 1.12, 0.001, 0.018012, 0.11188000000000001, 111.88
DataValue, 1.1, 0.001, 0.018058, 0.11189, 111.89
DataValue, 1.08, 0.001, 0.018102, 0.111885, 111.88499999999999
DataValue, 1.06, 0.001, 0.018141, 0.11189, 111.89
DataValue, 1.04, 0.001, 0.018177000000000002, 0.11189, 111.89
DataValue, 1.02, 0.001, 0.018211, 0.11189, 111.89
DataValue, 1, 0.001, 0.018240000000000003, 0.11189, 111.89
DataValue, 0.98000000000000009, 0.001, 0.018268, 0.11189, 111.89
DataValue, 0.96, 0.001, 0.018294, 0.1119, 111.9
DataValue, 0.94000000000000006, 0.001, 0.018316, 0.111885, 111.88499999999999
DataValue, 0.91999999999999993, 0.001, 0.018318, 0.11189, 111.89
DataValue, 0.9, 0.001, 0.018316, 0.11189, 111.89
DataValue, 0.88000000000000012, 0.001, 0.018318, 0.111895, 111.89499999999998
DataValue, 0.86, 0.001, 0.018314999999999998, 0.11189, 111.89
DataValue, 0.84000000000000008, 0.001, 0.018314, 0.11189, 111.89
DataValue, 0.82, 0.001, 0.01831, 0.11189, 111.89
DataValue, 0.8, 0.001, 0.018309, 0.111885, 111.88499999999999
DataValue, 0.78, 0.001, 0.018307, 0.11189, 111.89
DataValue, 0.76, 0.001, 0.018302000000000002, 0.11189, 111.89
DataValue, 0.7400000000000001, 0.001, 0.018298000000000002, 0.11189, 111.89
DataValue, 0.72000000000000008, 0.001, 0.018290999999999998, 0.11189, 111.89
DataValue, 0.70000000000000007, 0.001, 0.018283, 0.111895, 111.89499999999998
DataValue, 0.68, 0.001, 0.018276, 0.11189, 111.89
DataValue, 0.66, 0.001, 0.018265, 0.11189, 111.89
DataValue, 0.64000000000000012, 0.001, 0.018254, 0.111895, 111.89499999999998
DataValue, 0.62000000000000011, 0.001, 0.018243000000000002, 0.111885, 111.88499999999999
DataValue, 0.60000000000000009, 0.001, 0.018225, 0.11189, 111.89
DataValue, 0.58, 0.001, 0.018207, 0.11188000000000001, 111.88
DataValue, 0.55999999999999994, 0.001, 0.018186, 0.11189, 111.89
DataValue, 0.54, 0.001, 0.018160000000000003, 0.111885, 111.88499999999999
DataValue, 0.52, 0.001, 0.018129, 0.111895, 111.89499999999998
DataValue, 0.5, 0.001, 0.018091, 0.111885, 111.88499999999999
DataValue, 0.48, 0.001, 0.018043, 0.11188000000000001, 111.88
DataValue, 0.45999999999999996, 0.001, 0.017978, 0.111885, 111.88499999999999
DataValue, 0.44000000000000006, 0.001, 0.017898, 0.111885, 111.88499999999999
DataValue, 0.42000000000000004, 0.001, 0.017789, 0.111885, 111.88499999999999
DataValue, 0.4, 0.001, 0.017645, 0.11188000000000001, 111.88
DataValue, 0.38, 0.001, 0.017447, 0.111885, 111.88499999999999
DataValue, 0.36000000000000004, 0.001, 0.017176, 0.11187000000000001, 111.87
DataValue, 0.34, 0.001, 0.016811, 0.11186499999999999, 111.865
DataValue, 0.32000000000000006, 0.001, 0.016337, 0.11186499999999999, 111.865
DataValue, 0.30000000000000004, 0.001, 0.015745000000000002, 0.11186000000000002, 111.86
DataValue, 0.27999999999999997, 0.001, 0.015025, 0.11184000000000001, 111.84
DataValue, 0.26, 0.001, 0.014190000000000001, 0.11183000000000001, 111.83000000000001
DataValue, 0.24, 0.001, 0.013229, 0.111815, 111.815
DataValue, 0.22000000000000003, 0.001, 0.012173000000000002, 0.11180000000000001, 111.80000000000001
DataValue, 0.2, 0.001, 0.011019000000000001, 0.111795, 111.795
DataValue, 0.18000000000000002, 0.001, 0.0097649000000000017, 0.11176, 111.75999999999999
DataValue, 0.16000000000000003, 0.001, 0.0084575, 0.11174, 111.74
DataValue, 0.13999999999999999, 0.001, 0.0070892, 0.11171500000000001, 111.715
DataValue, 0.12, 0.001, 0.0057196, 0.11169500000000002, 111.69500000000001
DataValue, 0.1, 0.001, 0.0043777999999999994, 0.11167, 111.67
DataValue, 0.08, 0.001, 0.0031073, 0.11166000000000001, 111.66
DataValue, 0.06, 0.001, 0.0019946, 0.111635, 111.63499999999999
DataValue, 0.04, 0.001, 0.0010903, 0.11163000000000001, 111.63000000000001
DataValue, 0.02, 0.001, 0.00042384000000000003, 0.11162000000000001, 111.62
DataValue, 0, 0.001, -3.89528E-06, 0.111615, 111.615
DataValue, 0, 0.001, -4.63496E-06, 0.111615, 111.615
DataValue, 0.02, 0.001, 0.00048586, 0.11161000000000002, 111.61000000000001
DataValue, 0.04, 0.001, 0.0012313, 0.11164000000000002, 111.64
DataValue, 0.06, 0.001, 0.0022174, 0.11165000000000001, 111.65
DataValue, 0.08, 0.001, 0.0034101, 0.11166000000000001, 111.66
DataValue, 0.1, 0.001, 0.0047568, 0.11168499999999999, 111.68499999999999
DataValue, 0.12, 0.001, 0.00617, 0.11170500000000001, 111.70500000000001
DataValue, 0.13999999999999999, 0.001, 0.0076123000000000007, 0.11172500000000002, 111.72500000000001
DataValue, 0.16000000000000003, 0.001, 0.009056100000000001, 0.11175, 111.75
DataValue, 0.18000000000000002, 0.001, 0.010446800000000001, 0.111765, 111.765
DataValue, 0.2, 0.001, 0.011799, 0.111795, 111.795
DataValue, 0.22000000000000003, 0.001, 0.013058, 0.111815, 111.815
DataValue, 0.24, 0.001, 0.01424, 0.11183000000000001, 111.83000000000001
DataValue, 0.26, 0.001, 0.015347, 0.111855, 111.85499999999999
DataValue, 0.27999999999999997, 0.001, 0.016355, 0.11186499999999999, 111.865
DataValue, 0.30000000000000004, 0.001, 0.017278, 0.11188000000000001, 111.88
DataValue, 0.32000000000000006, 0.001, 0.018095, 0.11189, 111.89
DataValue, 0.34, 0.001, 0.018812, 0.11191000000000001, 111.91
DataValue, 0.36000000000000004, 0.001, 0.019433000000000002, 0.11191000000000001, 111.91
DataValue, 0.38, 0.001, 0.019950000000000002, 0.11192500000000001, 111.92500000000001
DataValue, 0.4, 0.001, 0.020371999999999998, 0.11192500000000001, 111.92500000000001
DataValue, 0.42000000000000004, 0.001, 0.020707, 0.11193, 111.92999999999999
DataValue, 0.44000000000000006, 0.001, 0.020968, 0.11194, 111.94
DataValue, 0.45999999999999996, 0.001, 0.021171000000000002, 0.111935, 111.935
DataValue, 0.48, 0.001, 0.021324000000000003, 0.11194500000000002, 111.94500000000001
DataValue, 0.5, 0.001, 0.021442000000000003, 0.11194, 111.94
DataValue, 0.52, 0.001, 0.021537, 0.11194500000000002, 111.94500000000001
DataValue, 0.54, 0.001, 0.02161, 0.11194, 111.94
DataValue, 0.55999999999999994, 0.001, 0.02167, 0.11195, 111.94999999999999
DataValue, 0.58, 0.001, 0.021718, 0.11194, 111.94
DataValue, 0.60000000000000009, 0.001, 0.021757, 0.11194500000000002, 111.94500000000001
DataValue, 0.62000000000000011, 0.001, 0.021791, 0.11194500000000002, 111.94500000000001
DataValue, 0.64000000000000012, 0.001, 0.021814, 0.11194500000000002, 111.94500000000001
DataValue, 0.66, 0.001, 0.021839, 0.11195, 111.94999999999999
DataValue, 0.68, 0.001, 0.021857, 0.11194500000000002, 111.94500000000001
DataValue, 0.70000000000000007, 0.001, 0.021873999999999998, 0.11195500000000001, 111.955
DataValue, 0.72000000000000008, 0.001, 0.021887, 0.11194500000000002, 111.94500000000001
DataValue, 0.7400000000000001, 0.001, 0.0219, 0.11194500000000002, 111.94500000000001
DataValue, 0.76, 0.001, 0.021911999999999997, 0.11195, 111.94999999999999
DataValue, 0.78, 0.001, 0.021918000000000003, 0.11194, 111.94
DataValue, 0.8, 0.001, 0.021926, 0.11195, 111.94999999999999
DataValue, 0.82, 0.001, 0.021932999999999998, 0.11195, 111.94999999999999
DataValue, 0.84000000000000008, 0.001, 0.021935, 0.11195, 111.94999999999999
DataValue, 0.86, 0.001, 0.021938, 0.11195, 111.94999999999999
DataValue, 0.88000000000000012, 0.001, 0.02194, 0.11194, 111.94
DataValue, 0.9, 0.001, 0.021943999999999998, 0.11195, 111.94999999999999
DataValue, 0.91999999999999993, 0.001, 0.021946, 0.11195500000000001, 111.955
DataValue, 0.94000000000000006, 0.001, 0.021948, 0.11195500000000001, 111.955
DataValue, 0.96, 0.001, 0.021946, 0.11194500000000002, 111.94500000000001
DataValue, 0.98000000000000009, 0.001, 0.021946, 0.11195, 111.94999999999999
DataValue, 1, 0.001, 0.021946, 0.11195500000000001, 111.955
DataValue, 1.02, 0.001, 0.021945000000000003, 0.11194500000000002, 111.94500000000001
DataValue, 1.04, 0.001, 0.021943999999999998, 0.11195500000000001, 111.955
DataValue, 1.06, 0.001, 0.021920000000000002, 0.11195500000000001, 111.955
DataValue, 1.08, 0.001, 0.021845, 0.11195, 111.94999999999999
DataValue, 1.1, 0.001, 0.021703, 0.11195, 111.94999999999999
DataValue, 1.12, 0.001, 0.021563, 0.11194500000000002, 111.94500000000001
DataValue, 1.14, 0.001, 0.021458, 0.11195, 111.94999999999999
DataValue, 1.16, 0.001, 0.02137, 0.11194, 111.94
DataValue, 1.18, 0.001, 0.021291, 0.11194500000000002, 111.94500000000001
DataValue, 1.2, 0.001, 0.021212, 0.11194, 111.94
DataValue, 1.22, 0.001, 0.021132, 0.11194, 111.94
DataValue, 1.24, 0.001, 0.021052, 0.11193, 111.92999999999999
DataValue, 1.26, 0.001, 0.020971000000000004, 0.11194, 111.94
DataValue, 1.28, 0.001, 0.020898, 0.11193, 111.92999999999999
DataValue, 1.3, 0.001, 0.020824, 0.111935, 111.935
DataValue, 1.32, 0.001, 0.020753, 0.11194, 111.94
DataValue, 1.34, 0.001, 0.020683, 0.111935, 111.935
DataValue, 1.36, 0.001, 0.020617999999999997, 0.111935, 111.935
DataValue, 1.38, 0.001, 0.020554000000000003, 0.11193, 111.92999999999999
DataValue, 1.4, 0.001, 0.020496, 0.11193, 111.92999999999999
DataValue, 1.42, 0.001, 0.020445, 0.11192500000000001, 111.92500000000001
DataValue, 1.44, 0.001, 0.020397, 0.11192500000000001, 111.92500000000001
DataValue, 1.46, 0.001, 0.020356000000000003, 0.11193, 111.92999999999999
DataValue, 1.48, 0.001, 0.020318, 0.11192, 111.92
DataValue, 1.5, 0.001, 0.020289, 0.11193, 111.92999999999999
DataValue, 1.52, 0.001, 0.020267, 0.11192, 111.92
DataValue, 1.54, 0.001, 0.02025, 0.111935, 111.935
DataValue, 1.56, 0.001, 0.020241, 0.11193, 111.92999999999999
DataValue, 1.58, 0.001, 0.020236999999999998, 0.11193, 111.92999999999999
DataValue, 1.6, 0.001, 0.020244, 0.11193, 111.92999999999999
DataValue, 1.62, 0.001, 0.020255000000000002, 0.11193, 111.92999999999999
DataValue, 1.64, 0.001, 0.020278, 0.11193, 111.92999999999999
DataValue, 1.66, 0.001, 0.020308000000000003, 0.11193, 111.92999999999999
DataValue, 1.68, 0.001, 0.020348, 0.11193, 111.92999999999999
DataValue, 1.7, 0.001, 0.020395, 0.11193, 111.92999999999999
DataValue, 1.72, 0.001, 0.020451, 0.11194, 111.94
DataValue, 1.74, 0.001, 0.020520999999999998, 0.11193, 111.92999999999999
DataValue, 1.76, 0.001, 0.020592000000000003, 0.11192500000000001, 111.92500000000001
DataValue, 1.78, 0.001, 0.020692, 0.11193, 111.92999999999999
DataValue, 1.8, 0.001, 0.020801, 0.11193, 111.92999999999999
DataValue, 1.82, 0.001, 0.020928, 0.11194500000000002, 111.94500000000001
DataValue, 1.84, 0.001, 0.021092, 0.111935, 111.935
DataValue, 1.86, 0.001, 0.021719, 0.11195, 111.94999999999999
DataValue, 1.88, 0.001, 0.021714000000000004, 0.11195, 111.94999999999999
DataValue, 1.9, 0.001, 0.021703, 0.11195, 111.94999999999999
DataValue, 1.92, 0.001, 0.021695000000000002, 0.11194500000000002, 111.94500000000001
DataValue, 1.94, 0.001, 0.021689, 0.11194, 111.94
DataValue, 1.96, 0.001, 0.021681, 0.11195, 111.94999999999999
DataValue, 1.98, 0.001, 0.021669, 0.11194500000000002, 111.94500000000001
DataValue, 2, 0.001, 0.021664, 0.11194500000000002, 111.94500000000001
DataValue, 2.02, 0.001, 0.021656, 0.11194500000000002, 111.94500000000001
DataValue, 2.04, 0.001, 0.021644999999999998, 0.11195, 111.94999999999999
DataValue, 2.06, 0.001, 0.021637, 0.11195500000000001, 111.955
DataValue, 2.08, 0.001, 0.021627999999999998, 0.11195, 111.94999999999999
DataValue, 2.1, 0.001, 0.021624, 0.11195, 111.94999999999999
DataValue, 2.12, 0.001, 0.021616, 0.11194500000000002, 111.94500000000001
DataValue, 2.14, 0.001, 0.021605, 0.11195, 111.94999999999999
DataValue, 2.16, 0.001, 0.021597, 0.11195500000000001, 111.955
DataValue, 2.18, 0.001, 0.021594000000000002, 0.11195, 111.94999999999999
DataValue, 2.2, 0.001, 0.021587000000000002, 0.11194500000000002, 111.94500000000001
DataValue, 2.22, 0.001, 0.021575000000000004, 0.11194500000000002, 111.94500000000001
DataValue, 2.24, 0.001, 0.021570000000000002, 0.11194500000000002, 111.94500000000001
DataValue, 2.26, 0.001, 0.021562, 0.11194500000000002, 111.94500000000001
DataValue, 2.28, 0.001, 0.021554000000000004, 0.11194500000000002, 111.94500000000001
DataValue, 2.3, 0.001, 0.021547999999999998, 0.11194500000000002, 111.94500000000001
DataValue, 2.32, 0.001, 0.021544, 0.11195500000000001, 111.955
DataValue, 2.34, 0.001, 0.021533000000000004, 0.11194, 111.94
DataValue, 2.36, 0.001, 0.021529, 0.11194, 111.94
DataValue, 2.38, 0.001, 0.021524, 0.11194500000000002, 111.94500000000001
DataValue, 2.4, 0.001, 0.021522000000000003, 0.11195, 111.94999999999999
DataValue, 2.42, 0.001, 0.021514000000000002, 0.11194500000000002, 111.94500000000001
DataValue, 2.44, 0.001, 0.021507000000000002, 0.11194500000000002, 111.94500000000001
DataValue, 2.46, 0.001, 0.021502, 0.11195, 111.94999999999999
DataValue, 2.48, 0.001, 0.021496, 0.11194500000000002, 111.94500000000001
DataValue, 2.5, 0.001, 0.021493, 0.11194500000000002, 111.94500000000001
DataValue, 2.52, 0.001, 0.021491, 0.11195, 111.94999999999999
DataValue, 2.54, 0.001, 0.021485, 0.11194, 111.94
DataValue, 2.56, 0.001, 0.021485, 0.11195, 111.94999999999999
DataValue, 2.58, 0.001, 0.021478999999999998, 0.11194500000000002, 111.94500000000001
DataValue, 2.6, 0.001, 0.021475, 0.11194500000000002, 111.94500000000001
DataValue, 2.62, 0.001, 0.021475, 0.11194, 111.94
DataValue, 2.64, 0.001, 0.021472, 0.11194500000000002, 111.94500000000001
DataValue, 2.66, 0.001, 0.021467999999999998, 0.11195500000000001, 111.955
DataValue, 2.68, 0.001, 0.021469000000000002, 0.11194, 111.94
DataValue, 2.7, 0.001, 0.02147, 0.11194500000000002, 111.94500000000001
DataValue, 2.72, 0.001, 0.02147, 0.11194, 111.94
DataValue, 2.74, 0.001, 0.02147, 0.11194, 111.94
DataValue, 2.76, 0.001, 0.021472, 0.11194, 111.94
DataValue, 2.78, 0.001, 0.021475, 0.11195, 111.94999999999999
DataValue, 2.8, 0.001, 0.021474000000000004, 0.11195, 111.94999999999999
DataValue, 2.82, 0.001, 0.021478, 0.11194, 111.94
DataValue, 2.84, 0.001, 0.021480000000000003, 0.11195, 111.94999999999999
DataValue, 2.86, 0.001, 0.021484, 0.11194500000000002, 111.94500000000001
DataValue, 2.88, 0.001, 0.021488999999999998, 0.11195, 111.94999999999999
DataValue, 2.9, 0.001, 0.021494, 0.11195, 111.94999999999999
DataValue, 2.92, 0.001, 0.0215, 0.11194, 111.94
DataValue, 2.94, 0.001, 0.021504, 0.11194500000000002, 111.94500000000001
DataValue, 2.96, 0.001, 0.021512, 0.11194500000000002, 111.94500000000001
DataValue, 2.98, 0.001, 0.02152, 0.11195500000000001, 111.955
DataValue, 3, 0.001, 0.021528000000000002, 0.11194, 111.94
DataValue, 3, 0.001, 0.021526999999999998, 0.11194500000000002, 111.94500000000001
DataValue, 2.98, 0.001, 0.021513, 0.11194, 111.94
DataValue, 2.96, 0.001, 0.021497000000000002, 0.11195, 111.94999999999999
DataValue, 2.94, 0.001, 0.021481, 0.11195, 111.94999999999999
DataValue, 2.92, 0.001, 0.021467, 0.11194, 111.94
DataValue, 2.9, 0.001, 0.021457, 0.11195, 111.94999999999999
DataValue, 2.88, 0.001, 0.021446, 0.111935, 111.935
DataValue, 2.86, 0.001, 0.021435, 0.11194500000000002, 111.94500000000001
DataValue, 2.84, 0.001, 0.021425, 0.11194500000000002, 111.94500000000001
DataValue, 2.82, 0.001, 0.021417000000000002, 0.11195, 111.94999999999999
DataValue, 2.8, 0.001, 0.021408, 0.11194500000000002, 111.94500000000001
DataValue, 2.78, 0.001, 0.021402, 0.11195, 111.94999999999999
DataValue, 2.76, 0.001, 0.021396000000000002, 0.11195500000000001, 111.955
DataValue, 2.74, 0.001, 0.021389000000000002, 0.11194, 111.94
DataValue, 2.72, 0.001, 0.021383000000000003, 0.11195, 111.94999999999999
DataValue, 2.7, 0.001, 0.021381, 0.11194500000000002, 111.94500000000001
DataValue, 2.68, 0.001, 0.021375, 0.11194500000000002, 111.94500000000001
DataValue, 2.66, 0.001, 0.021372, 0.11195500000000001, 111.955
DataValue, 2.64, 0.001, 0.021371, 0.11194500000000002, 111.94500000000001
DataValue, 2.62, 0.001, 0.021366999999999997, 0.11195, 111.94999999999999
DataValue, 2.6, 0.001, 0.021365, 0.11194500000000002, 111.94500000000001
DataValue, 2.58, 0.001, 0.021362000000000003, 0.11194500000000002, 111.94500000000001
DataValue, 2.56, 0.001, 0.02136, 0.11194, 111.94
DataValue, 2.54, 0.001, 0.021362000000000003, 0.11194500000000002, 111.94500000000001
DataValue, 2.52, 0.001, 0.021360999999999998, 0.11194, 111.94
DataValue, 2.5, 0.001, 0.02136, 0.11195, 111.94999999999999
DataValue, 2.48, 0.001, 0.021360999999999998, 0.11195, 111.94999999999999
DataValue, 2.46, 0.001, 0.02136, 0.11194500000000002, 111.94500000000001
DataValue, 2.44, 0.001, 0.021364, 0.11195, 111.94999999999999
DataValue, 2.42, 0.001, 0.021366, 0.11194500000000002, 111.94500000000001
DataValue, 2.4, 0.001, 0.021368, 0.11194500000000002, 111.94500000000001
DataValue, 2.38, 0.001, 0.021371, 0.11194500000000002, 111.94500000000001
DataValue, 2.36, 0.001, 0.021372, 0.11195, 111.94999999999999
DataValue, 2.34, 0.001, 0.021375, 0.11194500000000002, 111.94500000000001
DataValue, 2.32, 0.001, 0.021379000000000002, 0.11195, 111.94999999999999
DataValue, 2.3, 0.001, 0.021383000000000003, 0.11194500000000002, 111.94500000000001
DataValue, 2.28, 0.001, 0.021386, 0.11194500000000002, 111.94500000000001
DataValue, 2.26, 0.001, 0.021391, 0.11194500000000002, 111.94500000000001
DataValue, 2.24, 0.001, 0.021394000000000003, 0.11194500000000002, 111.94500000000001
DataValue, 2.22, 0.001, 0.021398, 0.11194, 111.94
DataValue, 2.2, 0.001, 0.021401, 0.11194, 111.94
DataValue, 2.18, 0.001, 0.021405, 0.11194500000000002, 111.94500000000001
DataValue, 2.16, 0.001, 0.021411, 0.11195500000000001, 111.955
DataValue, 2.14, 0.001, 0.021416, 0.11194500000000002, 111.94500000000001
DataValue, 2.12, 0.001, 0.021419999999999998, 0.11194500000000002, 111.94500000000001
DataValue, 2.1, 0.001, 0.021425, 0.11194500000000002, 111.94500000000001
DataValue, 2.08, 0.001, 0.021431000000000002, 0.11195, 111.94999999999999
DataValue, 2.06, 0.001, 0.021439, 0.11194500000000002, 111.94500000000001
DataValue, 2.04, 0.001, 0.021444, 0.11194, 111.94
DataValue, 2.02, 0.001, 0.021446999999999997, 0.11195, 111.94999999999999
DataValue, 2, 0.001, 0.021454, 0.11195, 111.94999999999999
DataValue, 1.98, 0.001, 0.02146, 0.11194500000000002, 111.94500000000001
DataValue, 1.96, 0.001, 0.021463000000000003, 0.111935, 111.935
DataValue, 1.94, 0.001, 0.021469000000000002, 0.11194500000000002, 111.94500000000001
DataValue, 1.92, 0.001, 0.021475, 0.11194500000000002, 111.94500000000001
DataValue, 1.9, 0.001, 0.021481, 0.11194500000000002, 111.94500000000001
DataValue, 1.88, 0.001, 0.021488999999999998, 0.11195, 111.94999999999999
DataValue, 1.86, 0.001, 0.021494, 0.11194500000000002, 111.94500000000001
DataValue, 1.84, 0.001, 0.021499, 0.11195500000000001, 111.955
DataValue, 1.82, 0.001, 0.021504, 0.11194500000000002, 111.94500000000001
DataValue, 1.8, 0.001, 0.021508, 0.11195, 111.94999999999999
DataValue, 1.78, 0.001, 0.021514000000000002, 0.11194500000000002, 111.94500000000001
DataValue, 1.76, 0.001, 0.021523, 0.11195, 111.94999999999999
DataValue, 1.74, 0.001, 0.021529, 0.11195, 111.94999999999999
DataValue, 1.72, 0.001, 0.021536, 0.11195500000000001, 111.955
DataValue, 1.7, 0.001, 0.02154, 0.11194500000000002, 111.94500000000001
DataValue, 1.68, 0.001, 0.021546, 0.11193, 111.92999999999999
DataValue, 1.66, 0.001, 0.021553, 0.11195, 111.94999999999999
DataValue, 1.64, 0.001, 0.021561, 0.11195, 111.94999999999999
DataValue, 1.62, 0.001, 0.021563, 0.11195, 111.94999999999999
DataValue, 1.6, 0.001, 0.021570000000000002, 0.11195, 111.94999999999999
DataValue, 1.58, 0.001, 0.021573000000000002, 0.11195, 111.94999999999999
DataValue, 1.56, 0.001, 0.021582, 0.11195, 111.94999999999999
DataValue, 1.54, 0.001, 0.021587000000000002, 0.11195500000000001, 111.955
DataValue, 1.52, 0.001, 0.021595, 0.11196, 111.96
DataValue, 1.5, 0.001, 0.021599, 0.11195, 111.94999999999999
DataValue, 1.48, 0.001, 0.021605, 0.11195500000000001, 111.955
DataValue, 1.46, 0.001, 0.021615000000000002, 0.11195, 111.94999999999999
DataValue, 1.44, 0.001, 0.021619000000000003, 0.11194500000000002, 111.94500000000001
DataValue, 1.42, 0.001, 0.021624, 0.11195500000000001, 111.955
DataValue, 1.4, 0.001, 0.021627, 0.11195, 111.94999999999999
DataValue, 1.38, 0.001, 0.021633, 0.11195500000000001, 111.955
DataValue, 1.36, 0.001, 0.021640000000000003, 0.11195, 111.94999999999999
DataValue, 1.34, 0.001, 0.021648999999999998, 0.11195500000000001, 111.955
DataValue, 1.32, 0.001, 0.021648999999999998, 0.11196, 111.96
DataValue, 1.3, 0.001, 0.021657000000000003, 0.11195, 111.94999999999999
DataValue, 1.28, 0.001, 0.021665, 0.11196, 111.96
DataValue, 1.26, 0.001, 0.021669, 0.11194500000000002, 111.94500000000001
DataValue, 1.24, 0.001, 0.021282000000000002, 0.11195500000000001, 111.955
DataValue, 1.22, 0.001, 0.02101, 0.11194, 111.94
DataValue, 1.2, 0.001, 0.021068, 0.11194, 111.94
DataValue, 1.18, 0.001, 0.021133000000000002, 0.11194, 111.94
DataValue, 1.16, 0.001, 0.021195, 0.11194500000000002, 111.94500000000001
DataValue, 1.14, 0.001, 0.021261000000000002, 0.11194500000000002, 111.94500000000001
DataValue, 1.12, 0.001, 0.021322, 0.11195, 111.94999999999999
DataValue, 1.1, 0.001, 0.02138, 0.11196, 111.96
DataValue, 1.08, 0.001, 0.021438000000000002, 0.11194500000000002, 111.94500000000001
DataValue, 1.06, 0.001, 0.021488999999999998, 0.11195, 111.94999999999999
DataValue, 1.04, 0.001, 0.021537, 0.11194500000000002, 111.94500000000001
DataValue, 1.02, 0.001, 0.021583, 0.11194500000000002, 111.94500000000001
DataValue, 1, 0.001, 0.021624, 0.11195500000000001, 111.955
DataValue, 0.98000000000000009, 0.001, 0.021661000000000003, 0.11195, 111.94999999999999
DataValue, 0.96, 0.001, 0.021696, 0.11195500000000001, 111.955
DataValue, 0.94000000000000006, 0.001, 0.021718, 0.11195, 111.94999999999999
DataValue, 0.91999999999999993, 0.001, 0.021713, 0.11195500000000001, 111.955
DataValue, 0.9, 0.001, 0.021715, 0.11195500000000001, 111.955
DataValue, 0.88000000000000012, 0.001, 0.021717, 0.11195500000000001, 111.955
DataValue, 0.86, 0.001, 0.021715, 0.11196500000000001, 111.965
DataValue, 0.84000000000000008, 0.001, 0.021712, 0.11195500000000001, 111.955
DataValue, 0.82, 0.001, 0.021707, 0.11195, 111.94999999999999
DataValue, 0.8, 0.001, 0.021703, 0.11196, 111.96
DataValue, 0.78, 0.001, 0.021697, 0.11196, 111.96
DataValue, 0.76, 0.001, 0.021691, 0.11195, 111.94999999999999
DataValue, 0.7400000000000001, 0.001, 0.021684000000000002, 0.11194500000000002, 111.94500000000001
DataValue, 0.72000000000000008, 0.001, 0.021675, 0.11195500000000001, 111.955
DataValue, 0.70000000000000007, 0.001, 0.021664, 0.11195, 111.94999999999999
DataValue, 0.68, 0.001, 0.021648999999999998, 0.11195, 111.94999999999999
DataValue, 0.66, 0.001, 0.021629000000000002, 0.11195, 111.94999999999999
DataValue, 0.64000000000000012, 0.001, 0.021608000000000002, 0.11195500000000001, 111.955
DataValue, 0.62000000000000011, 0.001, 0.021585, 0.11195500000000001, 111.955
DataValue, 0.60000000000000009, 0.001, 0.021556000000000002, 0.11194500000000002, 111.94500000000001
DataValue, 0.58, 0.001, 0.021521, 0.11195500000000001, 111.955
DataValue, 0.55999999999999994, 0.001, 0.021476000000000002, 0.11195, 111.94999999999999
DataValue, 0.54, 0.001, 0.021419, 0.11195500000000001, 111.955
DataValue, 0.52, 0.001, 0.021348, 0.11195500000000001, 111.955
DataValue, 0.5, 0.001, 0.021259999999999998, 0.11194500000000002, 111.94500000000001
DataValue, 0.48, 0.001, 0.021147, 0.11194500000000002, 111.94500000000001
DataValue, 0.45999999999999996, 0.001, 0.021, 0.11194500000000002, 111.94500000000001
DataValue, 0.44000000000000006, 0.001, 0.020806, 0.11194, 111.94
DataValue, 0.42000000000000004, 0.001, 0.020553, 0.111935, 111.935
DataValue, 0.4, 0.001, 0.020232, 0.11194, 111.94
DataValue, 0.38, 0.001, 0.019818, 0.11192500000000001, 111.92500000000001
DataValue, 0.36000000000000004, 0.001, 0.019314, 0.11192, 111.92
DataValue, 0.34, 0.001, 0.0187, 0.11191000000000001, 111.91
DataValue, 0.32000000000000006, 0.001, 0.017993, 0.111895, 111.89499999999998
DataValue, 0.30000000000000004, 0.001, 0.017183, 0.111885, 111.88499999999999
DataValue, 0.27999999999999997, 0.001, 0.01627, 0.11187000000000001, 111.87
DataValue, 0.26, 0.001, 0.015269, 0.11187000000000001, 111.87
DataValue, 0.24, 0.001, 0.01417, 0.111845, 111.845
DataValue, 0.22000000000000003, 0.001, 0.012993, 0.11183000000000001, 111.83000000000001
DataValue, 0.2, 0.001, 0.01174, 0.11181000000000002, 111.81
DataValue, 0.18000000000000002, 0.001, 0.010400000000000001, 0.11178500000000001, 111.785
DataValue, 0.16000000000000003, 0.001, 0.0090101, 0.111765, 111.765
DataValue, 0.13999999999999999, 0.001, 0.0075724, 0.11174, 111.74
DataValue, 0.12, 0.001, 0.0061356000000000006, 0.11172, 111.72
DataValue, 0.1, 0.001, 0.0047281000000000007, 0.11170000000000001, 111.7
DataValue, 0.08, 0.001, 0.0033874, 0.11168, 111.68
DataValue, 0.06, 0.001, 0.0022016, 0.111665, 111.66499999999999
DataValue, 0.04, 0.001, 0.0012217, 0.11164000000000002, 111.64
DataValue, 0.02, 0.001, 0.00048228, 0.111625, 111.625
DataValue, 0, 0.001, -4.5349599999999995E-06, 0.11163000000000001, 111.63000000000001
