SetupTitle, I/V Sweep
PrimitiveTest, I/V Sweep
TestParameter, Context.MainFrame, B1500A
TestParameter, Channel.UnitType, SMU, SMU, SMU
TestParameter, Channel.Unit, SMU1:MP, SMU3:MP, SMU4:MP
TestParameter, Channel.IName, IB, IC, IT
TestParameter, Channel.VName, VB, VC, VT
TestParameter, Channel.Mode, I, V, I
TestParameter, Channel.Func, VAR2, VAR1, CONST
TestParameter, Channel.Index, 
TestParameter, Channel.Time, 
TestParameter, Measurement.Port.Unit, SMU1:MP, SMU3:MP, SMU4:MP
TestParameter, Measurement.Port.SeriesResistor, NONE, NONE, NONE
TestParameter, Measurement.Port.Filter, ON, ON, ON
TestParameter, Measurement.Primary.Locus, Double
TestParameter, Measurement.Primary.Scale, LINEAR
TestParameter, Measurement.Primary.Start, 0
TestParameter, Measurement.Primary.Stop, 3
TestParameter, Measurement.Primary.Step, 0.02
TestParameter, Measurement.Primary.Compliance, 0.04
TestParameter, Measurement.Primary.PowerCompliance, 0
TestParameter, Measurement.Aborting.Condition, CONTINUE AT ANY
TestParameter, Measurement.PostOutput.Value, START
TestParameter, Measurement.PostOutput.Retention, OFF
TestParameter, Measurement.Secondary.Start, 5E-06
TestParameter, Measurement.Secondary.Count, 5
TestParameter, Measurement.Secondary.Step, 4.9999999999999996E-06
TestParameter, Measurement.Secondary.Compliance, 1.2
TestParameter, Measurement.Secondary.PowerCompliance, 0
TestParameter, Measurement.Bias.Source, 5E-06, 0, 0.001
TestParameter, Measurement.Bias.Compliance, 1.2, 0.04, 1.5
TestParameter, Measurement.Monitor.Unit, SMU1:MP, SMU3:MP, SMU4:MP
TestParameter, Measurement.Monitor.Adc, HR ADC, HR ADC, HR ADC
TestParameter, Measurement.Monitor.RangingMode, AUTO, LIMITED, AUTO
TestParameter, Measurement.Monitor.RangeBoundary, , 1nA, 
TestParameter, Measurement.Timing.Hold, 0
TestParameter, Measurement.Timing.Delay, 0
TestParameter, Measurement.Adc.HighSpeed.Mode, AUTO
TestParameter, Measurement.Adc.HighSpeed.Coeff, 1
TestParameter, Measurement.Adc.HighResolution.AutoZero, OFF
TestParameter, Measurement.Adc.HighResolution.Mode, AUTO
TestParameter, Measurement.Adc.HighResolution.Coeff, 64
TestParameter, Measurement.WaitTime.Source.Coeff, 1
TestParameter, Measurement.WaitTime.Source.Offset, 0
TestParameter, Measurement.WaitTime.Monitor.Coeff, 1
TestParameter, Measurement.WaitTime.Monitor.Offset, 0
TestParameter, Function.User.Name, RPT100
TestParameter, Function.User.Unit, ohm
TestParameter, Function.User.Definition, VT/IT
TestParameter, Output.Graph.Enabled, true
TestParameter, Output.Graph.XAxis.Data, VC
TestParameter, Output.Graph.XAxis.Scale, Linear
TestParameter, Output.Graph.XAxis.Left, 0
TestParameter, Output.Graph.XAxis.Right, 3
TestParameter, Output.Graph.YAxis.Data, IC, RPT100
TestParameter, Output.Graph.YAxis.Scale, Linear, Linear
TestParameter, Output.Graph.YAxis.Bottom, 0, 50
TestParameter, Output.Graph.YAxis.Top, 0.04, 150
TestParameter, Output.Graph.YAxis.Group, , 
TestParameter, AutoAnalysis.Interpolation, false
TestParameter, AutoAnalysis.Line1.Enabled, false
TestParameter, AutoAnalysis.Line1.Type, 1
TestParameter, AutoAnalysis.Line1.Fix, True
TestParameter, AutoAnalysis.Line1.YAxis, 0
TestParameter, AutoAnalysis.Line1.Point1.Type, 0
TestParameter, AutoAnalysis.Line1.Point1.XY.X, 
TestParameter, AutoAnalysis.Line1.Point1.XY.Y, 
TestParameter, AutoAnalysis.Line1.Point1.Data.Var, 
TestParameter, AutoAnalysis.Line1.Point1.Data.Condition, 
TestParameter, AutoAnalysis.Line1.Point1.Data.Start, false
TestParameter, AutoAnalysis.Line1.Point1.Data.StartVar, 
TestParameter, AutoAnalysis.Line1.Point1.Data.StartCondition, 
TestParameter, AutoAnalysis.Line1.Point2.Type, 0
TestParameter, AutoAnalysis.Line1.Point2.XY.X, 
TestParameter, AutoAnalysis.Line1.Point2.XY.Y, 
TestParameter, AutoAnalysis.Line1.Point2.Data.Var, 
TestParameter, AutoAnalysis.Line1.Point2.Data.Condition, 
TestParameter, AutoAnalysis.Line1.Point2.Data.Start, false
TestParameter, AutoAnalysis.Line1.Point2.Data.StartVar, 
TestParameter, AutoAnalysis.Line1.Point2.Data.StartCondition, 
TestParameter, AutoAnalysis.Line1.GradientExpr, 0
TestParameter, AutoAnalysis.Line2.Enabled, false
TestParameter, AutoAnalysis.Line2.Type, 1
TestParameter, AutoAnalysis.Line2.Fix, True
TestParameter, AutoAnalysis.Line2.YAxis, 0
TestParameter, AutoAnalysis.Line2.Point1.Type, 0
TestParameter, AutoAnalysis.Line2.Point1.XY.X, 
TestParameter, AutoAnalysis.Line2.Point1.XY.Y, 
TestParameter, AutoAnalysis.Line2.Point1.Data.Var, 
TestParameter, AutoAnalysis.Line2.Point1.Data.Condition, 
TestParameter, AutoAnalysis.Line2.Point1.Data.Start, false
TestParameter, AutoAnalysis.Line2.Point1.Data.StartVar, 
TestParameter, AutoAnalysis.Line2.Point1.Data.StartCondition, 
TestParameter, AutoAnalysis.Line2.Point2.Type, 0
TestParameter, AutoAnalysis.Line2.Point2.XY.X, 
TestParameter, AutoAnalysis.Line2.Point2.XY.Y, 
TestParameter, AutoAnalysis.Line2.Point2.Data.Var, 
TestParameter, AutoAnalysis.Line2.Point2.Data.Condition, 
TestParameter, AutoAnalysis.Line2.Point2.Data.Start, false
TestParameter, AutoAnalysis.Line2.Point2.Data.StartVar, 
TestParameter, AutoAnalysis.Line2.Point2.Data.StartCondition, 
TestParameter, AutoAnalysis.Line2.GradientExpr, 0
TestParameter, AutoAnalysis.Marker.Enabled, false
TestParameter, AutoAnalysis.Marker.Data.Var, 
TestParameter, AutoAnalysis.Marker.Data.Condition, 
TestParameter, AutoAnalysis.Marker.Data.Start, false
TestParameter, AutoAnalysis.Marker.Data.StartVar, 
TestParameter, AutoAnalysis.Marker.Data.StartCondition, 
MetaData, TestRecord.EntryPoint, true
MetaData, TestRecord.RecordTime, 07/11/2025 15:57:50
MetaData, TestRecord.TestTarget, 
MetaData, TestRecord.IterationIndex, 4
MetaData, TestRecord.Preservation, true
MetaData, TestRecord.Flag, 
MetaData, TestRecord.Remarks, 
MetaData, TestRecord.LinkKey, 6cc20740-e538-40a6-b3a2-68aab747a2d9
AnalysisSetup, Analysis.Setup.Vector.Graph.Enabled, true
AnalysisSetup, Analysis.Setup.Vector.Graph.ActiveYAxis, 0
AnalysisSetup, Analysis.Setup.Vector.Graph.LeftYAxis, 0
AnalysisSetup, Analysis.Setup.Vector.Graph.RightYAxis, 1
AnalysisSetup, Analysis.Setup.Vector.Graph.XAxis.Name, VC
AnalysisSetup, Analysis.Setup.Vector.Graph.XAxis.GroupName, 
AnalysisSetup, Analysis.Setup.Vector.Graph.XAxis.Unit, V
AnalysisSetup, Analysis.Setup.Vector.Graph.XAxis.Scale, Linear
AnalysisSetup, Analysis.Setup.Vector.Graph.XAxis.Left, 0
AnalysisSetup, Analysis.Setup.Vector.Graph.XAxis.Right, 3
AnalysisSetup, Analysis.Setup.Vector.Graph.YAxis.Name, IC, RPT100
AnalysisSetup, Analysis.Setup.Vector.Graph.YAxis.GroupName, , 
AnalysisSetup, Analysis.Setup.Vector.Graph.YAxis.Unit, A, ohm
AnalysisSetup, Analysis.Setup.Vector.Graph.YAxis.Scale, Linear, Linear
AnalysisSetup, Analysis.Setup.Vector.Graph.YAxis.Bottom, 0, 50
AnalysisSetup, Analysis.Setup.Vector.Graph.YAxis.Top, 0.04, 150
AnalysisSetup, Analysis.Setup.Vector.Graph.Operation.Marker.Enabled, false
AnalysisSetup, Analysis.Setup.Vector.Graph.Operation.Marker.Interpolation, false
AnalysisSetup, Analysis.Setup.Vector.Graph.Operation.Marker.Index, 0
AnalysisSetup, Analysis.Setup.Vector.Graph.Operation.Marker.Step, 0
AnalysisSetup, Analysis.Setup.Vector.Graph.Operation.Cursor.Enabled, false
AnalysisSetup, Analysis.Setup.Vector.Graph.Operation.Cursor.Active, true
AnalysisSetup, Analysis.Setup.Vector.Graph.Operation.Cursor.NormalX, 0.5
AnalysisSetup, Analysis.Setup.Vector.Graph.Operation.Cursor.NormalY, 0.5
AnalysisSetup, Analysis.Setup.Vector.Graph.Operation.Line1.Enabled, false
AnalysisSetup, Analysis.Setup.Vector.Graph.Operation.Line1.Active, false
AnalysisSetup, Analysis.Setup.Vector.Graph.Operation.Line1.Fix, false
AnalysisSetup, Analysis.Setup.Vector.Graph.Operation.Line1.Type, 1
AnalysisSetup, Analysis.Setup.Vector.Graph.Operation.Line1.YAxisIndex, 0
AnalysisSetup, Analysis.Setup.Vector.Graph.Operation.Line1.LastIndex, -1
AnalysisSetup, Analysis.Setup.Vector.Graph.Operation.Line1.LastStep, -1
AnalysisSetup, Analysis.Setup.Vector.Graph.Operation.Line1.Cursor1.Enabled, false
AnalysisSetup, Analysis.Setup.Vector.Graph.Operation.Line1.Cursor1.Active, false
AnalysisSetup, Analysis.Setup.Vector.Graph.Operation.Line1.Cursor1.NormalX, 0.5
AnalysisSetup, Analysis.Setup.Vector.Graph.Operation.Line1.Cursor1.NormalY, 0.5
AnalysisSetup, Analysis.Setup.Vector.Graph.Operation.Line1.Cursor2.Enabled, false
AnalysisSetup, Analysis.Setup.Vector.Graph.Operation.Line1.Cursor2.Active, false
AnalysisSetup, Analysis.Setup.Vector.Graph.Operation.Line1.Cursor2.NormalX, 0.5
AnalysisSetup, Analysis.Setup.Vector.Graph.Operation.Line1.Cursor2.NormalY, 0.5
AnalysisSetup, Analysis.Setup.Vector.Graph.Operation.Line1.Gradient, 
AnalysisSetup, Analysis.Setup.Vector.Graph.Operation.Line2.Enabled, false
AnalysisSetup, Analysis.Setup.Vector.Graph.Operation.Line2.Active, false
AnalysisSetup, Analysis.Setup.Vector.Graph.Operation.Line2.Fix, false
AnalysisSetup, Analysis.Setup.Vector.Graph.Operation.Line2.Type, 1
AnalysisSetup, Analysis.Setup.Vector.Graph.Operation.Line2.YAxisIndex, 0
AnalysisSetup, Analysis.Setup.Vector.Graph.Operation.Line2.LastIndex, -1
AnalysisSetup, Analysis.Setup.Vector.Graph.Operation.Line2.LastStep, -1
AnalysisSetup, Analysis.Setup.Vector.Graph.Operation.Line2.Cursor1.Enabled, false
AnalysisSetup, Analysis.Setup.Vector.Graph.Operation.Line2.Cursor1.Active, false
AnalysisSetup, Analysis.Setup.Vector.Graph.Operation.Line2.Cursor1.NormalX, 0.5
AnalysisSetup, Analysis.Setup.Vector.Graph.Operation.Line2.Cursor1.NormalY, 0.5
AnalysisSetup, Analysis.Setup.Vector.Graph.Operation.Line2.Cursor2.Enabled, false
AnalysisSetup, Analysis.Setup.Vector.Graph.Operation.Line2.Cursor2.Active, false
AnalysisSetup, Analysis.Setup.Vector.Graph.Operation.Line2.Cursor2.NormalX, 0.5
AnalysisSetup, Analysis.Setup.Vector.Graph.Operation.Line2.Cursor2.NormalY, 0.5
AnalysisSetup, Analysis.Setup.Vector.Graph.Operation.Line2.Gradient, 
AnalysisSetup, Analysis.Setup.Vector.Graph.Preference.BackgroundColor, -1
AnalysisSetup, Analysis.Setup.Vector.Graph.Preference.TextColor, -16777216
AnalysisSetup, Analysis.Setup.Vector.Graph.Preference.GridColor, -3618616
AnalysisSetup, Analysis.Setup.Vector.Graph.Preference.LineColor, -65336
AnalysisSetup, Analysis.Setup.Vector.Graph.Preference.Plots.Y1.Visible, true
AnalysisSetup, Analysis.Setup.Vector.Graph.Preference.Plots.Y1.PlotColor, -16777036
AnalysisSetup, Analysis.Setup.Vector.Graph.Preference.Plots.Y1.Thickness, 1
AnalysisSetup, Analysis.Setup.Vector.Graph.Preference.Plots.Y2.Visible, true
AnalysisSetup, Analysis.Setup.Vector.Graph.Preference.Plots.Y2.PlotColor, -39936
AnalysisSetup, Analysis.Setup.Vector.Graph.Preference.Plots.Y2.Thickness, 1
AnalysisSetup, Analysis.Setup.Vector.Graph.Preference.Plots.Y3.Visible, true
AnalysisSetup, Analysis.Setup.Vector.Graph.Preference.Plots.Y3.PlotColor, -16731136
AnalysisSetup, Analysis.Setup.Vector.Graph.Preference.Plots.Y3.Thickness, 1
AnalysisSetup, Analysis.Setup.Vector.Graph.Preference.Plots.Y4.Visible, true
AnalysisSetup, Analysis.Setup.Vector.Graph.Preference.Plots.Y4.PlotColor, -8892376
AnalysisSetup, Analysis.Setup.Vector.Graph.Preference.Plots.Y4.Thickness, 1
AnalysisSetup, Analysis.Setup.Vector.Graph.Preference.Plots.Y5.Visible, true
AnalysisSetup, Analysis.Setup.Vector.Graph.Preference.Plots.Y5.PlotColor, -65536
AnalysisSetup, Analysis.Setup.Vector.Graph.Preference.Plots.Y5.Thickness, 1
AnalysisSetup, Analysis.Setup.Vector.Graph.Preference.Plots.Y6.Visible, true
AnalysisSetup, Analysis.Setup.Vector.Graph.Preference.Plots.Y6.PlotColor, -14336
AnalysisSetup, Analysis.Setup.Vector.Graph.Preference.Plots.Y6.Thickness, 1
AnalysisSetup, Analysis.Setup.Vector.Graph.Preference.Plots.Y7.Visible, true
AnalysisSetup, Analysis.Setup.Vector.Graph.Preference.Plots.Y7.PlotColor, -6946586
AnalysisSetup, Analysis.Setup.Vector.Graph.Preference.Plots.Y7.Thickness, 1
AnalysisSetup, Analysis.Setup.Vector.Graph.Preference.Plots.Y8.Visible, true
AnalysisSetup, Analysis.Setup.Vector.Graph.Preference.Plots.Y8.PlotColor, -16733546
AnalysisSetup, Analysis.Setup.Vector.Graph.Preference.Plots.Y8.Thickness, 1
AnalysisSetup, Analysis.Setup.Vector.Graph.Preference.Text.AxisTitle.FontName, Tahoma
AnalysisSetup, Analysis.Setup.Vector.Graph.Preference.Text.AxisTitle.RelativeSize, Medium
AnalysisSetup, Analysis.Setup.Vector.Graph.Preference.Text.AxisTitle.Size, 7
AnalysisSetup, Analysis.Setup.Vector.Graph.Preference.Text.ScaleText.FontName, Tahoma
AnalysisSetup, Analysis.Setup.Vector.Graph.Preference.Text.ScaleText.RelativeSize, Medium
AnalysisSetup, Analysis.Setup.Vector.Graph.Preference.Text.ScaleText.Size, 7
AnalysisSetup, Analysis.Setup.Vector.Graph.Preference.Text.Legend.FontName, Tahoma
AnalysisSetup, Analysis.Setup.Vector.Graph.Preference.Text.Legend.RelativeSize, Medium
AnalysisSetup, Analysis.Setup.Vector.Graph.Preference.Text.Legend.Size, 7
AnalysisSetup, Analysis.Setup.Vector.Graph.Preference.Scale.LogTickedDecadeCount, 6
AnalysisSetup, Analysis.Setup.Vector.Graph.Preference.GridVisible, true
AnalysisSetup, Analysis.Setup.Preference.GraphVisible, true
AnalysisSetup, Analysis.Setup.Preference.ListVisible, true
AnalysisSetup, Analysis.Setup.Preference.ScalarVisible, true
AnalysisSetup, Analysis.Setup.Title, I/V Sweep
Dimension1, 302, 302, 302, 302, 302
Dimension2, 5, 5, 5, 5, 5
DataName, VC, IT, IC, VT, RPT100
DataValue, 0, 0.001, -3.21116E-07, 0.112195, 112.195
DataValue, 0.02, 0.001, 0.000104534, 0.11219600000000002, 112.19600000000001
DataValue, 0.04, 0.001, 0.000293748, 0.11219900000000001, 112.199
DataValue, 0.06, 0.001, 0.000591206, 0.112204, 112.204
DataValue, 0.08, 0.001, 0.001002284, 0.112204, 112.204
DataValue, 0.1, 0.001, 0.00150166, 0.11221500000000001, 112.215
DataValue, 0.12, 0.001, 0.00202416, 0.112218, 112.21799999999999
DataValue, 0.13999999999999999, 0.001, 0.0025145400000000004, 0.112226, 112.226
DataValue, 0.16000000000000003, 0.001, 0.0029256000000000004, 0.112231, 112.231
DataValue, 0.18000000000000002, 0.001, 0.0032250200000000003, 0.112235, 112.235
DataValue, 0.2, 0.001, 0.00342332, 0.112245, 112.24499999999999
DataValue, 0.22000000000000003, 0.001, 0.00354174, 0.11224600000000001, 112.246
DataValue, 0.24, 0.001, 0.00361036, 0.11225099999999999, 112.25099999999999
DataValue, 0.26, 0.001, 0.0036504800000000002, 0.112248, 112.24799999999999
DataValue, 0.27999999999999997, 0.001, 0.0036741400000000002, 0.11224200000000001, 112.24199999999999
DataValue, 0.30000000000000004, 0.001, 0.00368988, 0.112241, 112.24099999999999
DataValue, 0.32000000000000006, 0.001, 0.0037003400000000003, 0.11224700000000001, 112.24700000000001
DataValue, 0.34, 0.001, 0.0037081400000000004, 0.112248, 112.24799999999999
DataValue, 0.36000000000000004, 0.001, 0.0037144, 0.112248, 112.24799999999999
DataValue, 0.38, 0.001, 0.0037196, 0.112249, 112.249
DataValue, 0.4, 0.001, 0.00372408, 0.11225099999999999, 112.25099999999999
DataValue, 0.42000000000000004, 0.001, 0.0037282, 0.11225099999999999, 112.25099999999999
DataValue, 0.44000000000000006, 0.001, 0.0037315800000000004, 0.112248, 112.24799999999999
DataValue, 0.45999999999999996, 0.001, 0.0037342200000000003, 0.112249, 112.249
DataValue, 0.48, 0.001, 0.00373716, 0.112253, 112.253
DataValue, 0.5, 0.001, 0.0037394, 0.112255, 112.255
DataValue, 0.52, 0.001, 0.0037416999999999997, 0.11225099999999999, 112.25099999999999
DataValue, 0.54, 0.001, 0.0037439, 0.112252, 112.252
DataValue, 0.55999999999999994, 0.001, 0.003746, 0.11224400000000001, 112.24400000000001
DataValue, 0.58, 0.001, 0.0037476, 0.11224700000000001, 112.24700000000001
DataValue, 0.60000000000000009, 0.001, 0.00374952, 0.112252, 112.252
DataValue, 0.62000000000000011, 0.001, 0.00375114, 0.11225000000000002, 112.25
DataValue, 0.64000000000000012, 0.001, 0.0037530600000000003, 0.11224400000000001, 112.24400000000001
DataValue, 0.66, 0.001, 0.00375384, 0.112248, 112.24799999999999
DataValue, 0.68, 0.001, 0.00375568, 0.11225000000000002, 112.25
DataValue, 0.70000000000000007, 0.001, 0.0037564000000000005, 0.112249, 112.249
DataValue, 0.72000000000000008, 0.001, 0.003758, 0.112252, 112.252
DataValue, 0.7400000000000001, 0.001, 0.00375892, 0.112248, 112.24799999999999
DataValue, 0.76, 0.001, 0.0037601, 0.11224700000000001, 112.24700000000001
DataValue, 0.78, 0.001, 0.0037607400000000003, 0.112249, 112.249
DataValue, 0.8, 0.001, 0.00376198, 0.11224700000000001, 112.24700000000001
DataValue, 0.82, 0.001, 0.0037630800000000002, 0.11225099999999999, 112.25099999999999
DataValue, 0.84000000000000008, 0.001, 0.00376368, 0.11225400000000002, 112.254
DataValue, 0.86, 0.001, 0.00376444, 0.112252, 112.252
DataValue, 0.88000000000000012, 0.001, 0.0037654800000000003, 0.11225000000000002, 112.25
DataValue, 0.9, 0.001, 0.00376558, 0.112249, 112.249
DataValue, 0.91999999999999993, 0.001, 0.0037664200000000004, 0.112248, 112.24799999999999
DataValue, 0.94000000000000006, 0.001, 0.00376694, 0.11225099999999999, 112.25099999999999
DataValue, 0.96, 0.001, 0.00376808, 0.112252, 112.252
DataValue, 0.98000000000000009, 0.001, 0.00376836, 0.11224700000000001, 112.24700000000001
DataValue, 1, 0.001, 0.0037689, 0.112253, 112.253
DataValue, 1.02, 0.001, 0.00376966, 0.112248, 112.24799999999999
DataValue, 1.04, 0.001, 0.00376984, 0.112252, 112.252
DataValue, 1.06, 0.001, 0.00377088, 0.112249, 112.249
DataValue, 1.08, 0.001, 0.00377072, 0.11225099999999999, 112.25099999999999
DataValue, 1.1, 0.001, 0.00377164, 0.112241, 112.24099999999999
DataValue, 1.12, 0.001, 0.00377188, 0.11224400000000001, 112.24400000000001
DataValue, 1.14, 0.001, 0.00377276, 0.11224400000000001, 112.24400000000001
DataValue, 1.16, 0.001, 0.00377276, 0.11225099999999999, 112.25099999999999
DataValue, 1.18, 0.001, 0.00377296, 0.112252, 112.252
DataValue, 1.2, 0.001, 0.0037738000000000003, 0.11225400000000002, 112.254
DataValue, 1.22, 0.001, 0.00377448, 0.112249, 112.249
DataValue, 1.24, 0.001, 0.00377444, 0.112248, 112.24799999999999
DataValue, 1.26, 0.001, 0.00377426, 0.112249, 112.249
DataValue, 1.28, 0.001, 0.00377472, 0.11225400000000002, 112.254
DataValue, 1.3, 0.001, 0.00377508, 0.11225099999999999, 112.25099999999999
DataValue, 1.32, 0.001, 0.00377536, 0.11225099999999999, 112.25099999999999
DataValue, 1.34, 0.001, 0.00377516, 0.112248, 112.24799999999999
DataValue, 1.36, 0.001, 0.0037757800000000003, 0.112248, 112.24799999999999
DataValue, 1.38, 0.001, 0.0037757000000000003, 0.11225099999999999, 112.25099999999999
DataValue, 1.4, 0.001, 0.0037757800000000003, 0.112249, 112.249
DataValue, 1.42, 0.001, 0.00377602, 0.112252, 112.252
DataValue, 1.44, 0.001, 0.0037759200000000003, 0.112248, 112.24799999999999
DataValue, 1.46, 0.001, 0.0037761200000000004, 0.112248, 112.24799999999999
DataValue, 1.48, 0.001, 0.00377656, 0.112249, 112.249
DataValue, 1.5, 0.001, 0.00377678, 0.112248, 112.24799999999999
DataValue, 1.52, 0.001, 0.00377726, 0.112253, 112.253
DataValue, 1.54, 0.001, 0.00377792, 0.112248, 112.24799999999999
DataValue, 1.56, 0.001, 0.0037784399999999997, 0.11225400000000002, 112.254
DataValue, 1.58, 0.001, 0.0037781600000000005, 0.112248, 112.24799999999999
DataValue, 1.6, 0.001, 0.00377854, 0.11224600000000001, 112.246
DataValue, 1.62, 0.001, 0.0037787199999999997, 0.11225600000000001, 112.256
DataValue, 1.64, 0.001, 0.00377926, 0.11225400000000002, 112.254
DataValue, 1.66, 0.001, 0.0037796400000000003, 0.112253, 112.253
DataValue, 1.68, 0.001, 0.00377996, 0.11225099999999999, 112.25099999999999
DataValue, 1.7, 0.001, 0.00378018, 0.112248, 112.24799999999999
DataValue, 1.72, 0.001, 0.00378062, 0.112245, 112.24499999999999
DataValue, 1.74, 0.001, 0.0037812600000000003, 0.11224700000000001, 112.24700000000001
DataValue, 1.76, 0.001, 0.0037817, 0.11225099999999999, 112.25099999999999
DataValue, 1.78, 0.001, 0.0037818200000000004, 0.112249, 112.249
DataValue, 1.8, 0.001, 0.00378274, 0.112248, 112.24799999999999
DataValue, 1.82, 0.001, 0.00378288, 0.112245, 112.24499999999999
DataValue, 1.84, 0.001, 0.0037839, 0.112248, 112.24799999999999
DataValue, 1.86, 0.001, 0.00378438, 0.112252, 112.252
DataValue, 1.88, 0.001, 0.0037853599999999998, 0.11225099999999999, 112.25099999999999
DataValue, 1.9, 0.001, 0.00378584, 0.112253, 112.253
DataValue, 1.92, 0.001, 0.0037868800000000003, 0.112253, 112.253
DataValue, 1.94, 0.001, 0.0037873000000000004, 0.112249, 112.249
DataValue, 1.96, 0.001, 0.00378824, 0.11225000000000002, 112.25
DataValue, 1.98, 0.001, 0.00378944, 0.11224600000000001, 112.246
DataValue, 2, 0.001, 0.00379062, 0.112249, 112.249
DataValue, 2.02, 0.001, 0.00379214, 0.11225600000000001, 112.256
DataValue, 2.04, 0.001, 0.0037937599999999998, 0.11225400000000002, 112.254
DataValue, 2.06, 0.001, 0.00379482, 0.11225000000000002, 112.25
DataValue, 2.08, 0.001, 0.0037964400000000003, 0.112245, 112.24499999999999
DataValue, 2.1, 0.001, 0.00379846, 0.11224700000000001, 112.24700000000001
DataValue, 2.12, 0.001, 0.00380028, 0.11224600000000001, 112.246
DataValue, 2.14, 0.001, 0.00380202, 0.11225000000000002, 112.25
DataValue, 2.16, 0.001, 0.00380414, 0.112253, 112.253
DataValue, 2.18, 0.001, 0.0038063600000000004, 0.112259, 112.259
DataValue, 2.2, 0.001, 0.0038089, 0.112249, 112.249
DataValue, 2.22, 0.001, 0.0038113, 0.112248, 112.24799999999999
DataValue, 2.24, 0.001, 0.00381428, 0.11225400000000002, 112.254
DataValue, 2.26, 0.001, 0.0038175, 0.112253, 112.253
DataValue, 2.28, 0.001, 0.0038204600000000003, 0.112253, 112.253
DataValue, 2.3, 0.001, 0.00382342, 0.112252, 112.252
DataValue, 2.32, 0.001, 0.00382662, 0.112252, 112.252
DataValue, 2.34, 0.001, 0.00383058, 0.11225000000000002, 112.25
DataValue, 2.36, 0.001, 0.00383466, 0.112252, 112.252
DataValue, 2.38, 0.001, 0.00383858, 0.112252, 112.252
DataValue, 2.4, 0.001, 0.0038429600000000003, 0.112255, 112.255
DataValue, 2.42, 0.001, 0.0038477000000000003, 0.112253, 112.253
DataValue, 2.44, 0.001, 0.00385258, 0.112252, 112.252
DataValue, 2.46, 0.001, 0.00385804, 0.112248, 112.24799999999999
DataValue, 2.48, 0.001, 0.00386344, 0.11224700000000001, 112.24700000000001
DataValue, 2.5, 0.001, 0.00386962, 0.112249, 112.249
DataValue, 2.52, 0.001, 0.0038759199999999997, 0.11225099999999999, 112.25099999999999
DataValue, 2.54, 0.001, 0.00388214, 0.11225400000000002, 112.254
DataValue, 2.56, 0.001, 0.00388896, 0.11225000000000002, 112.25
DataValue, 2.58, 0.001, 0.00389544, 0.112248, 112.24799999999999
DataValue, 2.6, 0.001, 0.0039034200000000003, 0.112249, 112.249
DataValue, 2.62, 0.001, 0.0039112800000000005, 0.11225600000000001, 112.256
DataValue, 2.64, 0.001, 0.0039192, 0.112248, 112.24799999999999
DataValue, 2.66, 0.001, 0.003928, 0.11225600000000001, 112.256
DataValue, 2.68, 0.001, 0.00393668, 0.112252, 112.252
DataValue, 2.7, 0.001, 0.00394654, 0.112249, 112.249
DataValue, 2.72, 0.001, 0.00395662, 0.112253, 112.253
DataValue, 2.74, 0.001, 0.0039669, 0.112249, 112.249
DataValue, 2.76, 0.001, 0.00397798, 0.112245, 112.24499999999999
DataValue, 2.78, 0.001, 0.00398934, 0.112253, 112.253
DataValue, 2.8, 0.001, 0.00400132, 0.11225099999999999, 112.25099999999999
DataValue, 2.82, 0.001, 0.00401408, 0.112253, 112.253
DataValue, 2.84, 0.001, 0.00402702, 0.11225400000000002, 112.254
DataValue, 2.86, 0.001, 0.00404048, 0.112253, 112.253
DataValue, 2.88, 0.001, 0.00405492, 0.11225099999999999, 112.25099999999999
DataValue, 2.9, 0.001, 0.0040698600000000007, 0.112252, 112.252
DataValue, 2.92, 0.001, 0.00408604, 0.11225600000000001, 112.256
DataValue, 2.94, 0.001, 0.0041021, 0.11225700000000001, 112.257
DataValue, 2.96, 0.001, 0.00411904, 0.11226000000000001, 112.26
DataValue, 2.98, 0.001, 0.00413656, 0.11225400000000002, 112.254
DataValue, 3, 0.001, 0.00415526, 0.112253, 112.253
DataValue, 3, 0.001, 0.0041547200000000006, 0.112258, 112.258
DataValue, 2.98, 0.001, 0.00413586, 0.11225400000000002, 112.254
DataValue, 2.96, 0.001, 0.00411736, 0.11226000000000001, 112.26
DataValue, 2.94, 0.001, 0.0041003, 0.11225400000000002, 112.254
DataValue, 2.92, 0.001, 0.0040840600000000005, 0.11225600000000001, 112.256
DataValue, 2.9, 0.001, 0.0040675999999999993, 0.11225400000000002, 112.254
DataValue, 2.88, 0.001, 0.0040529400000000005, 0.11225600000000001, 112.256
DataValue, 2.86, 0.001, 0.0040381600000000007, 0.112255, 112.255
DataValue, 2.84, 0.001, 0.00402406, 0.112252, 112.252
DataValue, 2.82, 0.001, 0.0040115, 0.11225000000000002, 112.25
DataValue, 2.8, 0.001, 0.0039980000000000007, 0.112252, 112.252
DataValue, 2.78, 0.001, 0.00398654, 0.11225099999999999, 112.25099999999999
DataValue, 2.76, 0.001, 0.00397432, 0.112252, 112.252
DataValue, 2.74, 0.001, 0.00396314, 0.11225400000000002, 112.254
DataValue, 2.72, 0.001, 0.0039525800000000007, 0.112253, 112.253
DataValue, 2.7, 0.001, 0.00394242, 0.11225400000000002, 112.254
DataValue, 2.68, 0.001, 0.00393252, 0.11224700000000001, 112.24700000000001
DataValue, 2.66, 0.001, 0.00392304, 0.112252, 112.252
DataValue, 2.64, 0.001, 0.00391464, 0.112249, 112.249
DataValue, 2.62, 0.001, 0.0039062199999999997, 0.112252, 112.252
DataValue, 2.6, 0.001, 0.00389796, 0.112252, 112.252
DataValue, 2.58, 0.001, 0.0038906200000000004, 0.112249, 112.249
DataValue, 2.56, 0.001, 0.00388318, 0.112248, 112.24799999999999
DataValue, 2.54, 0.001, 0.0038763200000000004, 0.112252, 112.252
DataValue, 2.52, 0.001, 0.0038702000000000003, 0.112253, 112.253
DataValue, 2.5, 0.001, 0.0038636200000000003, 0.11225400000000002, 112.254
DataValue, 2.48, 0.001, 0.00385778, 0.11225400000000002, 112.254
DataValue, 2.46, 0.001, 0.0038525, 0.11224700000000001, 112.24700000000001
DataValue, 2.44, 0.001, 0.00384694, 0.11224700000000001, 112.24700000000001
DataValue, 2.42, 0.001, 0.00384188, 0.11225099999999999, 112.25099999999999
DataValue, 2.4, 0.001, 0.00383714, 0.112252, 112.252
DataValue, 2.38, 0.001, 0.0038329, 0.112245, 112.24499999999999
DataValue, 2.36, 0.001, 0.00382774, 0.112248, 112.24799999999999
DataValue, 2.34, 0.001, 0.00382444, 0.11225400000000002, 112.254
DataValue, 2.32, 0.001, 0.00382014, 0.11225400000000002, 112.254
DataValue, 2.3, 0.001, 0.0038168000000000004, 0.11224700000000001, 112.24700000000001
DataValue, 2.28, 0.001, 0.0038131400000000005, 0.112253, 112.253
DataValue, 2.26, 0.001, 0.00381014, 0.112248, 112.24799999999999
DataValue, 2.24, 0.001, 0.00380734, 0.112248, 112.24799999999999
DataValue, 2.22, 0.001, 0.00380454, 0.11225099999999999, 112.25099999999999
DataValue, 2.2, 0.001, 0.00380188, 0.112249, 112.249
DataValue, 2.18, 0.001, 0.00379948, 0.112252, 112.252
DataValue, 2.16, 0.001, 0.0037971800000000003, 0.11224700000000001, 112.24700000000001
DataValue, 2.14, 0.001, 0.00379498, 0.11225099999999999, 112.25099999999999
DataValue, 2.12, 0.001, 0.00379304, 0.11224600000000001, 112.246
DataValue, 2.1, 0.001, 0.00379098, 0.11224600000000001, 112.246
DataValue, 2.08, 0.001, 0.0037896200000000005, 0.11224400000000001, 112.24400000000001
DataValue, 2.06, 0.001, 0.00378774, 0.11224600000000001, 112.246
DataValue, 2.04, 0.001, 0.00378588, 0.112249, 112.249
DataValue, 2.02, 0.001, 0.0037845, 0.112248, 112.24799999999999
DataValue, 2, 0.001, 0.0037833800000000002, 0.112249, 112.249
DataValue, 1.98, 0.001, 0.00378222, 0.11224700000000001, 112.24700000000001
DataValue, 1.96, 0.001, 0.003781, 0.112252, 112.252
DataValue, 1.94, 0.001, 0.0037795999999999997, 0.112248, 112.24799999999999
DataValue, 1.92, 0.001, 0.00377874, 0.112248, 112.24799999999999
DataValue, 1.9, 0.001, 0.003778, 0.112245, 112.24499999999999
DataValue, 1.88, 0.001, 0.00377734, 0.11224700000000001, 112.24700000000001
DataValue, 1.86, 0.001, 0.00377684, 0.11224700000000001, 112.24700000000001
DataValue, 1.84, 0.001, 0.0037759800000000004, 0.112249, 112.249
DataValue, 1.82, 0.001, 0.00377664, 0.11224700000000001, 112.24700000000001
DataValue, 1.8, 0.001, 0.00377562, 0.11225600000000001, 112.256
DataValue, 1.78, 0.001, 0.0037749600000000004, 0.112248, 112.24799999999999
DataValue, 1.76, 0.001, 0.0037746200000000002, 0.11224600000000001, 112.246
DataValue, 1.74, 0.001, 0.0037740399999999998, 0.112249, 112.249
DataValue, 1.72, 0.001, 0.00377348, 0.11224400000000001, 112.24400000000001
DataValue, 1.7, 0.001, 0.00377298, 0.112248, 112.24799999999999
DataValue, 1.68, 0.001, 0.0037721200000000003, 0.11225000000000002, 112.25
DataValue, 1.66, 0.001, 0.00377188, 0.11224700000000001, 112.24700000000001
DataValue, 1.64, 0.001, 0.00377154, 0.112245, 112.24499999999999
DataValue, 1.62, 0.001, 0.00377106, 0.112245, 112.24499999999999
DataValue, 1.6, 0.001, 0.00377084, 0.11225099999999999, 112.25099999999999
DataValue, 1.58, 0.001, 0.00377084, 0.112248, 112.24799999999999
DataValue, 1.56, 0.001, 0.00377028, 0.11224700000000001, 112.24700000000001
DataValue, 1.54, 0.001, 0.0037700200000000002, 0.11224700000000001, 112.24700000000001
DataValue, 1.52, 0.001, 0.0037696, 0.11225400000000002, 112.254
DataValue, 1.5, 0.001, 0.00376978, 0.112245, 112.24499999999999
DataValue, 1.48, 0.001, 0.00376974, 0.112248, 112.24799999999999
DataValue, 1.46, 0.001, 0.00376884, 0.11224300000000001, 112.24300000000001
DataValue, 1.44, 0.001, 0.0037684199999999998, 0.112252, 112.252
DataValue, 1.42, 0.001, 0.00376856, 0.112249, 112.249
DataValue, 1.4, 0.001, 0.0037684199999999998, 0.112249, 112.249
DataValue, 1.38, 0.001, 0.00376814, 0.11224400000000001, 112.24400000000001
DataValue, 1.36, 0.001, 0.00376796, 0.112252, 112.252
DataValue, 1.34, 0.001, 0.00376774, 0.11225400000000002, 112.254
DataValue, 1.32, 0.001, 0.0037675, 0.11225099999999999, 112.25099999999999
DataValue, 1.3, 0.001, 0.00376678, 0.11224700000000001, 112.24700000000001
DataValue, 1.28, 0.001, 0.0037669, 0.112245, 112.24499999999999
DataValue, 1.26, 0.001, 0.0037662399999999997, 0.11224300000000001, 112.24300000000001
DataValue, 1.24, 0.001, 0.0037664200000000004, 0.11224600000000001, 112.246
DataValue, 1.22, 0.001, 0.00376586, 0.112248, 112.24799999999999
DataValue, 1.2, 0.001, 0.0037656200000000003, 0.11225400000000002, 112.254
DataValue, 1.18, 0.001, 0.0037653599999999997, 0.112245, 112.24499999999999
DataValue, 1.16, 0.001, 0.00376442, 0.112245, 112.24499999999999
DataValue, 1.14, 0.001, 0.00376458, 0.11224300000000001, 112.24300000000001
DataValue, 1.12, 0.001, 0.0037638, 0.112249, 112.249
DataValue, 1.1, 0.001, 0.00376348, 0.112253, 112.253
DataValue, 1.08, 0.001, 0.00376274, 0.112253, 112.253
DataValue, 1.06, 0.001, 0.00376188, 0.112253, 112.253
DataValue, 1.04, 0.001, 0.00376186, 0.112235, 112.235
DataValue, 1.02, 0.001, 0.00376106, 0.112239, 112.239
DataValue, 1, 0.001, 0.00376126, 0.112249, 112.249
DataValue, 0.98000000000000009, 0.001, 0.00376058, 0.112249, 112.249
DataValue, 0.96, 0.001, 0.0037599, 0.112252, 112.252
DataValue, 0.94000000000000006, 0.001, 0.00375924, 0.112249, 112.249
DataValue, 0.91999999999999993, 0.001, 0.0037585, 0.11224700000000001, 112.24700000000001
DataValue, 0.9, 0.001, 0.00375754, 0.112245, 112.24499999999999
DataValue, 0.88000000000000012, 0.001, 0.00375732, 0.11225400000000002, 112.254
DataValue, 0.86, 0.001, 0.00375624, 0.11225000000000002, 112.25
DataValue, 0.84000000000000008, 0.001, 0.0037552400000000004, 0.11224700000000001, 112.24700000000001
DataValue, 0.82, 0.001, 0.00375472, 0.112245, 112.24499999999999
DataValue, 0.8, 0.001, 0.00375358, 0.11224300000000001, 112.24300000000001
DataValue, 0.78, 0.001, 0.00375324, 0.11224600000000001, 112.246
DataValue, 0.76, 0.001, 0.00375246, 0.11225000000000002, 112.25
DataValue, 0.7400000000000001, 0.001, 0.00375108, 0.11225400000000002, 112.254
DataValue, 0.72000000000000008, 0.001, 0.00375034, 0.112252, 112.252
DataValue, 0.70000000000000007, 0.001, 0.00374922, 0.112248, 112.24799999999999
DataValue, 0.68, 0.001, 0.00374812, 0.112245, 112.24499999999999
DataValue, 0.66, 0.001, 0.0037465199999999997, 0.11224600000000001, 112.246
DataValue, 0.64000000000000012, 0.001, 0.00374544, 0.112249, 112.249
DataValue, 0.62000000000000011, 0.001, 0.0037437800000000004, 0.11225099999999999, 112.25099999999999
DataValue, 0.60000000000000009, 0.001, 0.00374224, 0.11225000000000002, 112.25
DataValue, 0.58, 0.001, 0.00374074, 0.11224700000000001, 112.24700000000001
DataValue, 0.55999999999999994, 0.001, 0.0037388400000000002, 0.11224300000000001, 112.24300000000001
DataValue, 0.54, 0.001, 0.00373688, 0.112248, 112.24799999999999
DataValue, 0.52, 0.001, 0.00373494, 0.11225099999999999, 112.25099999999999
DataValue, 0.5, 0.001, 0.0037330199999999997, 0.112252, 112.252
DataValue, 0.48, 0.001, 0.00373016, 0.11225099999999999, 112.25099999999999
DataValue, 0.45999999999999996, 0.001, 0.00372742, 0.11225099999999999, 112.25099999999999
DataValue, 0.44000000000000006, 0.001, 0.00372458, 0.11224300000000001, 112.24300000000001
DataValue, 0.42000000000000004, 0.001, 0.0037210800000000003, 0.11224600000000001, 112.246
DataValue, 0.4, 0.001, 0.0037175600000000004, 0.11224300000000001, 112.24300000000001
DataValue, 0.38, 0.001, 0.0037134200000000003, 0.112245, 112.24499999999999
DataValue, 0.36000000000000004, 0.001, 0.00370812, 0.112249, 112.249
DataValue, 0.34, 0.001, 0.0037024, 0.112253, 112.253
DataValue, 0.32000000000000006, 0.001, 0.00369426, 0.11224400000000001, 112.24400000000001
DataValue, 0.30000000000000004, 0.001, 0.00368404, 0.112248, 112.24799999999999
DataValue, 0.27999999999999997, 0.001, 0.0036680799999999998, 0.11224300000000001, 112.24300000000001
DataValue, 0.26, 0.001, 0.00364438, 0.112248, 112.24799999999999
DataValue, 0.24, 0.001, 0.00360426, 0.112245, 112.24499999999999
DataValue, 0.22000000000000003, 0.001, 0.0035356800000000002, 0.112249, 112.249
DataValue, 0.2, 0.001, 0.00341774, 0.11224, 112.24000000000001
DataValue, 0.18000000000000002, 0.001, 0.0032191000000000003, 0.112238, 112.238
DataValue, 0.16000000000000003, 0.001, 0.0029194800000000003, 0.11223300000000001, 112.233
DataValue, 0.13999999999999999, 0.001, 0.00250898, 0.112234, 112.234
DataValue, 0.12, 0.001, 0.00201926, 0.11222300000000002, 112.22300000000001
DataValue, 0.1, 0.001, 0.00149744, 0.112218, 112.21799999999999
DataValue, 0.08, 0.001, 0.00099926600000000017, 0.112207, 112.207
DataValue, 0.06, 0.001, 0.000589272, 0.11220300000000001, 112.203
DataValue, 0.04, 0.001, 0.000292902, 0.112198, 112.198
DataValue, 0.02, 0.001, 0.000104202, 0.11219, 112.18999999999998
DataValue, 0, 0.001, -3.27588E-07, 0.11219300000000002, 112.19300000000001
DataValue, 0, 0.001, -1.7541199999999998E-06, 0.11218800000000001, 112.188
DataValue, 0.02, 0.001, 0.000193078, 0.112194, 112.19399999999999
DataValue, 0.04, 0.001, 0.000522398, 0.112195, 112.195
DataValue, 0.06, 0.001, 0.0010064800000000001, 0.11220200000000001, 112.202
DataValue, 0.08, 0.001, 0.00164204, 0.11221600000000001, 112.21600000000001
DataValue, 0.1, 0.001, 0.0023977, 0.11222700000000002, 112.227
DataValue, 0.12, 0.001, 0.00320822, 0.112238, 112.238
DataValue, 0.13999999999999999, 0.001, 0.00402728, 0.112253, 112.253
DataValue, 0.16000000000000003, 0.001, 0.0048109400000000005, 0.112265, 112.26499999999999
DataValue, 0.18000000000000002, 0.001, 0.00550194, 0.112279, 112.279
DataValue, 0.2, 0.001, 0.0060791000000000005, 0.11228400000000001, 112.284
DataValue, 0.22000000000000003, 0.001, 0.0065131, 0.112286, 112.286
DataValue, 0.24, 0.001, 0.00681744, 0.11228800000000001, 112.28800000000001
DataValue, 0.26, 0.001, 0.0070158600000000005, 0.11230100000000001, 112.301
DataValue, 0.27999999999999997, 0.001, 0.007139, 0.11230100000000001, 112.301
DataValue, 0.30000000000000004, 0.001, 0.00721572, 0.112307, 112.307
DataValue, 0.32000000000000006, 0.001, 0.0072639800000000006, 0.112306, 112.306
DataValue, 0.34, 0.001, 0.00729646, 0.112302, 112.30199999999999
DataValue, 0.36000000000000004, 0.001, 0.00732034, 0.11230400000000002, 112.304
DataValue, 0.38, 0.001, 0.00733728, 0.112303, 112.303
DataValue, 0.4, 0.001, 0.00735114, 0.112306, 112.306
DataValue, 0.42000000000000004, 0.001, 0.00736206, 0.11230400000000002, 112.304
DataValue, 0.44000000000000006, 0.001, 0.00737288, 0.112302, 112.30199999999999
DataValue, 0.45999999999999996, 0.001, 0.00738152, 0.112302, 112.30199999999999
DataValue, 0.48, 0.001, 0.0073881, 0.112302, 112.30199999999999
DataValue, 0.5, 0.001, 0.0073963200000000005, 0.11230500000000002, 112.305
DataValue, 0.52, 0.001, 0.0074024799999999995, 0.11230100000000001, 112.301
DataValue, 0.54, 0.001, 0.0074078400000000006, 0.11230000000000001, 112.3
DataValue, 0.55999999999999994, 0.001, 0.00741082, 0.112307, 112.307
DataValue, 0.58, 0.001, 0.0074154400000000006, 0.112307, 112.307
DataValue, 0.60000000000000009, 0.001, 0.0074198000000000007, 0.112302, 112.30199999999999
DataValue, 0.62000000000000011, 0.001, 0.00742244, 0.11230400000000002, 112.304
DataValue, 0.64000000000000012, 0.001, 0.00742606, 0.11230100000000001, 112.301
DataValue, 0.66, 0.001, 0.0074291400000000007, 0.11230500000000002, 112.305
DataValue, 0.68, 0.001, 0.0074318200000000004, 0.11230100000000001, 112.301
DataValue, 0.70000000000000007, 0.001, 0.0074341400000000005, 0.11230400000000002, 112.304
DataValue, 0.72000000000000008, 0.001, 0.00743712, 0.11230400000000002, 112.304
DataValue, 0.7400000000000001, 0.001, 0.0074387, 0.11230000000000001, 112.3
DataValue, 0.76, 0.001, 0.00744064, 0.112307, 112.307
DataValue, 0.78, 0.001, 0.0074417799999999994, 0.11230000000000001, 112.3
DataValue, 0.8, 0.001, 0.0074439200000000006, 0.112303, 112.303
DataValue, 0.82, 0.001, 0.00744598, 0.11230500000000002, 112.305
DataValue, 0.84000000000000008, 0.001, 0.0074482, 0.112299, 112.29899999999999
DataValue, 0.86, 0.001, 0.00744838, 0.11230800000000002, 112.308
DataValue, 0.88000000000000012, 0.001, 0.00744982, 0.112306, 112.306
DataValue, 0.9, 0.001, 0.0074510800000000006, 0.11230000000000001, 112.3
DataValue, 0.91999999999999993, 0.001, 0.00745232, 0.11230500000000002, 112.305
DataValue, 0.94000000000000006, 0.001, 0.0074535, 0.11230000000000001, 112.3
DataValue, 0.96, 0.001, 0.00745454, 0.11231000000000001, 112.31
DataValue, 0.98000000000000009, 0.001, 0.00745444, 0.112302, 112.30199999999999
DataValue, 1, 0.001, 0.00745556, 0.11230000000000001, 112.3
DataValue, 1.02, 0.001, 0.0074560000000000008, 0.112302, 112.30199999999999
DataValue, 1.04, 0.001, 0.0074558600000000008, 0.11229800000000001, 112.298
DataValue, 1.06, 0.001, 0.00745704, 0.11230400000000002, 112.304
DataValue, 1.08, 0.001, 0.00745804, 0.11230000000000001, 112.3
DataValue, 1.1, 0.001, 0.00745804, 0.112303, 112.303
DataValue, 1.12, 0.001, 0.0074583, 0.11231000000000001, 112.31
DataValue, 1.14, 0.001, 0.0074593800000000007, 0.11229800000000001, 112.298
DataValue, 1.16, 0.001, 0.0074594, 0.112296, 112.29599999999999
DataValue, 1.18, 0.001, 0.0074599, 0.112306, 112.306
DataValue, 1.2, 0.001, 0.0074591399999999995, 0.11230500000000002, 112.305
DataValue, 1.22, 0.001, 0.00746022, 0.11230500000000002, 112.305
DataValue, 1.24, 0.001, 0.0074608, 0.112303, 112.303
DataValue, 1.26, 0.001, 0.0074608400000000007, 0.112303, 112.303
DataValue, 1.28, 0.001, 0.00746064, 0.11230000000000001, 112.3
DataValue, 1.3, 0.001, 0.0074608, 0.112303, 112.303
DataValue, 1.32, 0.001, 0.00746136, 0.112302, 112.30199999999999
DataValue, 1.34, 0.001, 0.00746132, 0.11230500000000002, 112.305
DataValue, 1.36, 0.001, 0.0074625199999999994, 0.112306, 112.306
DataValue, 1.38, 0.001, 0.00746138, 0.11230000000000001, 112.3
DataValue, 1.4, 0.001, 0.00746166, 0.11230100000000001, 112.301
DataValue, 1.42, 0.001, 0.0074604, 0.11230000000000001, 112.3
DataValue, 1.44, 0.001, 0.00746106, 0.112306, 112.306
DataValue, 1.46, 0.001, 0.0074608, 0.11230899999999999, 112.309
DataValue, 1.48, 0.001, 0.00746046, 0.11231000000000001, 112.31
DataValue, 1.5, 0.001, 0.00746064, 0.112302, 112.30199999999999
DataValue, 1.52, 0.001, 0.0074614, 0.112306, 112.306
DataValue, 1.54, 0.001, 0.00746144, 0.11230100000000001, 112.301
DataValue, 1.56, 0.001, 0.00746094, 0.112302, 112.30199999999999
DataValue, 1.58, 0.001, 0.00745968, 0.11230100000000001, 112.301
DataValue, 1.6, 0.001, 0.00746016, 0.112306, 112.306
DataValue, 1.62, 0.001, 0.00745932, 0.112302, 112.30199999999999
DataValue, 1.64, 0.001, 0.00745996, 0.11230100000000001, 112.301
DataValue, 1.66, 0.001, 0.0074592400000000007, 0.11230000000000001, 112.3
DataValue, 1.68, 0.001, 0.0074593, 0.112306, 112.306
DataValue, 1.7, 0.001, 0.00745932, 0.112306, 112.306
DataValue, 1.72, 0.001, 0.0074592799999999996, 0.11230100000000001, 112.301
DataValue, 1.74, 0.001, 0.00745794, 0.11230100000000001, 112.301
DataValue, 1.76, 0.001, 0.00745844, 0.112299, 112.29899999999999
DataValue, 1.78, 0.001, 0.00745908, 0.112303, 112.303
DataValue, 1.8, 0.001, 0.00745988, 0.112306, 112.306
DataValue, 1.82, 0.001, 0.00745946, 0.112303, 112.303
DataValue, 1.84, 0.001, 0.00745908, 0.112306, 112.306
DataValue, 1.86, 0.001, 0.0074610399999999995, 0.112302, 112.30199999999999
DataValue, 1.88, 0.001, 0.00746108, 0.11230500000000002, 112.305
DataValue, 1.9, 0.001, 0.00746074, 0.112303, 112.303
DataValue, 1.92, 0.001, 0.0074608600000000006, 0.112303, 112.303
DataValue, 1.94, 0.001, 0.0074614200000000007, 0.11230000000000001, 112.3
DataValue, 1.96, 0.001, 0.00746154, 0.11230500000000002, 112.305
DataValue, 1.98, 0.001, 0.0074627400000000007, 0.11230400000000002, 112.304
DataValue, 2, 0.001, 0.00746348, 0.11230500000000002, 112.305
DataValue, 2.02, 0.001, 0.00746416, 0.11230100000000001, 112.301
DataValue, 2.04, 0.001, 0.00746528, 0.11230500000000002, 112.305
DataValue, 2.06, 0.001, 0.00746582, 0.11230000000000001, 112.3
DataValue, 2.08, 0.001, 0.00746726, 0.112306, 112.306
DataValue, 2.1, 0.001, 0.0074690200000000007, 0.11230100000000001, 112.301
DataValue, 2.12, 0.001, 0.00747, 0.11230000000000001, 112.3
DataValue, 2.14, 0.001, 0.00747108, 0.112307, 112.307
DataValue, 2.16, 0.001, 0.0074734, 0.112306, 112.306
DataValue, 2.18, 0.001, 0.0074760400000000006, 0.112306, 112.306
DataValue, 2.2, 0.001, 0.0074779600000000005, 0.112296, 112.29599999999999
DataValue, 2.22, 0.001, 0.0074803, 0.11229800000000001, 112.298
DataValue, 2.24, 0.001, 0.00748294, 0.11229800000000001, 112.298
DataValue, 2.26, 0.001, 0.00748532, 0.112307, 112.307
DataValue, 2.28, 0.001, 0.0074886200000000005, 0.11230500000000002, 112.305
DataValue, 2.3, 0.001, 0.0074916600000000007, 0.11230100000000001, 112.301
DataValue, 2.32, 0.001, 0.0074954, 0.11230000000000001, 112.3
DataValue, 2.34, 0.001, 0.0075002, 0.11230899999999999, 112.309
DataValue, 2.36, 0.001, 0.00750372, 0.11229700000000001, 112.297
DataValue, 2.38, 0.001, 0.0075077, 0.112303, 112.303
DataValue, 2.4, 0.001, 0.0075130200000000005, 0.112302, 112.30199999999999
DataValue, 2.42, 0.001, 0.0075185000000000009, 0.11230100000000001, 112.301
DataValue, 2.44, 0.001, 0.0075243, 0.112299, 112.29899999999999
DataValue, 2.46, 0.001, 0.00752912, 0.112303, 112.303
DataValue, 2.48, 0.001, 0.0075347, 0.11230899999999999, 112.309
DataValue, 2.5, 0.001, 0.0075420600000000006, 0.11230500000000002, 112.305
DataValue, 2.52, 0.001, 0.0075493, 0.112306, 112.306
DataValue, 2.54, 0.001, 0.0075556799999999995, 0.11231000000000001, 112.31
DataValue, 2.56, 0.001, 0.00756534, 0.11230100000000001, 112.301
DataValue, 2.58, 0.001, 0.0075729800000000009, 0.11230000000000001, 112.3
DataValue, 2.6, 0.001, 0.00758244, 0.112307, 112.307
DataValue, 2.62, 0.001, 0.0075921800000000005, 0.112306, 112.306
DataValue, 2.64, 0.001, 0.0076011800000000008, 0.112302, 112.30199999999999
DataValue, 2.66, 0.001, 0.00761136, 0.112303, 112.303
DataValue, 2.68, 0.001, 0.00762084, 0.11230000000000001, 112.3
DataValue, 2.7, 0.001, 0.00763364, 0.11230500000000002, 112.305
DataValue, 2.72, 0.001, 0.0076444200000000007, 0.11230500000000002, 112.305
DataValue, 2.74, 0.001, 0.0076573000000000006, 0.11231100000000001, 112.311
DataValue, 2.76, 0.001, 0.0076703000000000006, 0.112307, 112.307
DataValue, 2.78, 0.001, 0.0076844200000000008, 0.11230400000000002, 112.304
DataValue, 2.8, 0.001, 0.0076990800000000005, 0.112299, 112.29899999999999
DataValue, 2.82, 0.001, 0.00771374, 0.112303, 112.303
DataValue, 2.84, 0.001, 0.00772936, 0.11230500000000002, 112.305
DataValue, 2.86, 0.001, 0.00774564, 0.11230899999999999, 112.309
DataValue, 2.88, 0.001, 0.00776398, 0.112307, 112.307
DataValue, 2.9, 0.001, 0.00778256, 0.112302, 112.30199999999999
DataValue, 2.92, 0.001, 0.00780216, 0.112307, 112.307
DataValue, 2.94, 0.001, 0.00782126, 0.11231000000000001, 112.31
DataValue, 2.96, 0.001, 0.007843300000000001, 0.11230899999999999, 112.309
DataValue, 2.98, 0.001, 0.0078645, 0.112303, 112.303
DataValue, 3, 0.001, 0.00788736, 0.112307, 112.307
DataValue, 3, 0.001, 0.0078868, 0.112307, 112.307
DataValue, 2.98, 0.001, 0.00786232, 0.11230899999999999, 112.309
DataValue, 2.96, 0.001, 0.00783934, 0.11230800000000002, 112.308
DataValue, 2.94, 0.001, 0.00781698, 0.11230899999999999, 112.309
DataValue, 2.92, 0.001, 0.00779674, 0.112306, 112.306
DataValue, 2.9, 0.001, 0.00777746, 0.112307, 112.307
DataValue, 2.88, 0.001, 0.00775742, 0.112307, 112.307
DataValue, 2.86, 0.001, 0.00773978, 0.11231100000000001, 112.311
DataValue, 2.84, 0.001, 0.0077219800000000007, 0.112306, 112.306
DataValue, 2.82, 0.001, 0.0077054600000000008, 0.11230899999999999, 112.309
DataValue, 2.8, 0.001, 0.00768924, 0.112303, 112.303
DataValue, 2.78, 0.001, 0.00767406, 0.112302, 112.30199999999999
DataValue, 2.76, 0.001, 0.00765912, 0.112302, 112.30199999999999
DataValue, 2.74, 0.001, 0.00764542, 0.11230400000000002, 112.304
DataValue, 2.72, 0.001, 0.0076320400000000005, 0.112307, 112.307
DataValue, 2.7, 0.001, 0.00761928, 0.11230500000000002, 112.305
DataValue, 2.68, 0.001, 0.0076067400000000007, 0.11230000000000001, 112.3
DataValue, 2.66, 0.001, 0.00759592, 0.11230000000000001, 112.3
DataValue, 2.64, 0.001, 0.0075856199999999995, 0.112302, 112.30199999999999
DataValue, 2.62, 0.001, 0.0075764199999999995, 0.11230100000000001, 112.301
DataValue, 2.6, 0.001, 0.00756552, 0.112303, 112.303
DataValue, 2.58, 0.001, 0.00755644, 0.11230500000000002, 112.305
DataValue, 2.56, 0.001, 0.00754744, 0.112303, 112.303
DataValue, 2.54, 0.001, 0.00753848, 0.112306, 112.306
DataValue, 2.52, 0.001, 0.0075306600000000007, 0.11230000000000001, 112.3
DataValue, 2.5, 0.001, 0.00752316, 0.11230100000000001, 112.301
DataValue, 2.48, 0.001, 0.0075167400000000009, 0.11230000000000001, 112.3
DataValue, 2.46, 0.001, 0.00751032, 0.112303, 112.303
DataValue, 2.44, 0.001, 0.0075042799999999995, 0.112302, 112.30199999999999
DataValue, 2.42, 0.001, 0.00749766, 0.112306, 112.306
DataValue, 2.4, 0.001, 0.00749262, 0.11230500000000002, 112.305
DataValue, 2.38, 0.001, 0.00748828, 0.112302, 112.30199999999999
DataValue, 2.36, 0.001, 0.007483, 0.112299, 112.29899999999999
DataValue, 2.34, 0.001, 0.00747788, 0.11230000000000001, 112.3
DataValue, 2.32, 0.001, 0.0074738800000000005, 0.112307, 112.307
DataValue, 2.3, 0.001, 0.00746988, 0.112307, 112.307
DataValue, 2.28, 0.001, 0.00746694, 0.11230800000000002, 112.308
DataValue, 2.26, 0.001, 0.00746254, 0.112303, 112.303
DataValue, 2.24, 0.001, 0.00745994, 0.11230000000000001, 112.3
DataValue, 2.22, 0.001, 0.0074562000000000005, 0.112303, 112.303
DataValue, 2.2, 0.001, 0.00745362, 0.11230100000000001, 112.301
DataValue, 2.18, 0.001, 0.0074505800000000009, 0.112302, 112.30199999999999
DataValue, 2.16, 0.001, 0.00744856, 0.112306, 112.306
DataValue, 2.14, 0.001, 0.0074467800000000009, 0.112302, 112.30199999999999
DataValue, 2.12, 0.001, 0.0074448800000000009, 0.112303, 112.303
DataValue, 2.1, 0.001, 0.0074444600000000008, 0.11229700000000001, 112.297
DataValue, 2.08, 0.001, 0.00744342, 0.112306, 112.306
DataValue, 2.06, 0.001, 0.00744098, 0.112306, 112.306
DataValue, 2.04, 0.001, 0.0074397000000000005, 0.11230500000000002, 112.305
DataValue, 2.02, 0.001, 0.0074391200000000005, 0.11230500000000002, 112.305
DataValue, 2, 0.001, 0.00743728, 0.112302, 112.30199999999999
DataValue, 1.98, 0.001, 0.0074364, 0.11230100000000001, 112.301
DataValue, 1.96, 0.001, 0.0074352, 0.11230400000000002, 112.304
DataValue, 1.94, 0.001, 0.0074349, 0.112302, 112.30199999999999
DataValue, 1.92, 0.001, 0.00743404, 0.112296, 112.29599999999999
DataValue, 1.9, 0.001, 0.00743276, 0.11230100000000001, 112.301
DataValue, 1.88, 0.001, 0.00743302, 0.11230400000000002, 112.304
DataValue, 1.86, 0.001, 0.00743232, 0.112306, 112.306
DataValue, 1.84, 0.001, 0.0074328000000000007, 0.112303, 112.303
DataValue, 1.82, 0.001, 0.00743188, 0.11229700000000001, 112.297
DataValue, 1.8, 0.001, 0.00743244, 0.11230500000000002, 112.305
DataValue, 1.78, 0.001, 0.00743244, 0.11230500000000002, 112.305
DataValue, 1.76, 0.001, 0.00743236, 0.11230500000000002, 112.305
DataValue, 1.74, 0.001, 0.0074319, 0.112299, 112.29899999999999
DataValue, 1.72, 0.001, 0.00743166, 0.11230500000000002, 112.305
DataValue, 1.7, 0.001, 0.00743192, 0.112306, 112.306
DataValue, 1.68, 0.001, 0.00743188, 0.11230400000000002, 112.304
DataValue, 1.66, 0.001, 0.0074307600000000007, 0.112303, 112.303
DataValue, 1.64, 0.001, 0.0074313, 0.11230100000000001, 112.301
DataValue, 1.62, 0.001, 0.0074312, 0.11230000000000001, 112.3
DataValue, 1.6, 0.001, 0.00743114, 0.11230100000000001, 112.301
DataValue, 1.58, 0.001, 0.00743174, 0.112299, 112.29899999999999
DataValue, 1.56, 0.001, 0.00743178, 0.11230400000000002, 112.304
DataValue, 1.54, 0.001, 0.00743194, 0.112303, 112.303
DataValue, 1.52, 0.001, 0.0074313, 0.11229800000000001, 112.298
DataValue, 1.5, 0.001, 0.0074325200000000006, 0.112303, 112.303
DataValue, 1.48, 0.001, 0.00743204, 0.112302, 112.30199999999999
DataValue, 1.46, 0.001, 0.0074315200000000005, 0.112307, 112.307
DataValue, 1.44, 0.001, 0.0074319600000000005, 0.11230100000000001, 112.301
DataValue, 1.42, 0.001, 0.00743232, 0.112302, 112.30199999999999
DataValue, 1.4, 0.001, 0.00743142, 0.11230100000000001, 112.301
DataValue, 1.38, 0.001, 0.0074323800000000006, 0.112303, 112.303
DataValue, 1.36, 0.001, 0.0074315200000000005, 0.112303, 112.303
DataValue, 1.34, 0.001, 0.0074314600000000008, 0.112303, 112.303
DataValue, 1.32, 0.001, 0.0074313200000000008, 0.112303, 112.303
DataValue, 1.3, 0.001, 0.0074305000000000005, 0.112302, 112.30199999999999
DataValue, 1.28, 0.001, 0.0074303600000000004, 0.11230500000000002, 112.305
DataValue, 1.26, 0.001, 0.00743046, 0.11230500000000002, 112.305
DataValue, 1.24, 0.001, 0.00742996, 0.112303, 112.303
DataValue, 1.22, 0.001, 0.00743054, 0.11229700000000001, 112.297
DataValue, 1.2, 0.001, 0.0074306599999999995, 0.11229800000000001, 112.298
DataValue, 1.18, 0.001, 0.00743058, 0.112302, 112.30199999999999
DataValue, 1.16, 0.001, 0.0074310600000000006, 0.11230400000000002, 112.304
DataValue, 1.14, 0.001, 0.00743022, 0.112306, 112.306
DataValue, 1.12, 0.001, 0.00742922, 0.112306, 112.306
DataValue, 1.1, 0.001, 0.00742946, 0.112302, 112.30199999999999
DataValue, 1.08, 0.001, 0.00742898, 0.112303, 112.303
DataValue, 1.06, 0.001, 0.00742808, 0.112303, 112.303
DataValue, 1.04, 0.001, 0.00742762, 0.11230500000000002, 112.305
DataValue, 1.02, 0.001, 0.00742678, 0.11230500000000002, 112.305
DataValue, 1, 0.001, 0.00742574, 0.11230500000000002, 112.305
DataValue, 0.98000000000000009, 0.001, 0.0074253600000000006, 0.11230000000000001, 112.3
DataValue, 0.96, 0.001, 0.00742468, 0.112299, 112.29899999999999
DataValue, 0.94000000000000006, 0.001, 0.0074239, 0.11230000000000001, 112.3
DataValue, 0.91999999999999993, 0.001, 0.0074231800000000006, 0.112303, 112.303
DataValue, 0.9, 0.001, 0.00742174, 0.11230000000000001, 112.3
DataValue, 0.88000000000000012, 0.001, 0.0074217000000000007, 0.11230100000000001, 112.301
DataValue, 0.86, 0.001, 0.0074211, 0.11230500000000002, 112.305
DataValue, 0.84000000000000008, 0.001, 0.0074186600000000005, 0.11230100000000001, 112.301
DataValue, 0.82, 0.001, 0.00741786, 0.112303, 112.303
DataValue, 0.8, 0.001, 0.0074161, 0.11230400000000002, 112.304
DataValue, 0.78, 0.001, 0.00741496, 0.112299, 112.29899999999999
DataValue, 0.76, 0.001, 0.0074132600000000005, 0.11230000000000001, 112.3
DataValue, 0.7400000000000001, 0.001, 0.0074115200000000004, 0.11229700000000001, 112.297
DataValue, 0.72000000000000008, 0.001, 0.00740866, 0.11229800000000001, 112.298
DataValue, 0.70000000000000007, 0.001, 0.00740658, 0.11229800000000001, 112.298
DataValue, 0.68, 0.001, 0.0074043400000000006, 0.11230500000000002, 112.305
DataValue, 0.66, 0.001, 0.0074017, 0.11230500000000002, 112.305
DataValue, 0.64000000000000012, 0.001, 0.00739926, 0.112306, 112.306
DataValue, 0.62000000000000011, 0.001, 0.00739752, 0.11230000000000001, 112.3
DataValue, 0.60000000000000009, 0.001, 0.007393, 0.11229800000000001, 112.298
DataValue, 0.58, 0.001, 0.00738986, 0.112302, 112.30199999999999
DataValue, 0.55999999999999994, 0.001, 0.00738606, 0.11230000000000001, 112.3
DataValue, 0.54, 0.001, 0.0073814399999999995, 0.11230400000000002, 112.304
DataValue, 0.52, 0.001, 0.0073773400000000005, 0.112303, 112.303
DataValue, 0.5, 0.001, 0.00737216, 0.11230400000000002, 112.304
DataValue, 0.48, 0.001, 0.00736598, 0.112302, 112.30199999999999
DataValue, 0.45999999999999996, 0.001, 0.00735922, 0.11229800000000001, 112.298
DataValue, 0.44000000000000006, 0.001, 0.00735124, 0.11230000000000001, 112.3
DataValue, 0.42000000000000004, 0.001, 0.00734148, 0.112303, 112.303
DataValue, 0.4, 0.001, 0.00732992, 0.11230500000000002, 112.305
DataValue, 0.38, 0.001, 0.0073168, 0.112302, 112.30199999999999
DataValue, 0.36000000000000004, 0.001, 0.00729998, 0.112294, 112.29400000000001
DataValue, 0.34, 0.001, 0.00727722, 0.11229800000000001, 112.298
DataValue, 0.32000000000000006, 0.001, 0.0072440800000000008, 0.112303, 112.303
DataValue, 0.30000000000000004, 0.001, 0.007195, 0.112302, 112.30199999999999
DataValue, 0.27999999999999997, 0.001, 0.0071185, 0.112294, 112.29400000000001
DataValue, 0.26, 0.001, 0.00699692, 0.112296, 112.29599999999999
DataValue, 0.24, 0.001, 0.00679786, 0.11229800000000001, 112.298
DataValue, 0.22000000000000003, 0.001, 0.0064950400000000005, 0.11229100000000002, 112.29100000000001
DataValue, 0.2, 0.001, 0.00606124, 0.11228, 112.28
DataValue, 0.18000000000000002, 0.001, 0.00548588, 0.112272, 112.27199999999999
DataValue, 0.16000000000000003, 0.001, 0.00479624, 0.112258, 112.258
DataValue, 0.13999999999999999, 0.001, 0.00401434, 0.112248, 112.24799999999999
DataValue, 0.12, 0.001, 0.00319776, 0.112238, 112.238
DataValue, 0.1, 0.001, 0.00238902, 0.11222300000000002, 112.22300000000001
DataValue, 0.08, 0.001, 0.0016357600000000002, 0.11222000000000001, 112.22000000000001
DataValue, 0.06, 0.001, 0.0010026, 0.11220600000000001, 112.206
DataValue, 0.04, 0.001, 0.00052028400000000009, 0.112201, 112.201
DataValue, 0.02, 0.001, 0.000192282, 0.112198, 112.198
DataValue, 0, 0.001, -1.72282E-06, 0.11218900000000001, 112.18900000000001
DataValue, 0, 0.001, -2.49982E-06, 0.11219200000000001, 112.19200000000001
DataValue, 0.02, 0.001, 0.000269324, 0.112195, 112.195
DataValue, 0.04, 0.001, 0.000707454, 0.11220200000000001, 112.202
DataValue, 0.06, 0.001, 0.0013222000000000002, 0.112208, 112.208
DataValue, 0.08, 0.001, 0.00209976, 0.112221, 112.22099999999999
DataValue, 0.1, 0.001, 0.00300774, 0.112235, 112.235
DataValue, 0.12, 0.001, 0.00398128, 0.112249, 112.249
DataValue, 0.13999999999999999, 0.001, 0.00498334, 0.112267, 112.26700000000001
DataValue, 0.16000000000000003, 0.001, 0.00598374, 0.11228400000000001, 112.284
DataValue, 0.18000000000000002, 0.001, 0.00692962, 0.11230000000000001, 112.3
DataValue, 0.2, 0.001, 0.0078086399999999995, 0.11231100000000001, 112.311
DataValue, 0.22000000000000003, 0.001, 0.00857838, 0.112319, 112.31899999999999
DataValue, 0.24, 0.001, 0.0092258, 0.112329, 112.329
DataValue, 0.26, 0.001, 0.00974428, 0.112337, 112.337
DataValue, 0.27999999999999997, 0.001, 0.010124820000000001, 0.11234200000000001, 112.34200000000001
DataValue, 0.30000000000000004, 0.001, 0.01039324, 0.112344, 112.344
DataValue, 0.32000000000000006, 0.001, 0.0105719, 0.112348, 112.348
DataValue, 0.34, 0.001, 0.010689599999999999, 0.11235200000000001, 112.352
DataValue, 0.36000000000000004, 0.001, 0.01076954, 0.11235, 112.35
DataValue, 0.38, 0.001, 0.010824400000000001, 0.11235200000000001, 112.352
DataValue, 0.4, 0.001, 0.010865260000000002, 0.11234900000000002, 112.349
DataValue, 0.42000000000000004, 0.001, 0.010897140000000001, 0.11235400000000001, 112.354
DataValue, 0.44000000000000006, 0.001, 0.01092208, 0.11235500000000001, 112.355
DataValue, 0.45999999999999996, 0.001, 0.010940799999999999, 0.112353, 112.353
DataValue, 0.48, 0.001, 0.01095752, 0.11235, 112.35
DataValue, 0.5, 0.001, 0.010972059999999999, 0.11235, 112.35
DataValue, 0.52, 0.001, 0.0109825, 0.11235200000000001, 112.352
DataValue, 0.54, 0.001, 0.01099262, 0.112353, 112.353
DataValue, 0.55999999999999994, 0.001, 0.011002360000000001, 0.11235500000000001, 112.355
DataValue, 0.58, 0.001, 0.0110117, 0.11235900000000001, 112.35900000000001
DataValue, 0.60000000000000009, 0.001, 0.0110176, 0.11235400000000001, 112.354
DataValue, 0.62000000000000011, 0.001, 0.01102334, 0.11235, 112.35
DataValue, 0.64000000000000012, 0.001, 0.011031059999999999, 0.112356, 112.356
DataValue, 0.66, 0.001, 0.0110363, 0.11235500000000001, 112.355
DataValue, 0.68, 0.001, 0.011039680000000001, 0.112356, 112.356
DataValue, 0.70000000000000007, 0.001, 0.0110443, 0.11235400000000001, 112.354
DataValue, 0.72000000000000008, 0.001, 0.01104752, 0.11234900000000002, 112.349
DataValue, 0.7400000000000001, 0.001, 0.01105044, 0.11235200000000001, 112.352
DataValue, 0.76, 0.001, 0.01105364, 0.11235400000000001, 112.354
DataValue, 0.78, 0.001, 0.01105602, 0.11235500000000001, 112.355
DataValue, 0.8, 0.001, 0.01106166, 0.11236, 112.36
DataValue, 0.82, 0.001, 0.011059399999999999, 0.11235900000000001, 112.35900000000001
DataValue, 0.84000000000000008, 0.001, 0.01106168, 0.11235400000000001, 112.354
DataValue, 0.86, 0.001, 0.0110629, 0.11235400000000001, 112.354
DataValue, 0.88000000000000012, 0.001, 0.011066180000000002, 0.11235900000000001, 112.35900000000001
DataValue, 0.9, 0.001, 0.01106816, 0.11235900000000001, 112.35900000000001
DataValue, 0.91999999999999993, 0.001, 0.01106882, 0.11235900000000001, 112.35900000000001
DataValue, 0.94000000000000006, 0.001, 0.01107132, 0.11235400000000001, 112.354
DataValue, 0.96, 0.001, 0.01106988, 0.112353, 112.353
DataValue, 0.98000000000000009, 0.001, 0.01107102, 0.112356, 112.356
DataValue, 1, 0.001, 0.01107062, 0.112357, 112.357
DataValue, 1.02, 0.001, 0.01107178, 0.11236200000000002, 112.36200000000001
DataValue, 1.04, 0.001, 0.01107392, 0.112356, 112.356
DataValue, 1.06, 0.001, 0.01107348, 0.112356, 112.356
DataValue, 1.08, 0.001, 0.011074239999999999, 0.11235200000000001, 112.352
DataValue, 1.1, 0.001, 0.01107392, 0.112351, 112.351
DataValue, 1.12, 0.001, 0.011074059999999998, 0.112356, 112.356
DataValue, 1.14, 0.001, 0.01107558, 0.11236, 112.36
DataValue, 1.16, 0.001, 0.0110737, 0.11236, 112.36
DataValue, 1.18, 0.001, 0.01107366, 0.112351, 112.351
DataValue, 1.2, 0.001, 0.0110736, 0.112351, 112.351
DataValue, 1.22, 0.001, 0.011073200000000002, 0.11234900000000002, 112.349
DataValue, 1.24, 0.001, 0.0110737, 0.112357, 112.357
DataValue, 1.26, 0.001, 0.011071899999999999, 0.11235400000000001, 112.354
DataValue, 1.28, 0.001, 0.011072219999999999, 0.11235500000000001, 112.355
DataValue, 1.3, 0.001, 0.011070759999999999, 0.112351, 112.351
DataValue, 1.32, 0.001, 0.011070960000000001, 0.112351, 112.351
DataValue, 1.34, 0.001, 0.011070400000000001, 0.11235400000000001, 112.354
DataValue, 1.36, 0.001, 0.011070660000000001, 0.112357, 112.357
DataValue, 1.38, 0.001, 0.011069500000000001, 0.11235800000000001, 112.358
DataValue, 1.4, 0.001, 0.01106952, 0.11235500000000001, 112.355
DataValue, 1.42, 0.001, 0.011068, 0.112351, 112.351
DataValue, 1.44, 0.001, 0.01106698, 0.112351, 112.351
DataValue, 1.46, 0.001, 0.01106592, 0.11235800000000001, 112.358
DataValue, 1.48, 0.001, 0.01106438, 0.112361, 112.361
DataValue, 1.5, 0.001, 0.0110645, 0.11235400000000001, 112.354
DataValue, 1.52, 0.001, 0.011062940000000002, 0.11235400000000001, 112.354
DataValue, 1.54, 0.001, 0.01106302, 0.11235500000000001, 112.355
DataValue, 1.56, 0.001, 0.01106132, 0.11235500000000001, 112.355
DataValue, 1.58, 0.001, 0.01105992, 0.11235800000000001, 112.358
DataValue, 1.6, 0.001, 0.011059939999999999, 0.11236, 112.36
DataValue, 1.62, 0.001, 0.01105992, 0.112356, 112.356
DataValue, 1.64, 0.001, 0.011056839999999998, 0.112357, 112.357
DataValue, 1.66, 0.001, 0.01105528, 0.112351, 112.351
DataValue, 1.68, 0.001, 0.011053200000000001, 0.112356, 112.356
DataValue, 1.7, 0.001, 0.01105242, 0.11235400000000001, 112.354
DataValue, 1.72, 0.001, 0.011052320000000001, 0.112357, 112.357
DataValue, 1.74, 0.001, 0.011051660000000001, 0.11235900000000001, 112.35900000000001
DataValue, 1.76, 0.001, 0.01104946, 0.11235400000000001, 112.354
DataValue, 1.78, 0.001, 0.01104942, 0.112351, 112.351
DataValue, 1.8, 0.001, 0.01104876, 0.112357, 112.357
DataValue, 1.82, 0.001, 0.011048039999999999, 0.11235200000000001, 112.352
DataValue, 1.84, 0.001, 0.0110463, 0.112356, 112.356
DataValue, 1.86, 0.001, 0.01104516, 0.112356, 112.356
DataValue, 1.88, 0.001, 0.01104514, 0.11235400000000001, 112.354
DataValue, 1.9, 0.001, 0.0110443, 0.112356, 112.356
DataValue, 1.92, 0.001, 0.0110432, 0.11235500000000001, 112.355
DataValue, 1.94, 0.001, 0.0110415, 0.11235500000000001, 112.355
DataValue, 1.96, 0.001, 0.01104026, 0.112361, 112.361
DataValue, 1.98, 0.001, 0.0110413, 0.11235400000000001, 112.354
DataValue, 2, 0.001, 0.01104106, 0.11235400000000001, 112.354
DataValue, 2.02, 0.001, 0.01104004, 0.11235, 112.35
DataValue, 2.04, 0.001, 0.011040920000000001, 0.11235200000000001, 112.352
DataValue, 2.06, 0.001, 0.0110395, 0.11235400000000001, 112.354
DataValue, 2.08, 0.001, 0.01103936, 0.11235500000000001, 112.355
DataValue, 2.1, 0.001, 0.01103928, 0.11235, 112.35
DataValue, 2.12, 0.001, 0.0110384, 0.112356, 112.356
DataValue, 2.14, 0.001, 0.0110397, 0.11235200000000001, 112.352
DataValue, 2.16, 0.001, 0.01104072, 0.11235500000000001, 112.355
DataValue, 2.18, 0.001, 0.01104284, 0.11235500000000001, 112.355
DataValue, 2.2, 0.001, 0.01104246, 0.112357, 112.357
DataValue, 2.22, 0.001, 0.01104416, 0.112356, 112.356
DataValue, 2.24, 0.001, 0.01104382, 0.112361, 112.361
DataValue, 2.26, 0.001, 0.011045180000000002, 0.11235200000000001, 112.352
DataValue, 2.28, 0.001, 0.01104674, 0.112357, 112.357
DataValue, 2.3, 0.001, 0.011048279999999999, 0.112351, 112.351
DataValue, 2.32, 0.001, 0.01105124, 0.112361, 112.361
DataValue, 2.34, 0.001, 0.01105386, 0.11235900000000001, 112.35900000000001
DataValue, 2.36, 0.001, 0.011056040000000001, 0.112356, 112.356
DataValue, 2.38, 0.001, 0.01105768, 0.11235900000000001, 112.35900000000001
DataValue, 2.4, 0.001, 0.01106114, 0.112353, 112.353
DataValue, 2.42, 0.001, 0.01106616, 0.11235200000000001, 112.352
DataValue, 2.44, 0.001, 0.01107172, 0.11235500000000001, 112.355
DataValue, 2.46, 0.001, 0.011072960000000002, 0.112357, 112.357
DataValue, 2.48, 0.001, 0.0110769, 0.112357, 112.357
DataValue, 2.5, 0.001, 0.01108332, 0.112356, 112.356
DataValue, 2.52, 0.001, 0.01108884, 0.11235400000000001, 112.354
DataValue, 2.54, 0.001, 0.01109502, 0.112356, 112.356
DataValue, 2.56, 0.001, 0.01110156, 0.11236, 112.36
DataValue, 2.58, 0.001, 0.011109039999999999, 0.11235400000000001, 112.354
DataValue, 2.6, 0.001, 0.011115520000000002, 0.11235500000000001, 112.355
DataValue, 2.62, 0.001, 0.01112336, 0.11235500000000001, 112.355
DataValue, 2.64, 0.001, 0.011130979999999999, 0.11235500000000001, 112.355
DataValue, 2.66, 0.001, 0.011141000000000002, 0.11235900000000001, 112.35900000000001
DataValue, 2.68, 0.001, 0.01114968, 0.11235500000000001, 112.355
DataValue, 2.7, 0.001, 0.01116112, 0.11235400000000001, 112.354
DataValue, 2.72, 0.001, 0.0111713, 0.11235900000000001, 112.35900000000001
DataValue, 2.74, 0.001, 0.01118152, 0.11236299999999999, 112.36299999999999
DataValue, 2.76, 0.001, 0.011193900000000001, 0.11235900000000001, 112.35900000000001
DataValue, 2.78, 0.001, 0.01120676, 0.11235800000000001, 112.358
DataValue, 2.8, 0.001, 0.0112208, 0.11236200000000002, 112.36200000000001
DataValue, 2.82, 0.001, 0.011234500000000001, 0.112357, 112.357
DataValue, 2.84, 0.001, 0.01124962, 0.11236, 112.36
DataValue, 2.86, 0.001, 0.011264060000000001, 0.11235500000000001, 112.355
DataValue, 2.88, 0.001, 0.0112811, 0.11235900000000001, 112.35900000000001
DataValue, 2.9, 0.001, 0.01129724, 0.112361, 112.361
DataValue, 2.92, 0.001, 0.011314580000000001, 0.112361, 112.361
DataValue, 2.94, 0.001, 0.01133416, 0.112357, 112.357
DataValue, 2.96, 0.001, 0.01135466, 0.112357, 112.357
DataValue, 2.98, 0.001, 0.0113743, 0.11236, 112.36
DataValue, 3, 0.001, 0.01139484, 0.112361, 112.361
DataValue, 3, 0.001, 0.0113946, 0.11236200000000002, 112.36200000000001
DataValue, 2.98, 0.001, 0.011369339999999999, 0.11236200000000002, 112.36200000000001
DataValue, 2.96, 0.001, 0.011346160000000001, 0.11235900000000001, 112.35900000000001
DataValue, 2.94, 0.001, 0.01132626, 0.11235800000000001, 112.358
DataValue, 2.92, 0.001, 0.011303760000000001, 0.112357, 112.357
DataValue, 2.9, 0.001, 0.011285320000000002, 0.11235800000000001, 112.358
DataValue, 2.88, 0.001, 0.011266380000000001, 0.11235900000000001, 112.35900000000001
DataValue, 2.86, 0.001, 0.01124722, 0.11235900000000001, 112.35900000000001
DataValue, 2.84, 0.001, 0.011230519999999999, 0.11235200000000001, 112.352
DataValue, 2.82, 0.001, 0.01121394, 0.11235200000000001, 112.352
DataValue, 2.8, 0.001, 0.01119886, 0.112357, 112.357
DataValue, 2.78, 0.001, 0.011184600000000001, 0.112357, 112.357
DataValue, 2.76, 0.001, 0.011169759999999999, 0.112364, 112.364
DataValue, 2.74, 0.001, 0.01115626, 0.11236, 112.36
DataValue, 2.72, 0.001, 0.011143499999999999, 0.11235400000000001, 112.354
DataValue, 2.7, 0.001, 0.0111316, 0.112356, 112.356
DataValue, 2.68, 0.001, 0.01112004, 0.11235400000000001, 112.354
DataValue, 2.66, 0.001, 0.011110759999999999, 0.11235800000000001, 112.358
DataValue, 2.64, 0.001, 0.01109972, 0.11235800000000001, 112.358
DataValue, 2.62, 0.001, 0.01108998, 0.112356, 112.356
DataValue, 2.6, 0.001, 0.01108044, 0.112357, 112.357
DataValue, 2.58, 0.001, 0.011071979999999999, 0.11235400000000001, 112.354
DataValue, 2.56, 0.001, 0.0110635, 0.11235900000000001, 112.35900000000001
DataValue, 2.54, 0.001, 0.011056360000000001, 0.112361, 112.361
DataValue, 2.52, 0.001, 0.011049, 0.11235800000000001, 112.358
DataValue, 2.5, 0.001, 0.01104198, 0.11235400000000001, 112.354
DataValue, 2.48, 0.001, 0.01103698, 0.11235800000000001, 112.358
DataValue, 2.46, 0.001, 0.01103054, 0.11235500000000001, 112.355
DataValue, 2.44, 0.001, 0.011027579999999999, 0.11235200000000001, 112.352
DataValue, 2.42, 0.001, 0.011021540000000002, 0.11235200000000001, 112.352
DataValue, 2.4, 0.001, 0.011017220000000001, 0.112356, 112.356
DataValue, 2.38, 0.001, 0.011012800000000001, 0.112353, 112.353
DataValue, 2.36, 0.001, 0.01100924, 0.11235200000000001, 112.352
DataValue, 2.34, 0.001, 0.01100644, 0.112351, 112.351
DataValue, 2.32, 0.001, 0.01100122, 0.112351, 112.351
DataValue, 2.3, 0.001, 0.01100008, 0.11235400000000001, 112.354
DataValue, 2.28, 0.001, 0.01099724, 0.112357, 112.357
DataValue, 2.26, 0.001, 0.01099492, 0.11235, 112.35
DataValue, 2.24, 0.001, 0.01099318, 0.11235400000000001, 112.354
DataValue, 2.22, 0.001, 0.010992, 0.11235200000000001, 112.352
DataValue, 2.2, 0.001, 0.01098876, 0.112351, 112.351
DataValue, 2.18, 0.001, 0.01098766, 0.112356, 112.356
DataValue, 2.16, 0.001, 0.01098646, 0.112357, 112.357
DataValue, 2.14, 0.001, 0.010985560000000002, 0.11235200000000001, 112.352
DataValue, 2.12, 0.001, 0.01098462, 0.11235400000000001, 112.354
DataValue, 2.1, 0.001, 0.01098472, 0.112351, 112.351
DataValue, 2.08, 0.001, 0.010984, 0.112356, 112.356
DataValue, 2.06, 0.001, 0.010983560000000002, 0.11236299999999999, 112.36299999999999
DataValue, 2.04, 0.001, 0.010981719999999999, 0.11235400000000001, 112.354
DataValue, 2.02, 0.001, 0.0109825, 0.11235200000000001, 112.352
DataValue, 2, 0.001, 0.01098314, 0.112347, 112.347
DataValue, 1.98, 0.001, 0.010982460000000001, 0.11235400000000001, 112.354
DataValue, 1.96, 0.001, 0.010983060000000001, 0.11235200000000001, 112.352
DataValue, 1.94, 0.001, 0.01098374, 0.11235400000000001, 112.354
DataValue, 1.92, 0.001, 0.01098272, 0.11235400000000001, 112.354
DataValue, 1.9, 0.001, 0.01098336, 0.112353, 112.353
DataValue, 1.88, 0.001, 0.01098326, 0.112347, 112.347
DataValue, 1.86, 0.001, 0.0109834, 0.112348, 112.348
DataValue, 1.84, 0.001, 0.010985720000000001, 0.112357, 112.357
DataValue, 1.82, 0.001, 0.01098528, 0.11235400000000001, 112.354
DataValue, 1.8, 0.001, 0.01098542, 0.112351, 112.351
DataValue, 1.78, 0.001, 0.01098724, 0.11234900000000002, 112.349
DataValue, 1.76, 0.001, 0.01098916, 0.11235, 112.35
DataValue, 1.74, 0.001, 0.01098884, 0.112357, 112.357
DataValue, 1.72, 0.001, 0.010990439999999999, 0.112351, 112.351
DataValue, 1.7, 0.001, 0.01099114, 0.11235, 112.35
DataValue, 1.68, 0.001, 0.01099068, 0.112351, 112.351
DataValue, 1.66, 0.001, 0.01099134, 0.11235, 112.35
DataValue, 1.64, 0.001, 0.010991899999999999, 0.112356, 112.356
DataValue, 1.62, 0.001, 0.01099284, 0.112353, 112.353
DataValue, 1.6, 0.001, 0.01099318, 0.11235400000000001, 112.354
DataValue, 1.58, 0.001, 0.01099494, 0.11235500000000001, 112.355
DataValue, 1.56, 0.001, 0.010995459999999999, 0.11234900000000002, 112.349
DataValue, 1.54, 0.001, 0.0109966, 0.112353, 112.353
DataValue, 1.52, 0.001, 0.010997660000000001, 0.11235900000000001, 112.35900000000001
DataValue, 1.5, 0.001, 0.01099834, 0.11235400000000001, 112.354
DataValue, 1.48, 0.001, 0.010999080000000001, 0.11235, 112.35
DataValue, 1.46, 0.001, 0.01100036, 0.11235, 112.35
DataValue, 1.44, 0.001, 0.01100144, 0.112348, 112.348
DataValue, 1.42, 0.001, 0.01100336, 0.11235500000000001, 112.355
DataValue, 1.4, 0.001, 0.01100306, 0.11235, 112.35
DataValue, 1.38, 0.001, 0.01100406, 0.11235500000000001, 112.355
DataValue, 1.36, 0.001, 0.011005240000000001, 0.112353, 112.353
DataValue, 1.34, 0.001, 0.0110042, 0.11235200000000001, 112.352
DataValue, 1.32, 0.001, 0.01100546, 0.112353, 112.353
DataValue, 1.3, 0.001, 0.011005540000000001, 0.112356, 112.356
DataValue, 1.28, 0.001, 0.011006160000000001, 0.11236, 112.36
DataValue, 1.26, 0.001, 0.011008160000000001, 0.11235500000000001, 112.355
DataValue, 1.24, 0.001, 0.011006100000000001, 0.11235200000000001, 112.352
DataValue, 1.22, 0.001, 0.01100738, 0.112351, 112.351
DataValue, 1.2, 0.001, 0.01100862, 0.112353, 112.353
DataValue, 1.18, 0.001, 0.011008, 0.112357, 112.357
DataValue, 1.16, 0.001, 0.0110075, 0.112357, 112.357
DataValue, 1.14, 0.001, 0.011008579999999999, 0.112347, 112.347
DataValue, 1.12, 0.001, 0.01100888, 0.112351, 112.351
DataValue, 1.1, 0.001, 0.011008780000000001, 0.11234900000000002, 112.349
DataValue, 1.08, 0.001, 0.01100942, 0.112351, 112.351
DataValue, 1.06, 0.001, 0.01100778, 0.112357, 112.357
DataValue, 1.04, 0.001, 0.01100876, 0.11235200000000001, 112.352
DataValue, 1.02, 0.001, 0.01100768, 0.112351, 112.351
DataValue, 1, 0.001, 0.01100724, 0.112348, 112.348
DataValue, 0.98000000000000009, 0.001, 0.01100662, 0.112353, 112.353
DataValue, 0.96, 0.001, 0.011006160000000001, 0.112348, 112.348
DataValue, 0.94000000000000006, 0.001, 0.011006499999999999, 0.112351, 112.351
DataValue, 0.91999999999999993, 0.001, 0.011004400000000001, 0.11235400000000001, 112.354
DataValue, 0.9, 0.001, 0.011003940000000002, 0.11235, 112.35
DataValue, 0.88000000000000012, 0.001, 0.01100436, 0.11234900000000002, 112.349
DataValue, 0.86, 0.001, 0.01100182, 0.112351, 112.351
DataValue, 0.84000000000000008, 0.001, 0.01100088, 0.112347, 112.347
DataValue, 0.82, 0.001, 0.01099896, 0.11235400000000001, 112.354
DataValue, 0.8, 0.001, 0.01099892, 0.11235400000000001, 112.354
DataValue, 0.78, 0.001, 0.01099634, 0.11234900000000002, 112.349
DataValue, 0.76, 0.001, 0.0109934, 0.112351, 112.351
DataValue, 0.7400000000000001, 0.001, 0.01099226, 0.11234900000000002, 112.349
DataValue, 0.72000000000000008, 0.001, 0.01098794, 0.11235, 112.35
DataValue, 0.70000000000000007, 0.001, 0.01098444, 0.112351, 112.351
DataValue, 0.68, 0.001, 0.01098138, 0.11235500000000001, 112.355
DataValue, 0.66, 0.001, 0.010976220000000002, 0.11235400000000001, 112.354
DataValue, 0.64000000000000012, 0.001, 0.0109718, 0.11235200000000001, 112.352
DataValue, 0.62000000000000011, 0.001, 0.01096592, 0.112351, 112.351
DataValue, 0.60000000000000009, 0.001, 0.0109602, 0.11235, 112.35
DataValue, 0.58, 0.001, 0.010953679999999999, 0.11235200000000001, 112.352
DataValue, 0.55999999999999994, 0.001, 0.010946720000000002, 0.11235400000000001, 112.354
DataValue, 0.54, 0.001, 0.01093852, 0.11235400000000001, 112.354
DataValue, 0.52, 0.001, 0.0109283, 0.11235, 112.35
DataValue, 0.5, 0.001, 0.01091812, 0.112346, 112.34599999999999
DataValue, 0.48, 0.001, 0.010903300000000001, 0.11234900000000002, 112.349
DataValue, 0.45999999999999996, 0.001, 0.01088836, 0.11235, 112.35
DataValue, 0.44000000000000006, 0.001, 0.010870979999999999, 0.112356, 112.356
DataValue, 0.42000000000000004, 0.001, 0.01084828, 0.112351, 112.351
DataValue, 0.4, 0.001, 0.01081826, 0.112351, 112.351
DataValue, 0.38, 0.001, 0.01077876, 0.112348, 112.348
DataValue, 0.36000000000000004, 0.001, 0.0107242, 0.112346, 112.34599999999999
DataValue, 0.34, 0.001, 0.01064548, 0.11234500000000001, 112.345
DataValue, 0.32000000000000006, 0.001, 0.010528500000000001, 0.112348, 112.348
DataValue, 0.30000000000000004, 0.001, 0.01035318, 0.112346, 112.34599999999999
DataValue, 0.27999999999999997, 0.001, 0.0100865, 0.11234100000000001, 112.34100000000001
DataValue, 0.26, 0.001, 0.00970628, 0.112334, 112.334
DataValue, 0.24, 0.001, 0.0091913, 0.11232400000000001, 112.324
DataValue, 0.22000000000000003, 0.001, 0.00854654, 0.11232, 112.32
DataValue, 0.2, 0.001, 0.0077802600000000006, 0.112303, 112.303
DataValue, 0.18000000000000002, 0.001, 0.00690418, 0.112294, 112.29400000000001
DataValue, 0.16000000000000003, 0.001, 0.00596156, 0.112272, 112.27199999999999
DataValue, 0.13999999999999999, 0.001, 0.00496448, 0.11226100000000001, 112.26100000000001
DataValue, 0.12, 0.001, 0.0039654600000000005, 0.11224600000000001, 112.246
DataValue, 0.1, 0.001, 0.0029951599999999997, 0.11223000000000001, 112.23
DataValue, 0.08, 0.001, 0.00209016, 0.11222000000000001, 112.22000000000001
DataValue, 0.06, 0.001, 0.0013160000000000001, 0.11221300000000001, 112.21300000000001
DataValue, 0.04, 0.001, 0.000704018, 0.11220300000000001, 112.203
DataValue, 0.02, 0.001, 0.00026795000000000003, 0.11219600000000002, 112.19600000000001
DataValue, 0, 0.001, -2.48426E-06, 0.112185, 112.185
DataValue, 0, 0.001, -3.23694E-06, 0.11218300000000002, 112.183
DataValue, 0.02, 0.001, 0.000335514, 0.11218900000000001, 112.18900000000001
DataValue, 0.04, 0.001, 0.00086110399999999991, 0.11219900000000001, 112.199
DataValue, 0.06, 0.001, 0.00157304, 0.112208, 112.208
DataValue, 0.08, 0.001, 0.0024495800000000002, 0.11222399999999999, 112.22399999999999
DataValue, 0.1, 0.001, 0.00345794, 0.11223700000000002, 112.23700000000001
DataValue, 0.12, 0.001, 0.0045331200000000007, 0.11225700000000001, 112.257
DataValue, 0.13999999999999999, 0.001, 0.00564424, 0.11226900000000001, 112.26899999999999
DataValue, 0.16000000000000003, 0.001, 0.006768, 0.11228400000000001, 112.284
DataValue, 0.18000000000000002, 0.001, 0.00785818, 0.11230100000000001, 112.301
DataValue, 0.2, 0.001, 0.00891062, 0.11232400000000001, 112.324
DataValue, 0.22000000000000003, 0.001, 0.00988752, 0.11234100000000001, 112.34100000000001
DataValue, 0.24, 0.001, 0.01078214, 0.112351, 112.351
DataValue, 0.26, 0.001, 0.0115906, 0.11237200000000001, 112.372
DataValue, 0.27999999999999997, 0.001, 0.0122786, 0.11238, 112.38
DataValue, 0.30000000000000004, 0.001, 0.0128524, 0.11238999999999999, 112.38999999999999
DataValue, 0.32000000000000006, 0.001, 0.013300399999999999, 0.112397, 112.39699999999999
DataValue, 0.34, 0.001, 0.013637, 0.112404, 112.404
DataValue, 0.36000000000000004, 0.001, 0.0138822, 0.11240800000000001, 112.408
DataValue, 0.38, 0.001, 0.014051800000000001, 0.11240699999999999, 112.407
DataValue, 0.4, 0.001, 0.0141742, 0.11241200000000001, 112.412
DataValue, 0.42000000000000004, 0.001, 0.01426, 0.112414, 112.41399999999999
DataValue, 0.44000000000000006, 0.001, 0.0143244, 0.11241300000000001, 112.41300000000001
DataValue, 0.45999999999999996, 0.001, 0.01437, 0.112411, 112.411
DataValue, 0.48, 0.001, 0.0144088, 0.11240900000000001, 112.409
DataValue, 0.5, 0.001, 0.014441800000000001, 0.11240800000000001, 112.408
DataValue, 0.52, 0.001, 0.0144648, 0.11241200000000001, 112.412
DataValue, 0.54, 0.001, 0.0144864, 0.112418, 112.41799999999999
DataValue, 0.55999999999999994, 0.001, 0.014506, 0.112418, 112.41799999999999
DataValue, 0.58, 0.001, 0.014519200000000001, 0.11242300000000001, 112.423
DataValue, 0.60000000000000009, 0.001, 0.0145332, 0.112415, 112.41499999999999
DataValue, 0.62000000000000011, 0.001, 0.014545200000000001, 0.11241600000000002, 112.41600000000001
DataValue, 0.64000000000000012, 0.001, 0.014555400000000001, 0.11241200000000001, 112.412
DataValue, 0.66, 0.001, 0.014564800000000001, 0.112419, 112.419
DataValue, 0.68, 0.001, 0.014573000000000001, 0.11241699999999999, 112.41699999999999
DataValue, 0.70000000000000007, 0.001, 0.014580200000000002, 0.11241600000000002, 112.41600000000001
DataValue, 0.72000000000000008, 0.001, 0.0145854, 0.112415, 112.41499999999999
DataValue, 0.7400000000000001, 0.001, 0.0145912, 0.11241600000000002, 112.41600000000001
DataValue, 0.76, 0.001, 0.0145944, 0.112414, 112.41399999999999
DataValue, 0.78, 0.001, 0.0146006, 0.11241600000000002, 112.41600000000001
DataValue, 0.8, 0.001, 0.0146054, 0.112414, 112.41399999999999
DataValue, 0.82, 0.001, 0.0146068, 0.11241699999999999, 112.41699999999999
DataValue, 0.84000000000000008, 0.001, 0.014609200000000001, 0.112415, 112.41499999999999
DataValue, 0.86, 0.001, 0.0146112, 0.112415, 112.41499999999999
DataValue, 0.88000000000000012, 0.001, 0.014612400000000001, 0.112415, 112.41499999999999
DataValue, 0.9, 0.001, 0.014615000000000001, 0.112414, 112.41399999999999
DataValue, 0.91999999999999993, 0.001, 0.0146166, 0.112421, 112.42099999999999
DataValue, 0.94000000000000006, 0.001, 0.0146192, 0.11242200000000001, 112.422
DataValue, 0.96, 0.001, 0.014620800000000002, 0.11242200000000001, 112.422
DataValue, 0.98000000000000009, 0.001, 0.014619, 0.112414, 112.41399999999999
DataValue, 1, 0.001, 0.0146214, 0.11241600000000002, 112.41600000000001
DataValue, 1.02, 0.001, 0.0146214, 0.112418, 112.41799999999999
DataValue, 1.04, 0.001, 0.0146218, 0.112421, 112.42099999999999
DataValue, 1.06, 0.001, 0.0146228, 0.11241699999999999, 112.41699999999999
DataValue, 1.08, 0.001, 0.014620800000000002, 0.112419, 112.419
DataValue, 1.1, 0.001, 0.0146218, 0.112414, 112.41399999999999
DataValue, 1.12, 0.001, 0.0146204, 0.112418, 112.41799999999999
DataValue, 1.14, 0.001, 0.0146196, 0.112419, 112.419
DataValue, 1.16, 0.001, 0.0146184, 0.112418, 112.41799999999999
DataValue, 1.18, 0.001, 0.01462, 0.11242300000000001, 112.423
DataValue, 1.2, 0.001, 0.0146166, 0.112415, 112.41499999999999
DataValue, 1.22, 0.001, 0.0146154, 0.11242000000000002, 112.42000000000002
DataValue, 1.24, 0.001, 0.0146154, 0.112415, 112.41499999999999
DataValue, 1.26, 0.001, 0.0146146, 0.11241600000000002, 112.41600000000001
DataValue, 1.28, 0.001, 0.014611400000000002, 0.112421, 112.42099999999999
DataValue, 1.3, 0.001, 0.0146098, 0.112418, 112.41799999999999
DataValue, 1.32, 0.001, 0.0146074, 0.112414, 112.41399999999999
DataValue, 1.34, 0.001, 0.0146046, 0.112415, 112.41499999999999
DataValue, 1.36, 0.001, 0.014605, 0.11242200000000001, 112.422
DataValue, 1.38, 0.001, 0.0146018, 0.112415, 112.41499999999999
DataValue, 1.4, 0.001, 0.0146014, 0.112421, 112.42099999999999
DataValue, 1.42, 0.001, 0.0146006, 0.112415, 112.41499999999999
DataValue, 1.44, 0.001, 0.014597800000000001, 0.112418, 112.41799999999999
DataValue, 1.46, 0.001, 0.0145956, 0.112415, 112.41499999999999
DataValue, 1.48, 0.001, 0.0145916, 0.112415, 112.41499999999999
DataValue, 1.5, 0.001, 0.014589000000000001, 0.112414, 112.41399999999999
DataValue, 1.52, 0.001, 0.014587600000000001, 0.112418, 112.41799999999999
DataValue, 1.54, 0.001, 0.014584999999999999, 0.112419, 112.419
DataValue, 1.56, 0.001, 0.0145818, 0.112414, 112.41399999999999
DataValue, 1.58, 0.001, 0.014580200000000002, 0.112414, 112.41399999999999
DataValue, 1.6, 0.001, 0.0145782, 0.112415, 112.41499999999999
DataValue, 1.62, 0.001, 0.014575800000000002, 0.112415, 112.41499999999999
DataValue, 1.64, 0.001, 0.0145734, 0.11241200000000001, 112.412
DataValue, 1.66, 0.001, 0.0145716, 0.112415, 112.41499999999999
DataValue, 1.68, 0.001, 0.0145696, 0.11241600000000002, 112.41600000000001
DataValue, 1.7, 0.001, 0.014567000000000002, 0.11240900000000001, 112.409
DataValue, 1.72, 0.001, 0.014563600000000001, 0.11241300000000001, 112.41300000000001
DataValue, 1.74, 0.001, 0.0145616, 0.11241699999999999, 112.41699999999999
DataValue, 1.76, 0.001, 0.014558, 0.11241699999999999, 112.41699999999999
DataValue, 1.78, 0.001, 0.014554600000000001, 0.112419, 112.419
DataValue, 1.8, 0.001, 0.0145528, 0.112415, 112.41499999999999
DataValue, 1.82, 0.001, 0.014551000000000001, 0.11241300000000001, 112.41300000000001
DataValue, 1.84, 0.001, 0.0145498, 0.112414, 112.41399999999999
DataValue, 1.86, 0.001, 0.0145458, 0.112418, 112.41799999999999
DataValue, 1.88, 0.001, 0.0145448, 0.112419, 112.419
DataValue, 1.9, 0.001, 0.014540200000000001, 0.11241300000000001, 112.41300000000001
DataValue, 1.92, 0.001, 0.014539999999999999, 0.11241699999999999, 112.41699999999999
DataValue, 1.94, 0.001, 0.014536400000000001, 0.11241200000000001, 112.412
DataValue, 1.96, 0.001, 0.0145348, 0.112415, 112.41499999999999
DataValue, 1.98, 0.001, 0.0145326, 0.11241200000000001, 112.412
DataValue, 2, 0.001, 0.014530600000000001, 0.11242200000000001, 112.422
DataValue, 2.02, 0.001, 0.014528600000000001, 0.11241300000000001, 112.41300000000001
DataValue, 2.04, 0.001, 0.014524200000000001, 0.11241200000000001, 112.412
DataValue, 2.06, 0.001, 0.014521800000000001, 0.11241200000000001, 112.412
DataValue, 2.08, 0.001, 0.014521, 0.11241699999999999, 112.41699999999999
DataValue, 2.1, 0.001, 0.014518, 0.112421, 112.42099999999999
DataValue, 2.12, 0.001, 0.0145174, 0.11241600000000002, 112.41600000000001
DataValue, 2.14, 0.001, 0.0145158, 0.112418, 112.41799999999999
DataValue, 2.16, 0.001, 0.014515, 0.11241200000000001, 112.412
DataValue, 2.18, 0.001, 0.0145122, 0.112415, 112.41499999999999
DataValue, 2.2, 0.001, 0.0145112, 0.112415, 112.41499999999999
DataValue, 2.22, 0.001, 0.0145116, 0.112419, 112.419
DataValue, 2.24, 0.001, 0.014510799999999999, 0.112415, 112.41499999999999
DataValue, 2.26, 0.001, 0.014510400000000001, 0.11241600000000002, 112.41600000000001
DataValue, 2.28, 0.001, 0.0145086, 0.112415, 112.41499999999999
DataValue, 2.3, 0.001, 0.0145086, 0.11241699999999999, 112.41699999999999
DataValue, 2.32, 0.001, 0.0145072, 0.11241000000000001, 112.41000000000001
DataValue, 2.34, 0.001, 0.0145072, 0.112414, 112.41399999999999
DataValue, 2.36, 0.001, 0.0145082, 0.11241699999999999, 112.41699999999999
DataValue, 2.38, 0.001, 0.0145084, 0.11241300000000001, 112.41300000000001
DataValue, 2.4, 0.001, 0.0145112, 0.112418, 112.41799999999999
DataValue, 2.42, 0.001, 0.0145146, 0.112411, 112.411
DataValue, 2.44, 0.001, 0.014516800000000002, 0.11241600000000002, 112.41600000000001
DataValue, 2.46, 0.001, 0.0145164, 0.112418, 112.41799999999999
DataValue, 2.48, 0.001, 0.0145174, 0.112415, 112.41499999999999
DataValue, 2.5, 0.001, 0.014519200000000001, 0.11241600000000002, 112.41600000000001
DataValue, 2.52, 0.001, 0.0145224, 0.11241300000000001, 112.41300000000001
DataValue, 2.54, 0.001, 0.0145252, 0.11242000000000002, 112.42000000000002
DataValue, 2.56, 0.001, 0.0145308, 0.112414, 112.41399999999999
DataValue, 2.58, 0.001, 0.014532799999999999, 0.11241600000000002, 112.41600000000001
DataValue, 2.6, 0.001, 0.0145368, 0.11241300000000001, 112.41300000000001
DataValue, 2.62, 0.001, 0.0145438, 0.112411, 112.411
DataValue, 2.64, 0.001, 0.0145472, 0.112411, 112.411
DataValue, 2.66, 0.001, 0.014554600000000001, 0.11241200000000001, 112.412
DataValue, 2.68, 0.001, 0.014560400000000001, 0.11241699999999999, 112.41699999999999
DataValue, 2.7, 0.001, 0.014569, 0.11242300000000001, 112.423
DataValue, 2.72, 0.001, 0.0145766, 0.112415, 112.41499999999999
DataValue, 2.74, 0.001, 0.014584, 0.112411, 112.411
DataValue, 2.76, 0.001, 0.0145932, 0.112419, 112.419
DataValue, 2.78, 0.001, 0.0146024, 0.112415, 112.41499999999999
DataValue, 2.8, 0.001, 0.0146116, 0.11242000000000002, 112.42000000000002
DataValue, 2.82, 0.001, 0.014621599999999999, 0.11241699999999999, 112.41699999999999
DataValue, 2.84, 0.001, 0.014633799999999999, 0.11240900000000001, 112.409
DataValue, 2.86, 0.001, 0.014648000000000001, 0.112414, 112.41399999999999
DataValue, 2.88, 0.001, 0.0146614, 0.11241000000000001, 112.41000000000001
DataValue, 2.9, 0.001, 0.014675, 0.112415, 112.41499999999999
DataValue, 2.92, 0.001, 0.014688399999999999, 0.112418, 112.41799999999999
DataValue, 2.94, 0.001, 0.014703599999999999, 0.112415, 112.41499999999999
DataValue, 2.96, 0.001, 0.01472, 0.112415, 112.41499999999999
DataValue, 2.98, 0.001, 0.014737400000000001, 0.112414, 112.41399999999999
DataValue, 3, 0.001, 0.0147542, 0.112419, 112.419
DataValue, 3, 0.001, 0.0147536, 0.112421, 112.42099999999999
DataValue, 2.98, 0.001, 0.0147302, 0.11241699999999999, 112.41699999999999
DataValue, 2.96, 0.001, 0.0147092, 0.112418, 112.41799999999999
DataValue, 2.94, 0.001, 0.0146892, 0.112418, 112.41799999999999
DataValue, 2.92, 0.001, 0.0146706, 0.11241699999999999, 112.41699999999999
DataValue, 2.9, 0.001, 0.014652799999999999, 0.11242000000000002, 112.42000000000002
DataValue, 2.88, 0.001, 0.0146372, 0.11241600000000002, 112.41600000000001
DataValue, 2.86, 0.001, 0.014622, 0.11241200000000001, 112.412
DataValue, 2.84, 0.001, 0.014607000000000002, 0.112414, 112.41399999999999
DataValue, 2.82, 0.001, 0.0145942, 0.112414, 112.41399999999999
DataValue, 2.8, 0.001, 0.0145776, 0.112414, 112.41399999999999
DataValue, 2.78, 0.001, 0.014565999999999999, 0.11241300000000001, 112.41300000000001
DataValue, 2.76, 0.001, 0.0145566, 0.112418, 112.41799999999999
DataValue, 2.74, 0.001, 0.014544600000000001, 0.112415, 112.41499999999999
DataValue, 2.72, 0.001, 0.014533, 0.11241300000000001, 112.41300000000001
DataValue, 2.7, 0.001, 0.014523600000000001, 0.11240900000000001, 112.409
DataValue, 2.68, 0.001, 0.0145146, 0.112414, 112.41399999999999
DataValue, 2.66, 0.001, 0.0145058, 0.11241699999999999, 112.41699999999999
DataValue, 2.64, 0.001, 0.0144976, 0.112414, 112.41399999999999
DataValue, 2.62, 0.001, 0.0144892, 0.11241200000000001, 112.412
DataValue, 2.6, 0.001, 0.014482600000000002, 0.11241200000000001, 112.412
DataValue, 2.58, 0.001, 0.0144756, 0.112414, 112.41399999999999
DataValue, 2.56, 0.001, 0.0144718, 0.112415, 112.41499999999999
DataValue, 2.54, 0.001, 0.014466000000000001, 0.112421, 112.42099999999999
DataValue, 2.52, 0.001, 0.01446, 0.112414, 112.41399999999999
DataValue, 2.5, 0.001, 0.0144572, 0.11241300000000001, 112.41300000000001
DataValue, 2.48, 0.001, 0.0144526, 0.11241000000000001, 112.41000000000001
DataValue, 2.46, 0.001, 0.0144482, 0.11241200000000001, 112.412
DataValue, 2.44, 0.001, 0.0144444, 0.112415, 112.41499999999999
DataValue, 2.42, 0.001, 0.014441200000000001, 0.11241300000000001, 112.41300000000001
DataValue, 2.4, 0.001, 0.014438, 0.112418, 112.41799999999999
DataValue, 2.38, 0.001, 0.0144356, 0.112414, 112.41399999999999
DataValue, 2.36, 0.001, 0.014435199999999999, 0.11240900000000001, 112.409
DataValue, 2.34, 0.001, 0.014432400000000002, 0.11241000000000001, 112.41000000000001
DataValue, 2.32, 0.001, 0.014431000000000001, 0.112411, 112.411
DataValue, 2.3, 0.001, 0.014430400000000001, 0.11241300000000001, 112.41300000000001
DataValue, 2.28, 0.001, 0.0144288, 0.112414, 112.41399999999999
DataValue, 2.26, 0.001, 0.0144286, 0.112415, 112.41499999999999
DataValue, 2.24, 0.001, 0.014430799999999999, 0.112414, 112.41399999999999
DataValue, 2.22, 0.001, 0.014429399999999999, 0.112414, 112.41399999999999
DataValue, 2.2, 0.001, 0.0144288, 0.112411, 112.411
DataValue, 2.18, 0.001, 0.0144258, 0.112415, 112.41499999999999
DataValue, 2.16, 0.001, 0.0144248, 0.11241200000000001, 112.412
DataValue, 2.14, 0.001, 0.014426399999999999, 0.11241200000000001, 112.412
DataValue, 2.12, 0.001, 0.014426600000000001, 0.11241300000000001, 112.41300000000001
DataValue, 2.1, 0.001, 0.0144278, 0.112414, 112.41399999999999
DataValue, 2.08, 0.001, 0.0144296, 0.112415, 112.41499999999999
DataValue, 2.06, 0.001, 0.0144286, 0.11241600000000002, 112.41600000000001
DataValue, 2.04, 0.001, 0.014431000000000001, 0.11241000000000001, 112.41000000000001
DataValue, 2.02, 0.001, 0.014431000000000001, 0.112414, 112.41399999999999
DataValue, 2, 0.001, 0.0144346, 0.112415, 112.41499999999999
DataValue, 1.98, 0.001, 0.014437, 0.112415, 112.41499999999999
DataValue, 1.96, 0.001, 0.0144376, 0.112414, 112.41399999999999
DataValue, 1.94, 0.001, 0.014439200000000001, 0.112414, 112.41399999999999
DataValue, 1.92, 0.001, 0.014438800000000002, 0.11241300000000001, 112.41300000000001
DataValue, 1.9, 0.001, 0.014442600000000002, 0.112406, 112.406
DataValue, 1.88, 0.001, 0.0144466, 0.112418, 112.41799999999999
DataValue, 1.86, 0.001, 0.0144472, 0.112414, 112.41399999999999
DataValue, 1.84, 0.001, 0.0144488, 0.11241000000000001, 112.41000000000001
DataValue, 1.82, 0.001, 0.014450600000000001, 0.11241600000000002, 112.41600000000001
DataValue, 1.8, 0.001, 0.014453, 0.11241200000000001, 112.412
DataValue, 1.78, 0.001, 0.014454800000000002, 0.11241300000000001, 112.41300000000001
DataValue, 1.76, 0.001, 0.014457, 0.11240800000000001, 112.408
DataValue, 1.74, 0.001, 0.0144588, 0.112411, 112.411
DataValue, 1.72, 0.001, 0.014461, 0.112415, 112.41499999999999
DataValue, 1.7, 0.001, 0.0144642, 0.112415, 112.41499999999999
DataValue, 1.68, 0.001, 0.0144656, 0.112419, 112.419
DataValue, 1.66, 0.001, 0.0144672, 0.11241300000000001, 112.41300000000001
DataValue, 1.64, 0.001, 0.0144684, 0.11241200000000001, 112.412
DataValue, 1.62, 0.001, 0.0144692, 0.11240900000000001, 112.409
DataValue, 1.6, 0.001, 0.0144744, 0.11241600000000002, 112.41600000000001
DataValue, 1.58, 0.001, 0.014475199999999999, 0.112415, 112.41499999999999
DataValue, 1.56, 0.001, 0.014479, 0.11241600000000002, 112.41600000000001
DataValue, 1.54, 0.001, 0.014479200000000001, 0.11240900000000001, 112.409
DataValue, 1.52, 0.001, 0.0144848, 0.11240800000000001, 112.408
DataValue, 1.5, 0.001, 0.0144848, 0.11240900000000001, 112.409
DataValue, 1.48, 0.001, 0.0144852, 0.11241699999999999, 112.41699999999999
DataValue, 1.46, 0.001, 0.0144872, 0.112414, 112.41399999999999
DataValue, 1.44, 0.001, 0.0144878, 0.11241300000000001, 112.41300000000001
DataValue, 1.42, 0.001, 0.014490000000000001, 0.11241000000000001, 112.41000000000001
DataValue, 1.4, 0.001, 0.014494, 0.11241300000000001, 112.41300000000001
DataValue, 1.38, 0.001, 0.014495599999999999, 0.112415, 112.41499999999999
DataValue, 1.36, 0.001, 0.014498800000000001, 0.112415, 112.41499999999999
DataValue, 1.34, 0.001, 0.014498800000000001, 0.11241600000000002, 112.41600000000001
DataValue, 1.32, 0.001, 0.0145012, 0.11241699999999999, 112.41699999999999
DataValue, 1.3, 0.001, 0.0145014, 0.112419, 112.419
DataValue, 1.28, 0.001, 0.014504, 0.112414, 112.41399999999999
DataValue, 1.26, 0.001, 0.0145042, 0.112414, 112.41399999999999
DataValue, 1.24, 0.001, 0.0145074, 0.11241000000000001, 112.41000000000001
DataValue, 1.22, 0.001, 0.0145064, 0.11241300000000001, 112.41300000000001
DataValue, 1.2, 0.001, 0.01451, 0.112411, 112.411
DataValue, 1.18, 0.001, 0.0145088, 0.11241600000000002, 112.41600000000001
DataValue, 1.16, 0.001, 0.014510799999999999, 0.11241699999999999, 112.41699999999999
DataValue, 1.14, 0.001, 0.0145118, 0.11241200000000001, 112.412
DataValue, 1.12, 0.001, 0.0145136, 0.11240900000000001, 112.409
DataValue, 1.1, 0.001, 0.014512400000000002, 0.11241300000000001, 112.41300000000001
DataValue, 1.08, 0.001, 0.014515199999999999, 0.112418, 112.41799999999999
DataValue, 1.06, 0.001, 0.014513400000000001, 0.112414, 112.41399999999999
DataValue, 1.04, 0.001, 0.014513400000000001, 0.11241000000000001, 112.41000000000001
DataValue, 1.02, 0.001, 0.014513400000000001, 0.11241300000000001, 112.41300000000001
DataValue, 1, 0.001, 0.0145142, 0.11241000000000001, 112.41000000000001
DataValue, 0.98000000000000009, 0.001, 0.0145136, 0.112414, 112.41399999999999
DataValue, 0.96, 0.001, 0.0145136, 0.112414, 112.41399999999999
DataValue, 0.94000000000000006, 0.001, 0.0145146, 0.11242200000000001, 112.422
DataValue, 0.91999999999999993, 0.001, 0.014513799999999999, 0.11241300000000001, 112.41300000000001
DataValue, 0.9, 0.001, 0.0145128, 0.11241000000000001, 112.41000000000001
DataValue, 0.88000000000000012, 0.001, 0.014512, 0.112419, 112.419
DataValue, 0.86, 0.001, 0.014510400000000001, 0.11241699999999999, 112.41699999999999
DataValue, 0.84000000000000008, 0.001, 0.0145072, 0.11241300000000001, 112.41300000000001
DataValue, 0.82, 0.001, 0.014504600000000001, 0.11241300000000001, 112.41300000000001
DataValue, 0.8, 0.001, 0.014502, 0.11241300000000001, 112.41300000000001
DataValue, 0.78, 0.001, 0.0144968, 0.112415, 112.41499999999999
DataValue, 0.76, 0.001, 0.014495599999999999, 0.11241000000000001, 112.41000000000001
DataValue, 0.7400000000000001, 0.001, 0.0144908, 0.11241300000000001, 112.41300000000001
DataValue, 0.72000000000000008, 0.001, 0.014486, 0.11241300000000001, 112.41300000000001
DataValue, 0.70000000000000007, 0.001, 0.014482, 0.11241200000000001, 112.412
DataValue, 0.68, 0.001, 0.014475199999999999, 0.112419, 112.419
DataValue, 0.66, 0.001, 0.014469399999999999, 0.11241300000000001, 112.41300000000001
DataValue, 0.64000000000000012, 0.001, 0.014460200000000001, 0.11241200000000001, 112.412
DataValue, 0.62000000000000011, 0.001, 0.014451, 0.11241200000000001, 112.412
DataValue, 0.60000000000000009, 0.001, 0.0144416, 0.112411, 112.411
DataValue, 0.58, 0.001, 0.0144288, 0.11241300000000001, 112.41300000000001
DataValue, 0.55999999999999994, 0.001, 0.014416199999999999, 0.112414, 112.41399999999999
DataValue, 0.54, 0.001, 0.0143986, 0.112414, 112.41399999999999
DataValue, 0.52, 0.001, 0.0143784, 0.11241300000000001, 112.41300000000001
DataValue, 0.5, 0.001, 0.0143554, 0.11240800000000001, 112.408
DataValue, 0.48, 0.001, 0.014326000000000002, 0.11241300000000001, 112.41300000000001
DataValue, 0.45999999999999996, 0.001, 0.0142896, 0.11241300000000001, 112.41300000000001
DataValue, 0.44000000000000006, 0.001, 0.0142434, 0.11241300000000001, 112.41300000000001
DataValue, 0.42000000000000004, 0.001, 0.0141814, 0.11240800000000001, 112.408
DataValue, 0.4, 0.001, 0.014098200000000002, 0.11240800000000001, 112.408
DataValue, 0.38, 0.001, 0.0139798, 0.11240800000000001, 112.408
DataValue, 0.36000000000000004, 0.001, 0.013810000000000001, 0.11240300000000002, 112.403
DataValue, 0.34, 0.001, 0.013570800000000001, 0.11240000000000001, 112.4
DataValue, 0.32000000000000006, 0.001, 0.013238600000000001, 0.11239500000000001, 112.395
DataValue, 0.30000000000000004, 0.001, 0.0127956, 0.112387, 112.38699999999999
DataValue, 0.27999999999999997, 0.001, 0.0122268, 0.11238300000000001, 112.38300000000001
DataValue, 0.26, 0.001, 0.0115424, 0.112371, 112.371
DataValue, 0.24, 0.001, 0.010741400000000002, 0.112356, 112.356
DataValue, 0.22000000000000003, 0.001, 0.00984906, 0.11233500000000002, 112.33500000000001
DataValue, 0.2, 0.001, 0.0088765199999999989, 0.112317, 112.31700000000001
DataValue, 0.18000000000000002, 0.001, 0.00782792, 0.112302, 112.30199999999999
DataValue, 0.16000000000000003, 0.001, 0.0067418, 0.112285, 112.285
DataValue, 0.13999999999999999, 0.001, 0.0056216, 0.11227000000000001, 112.27000000000001
DataValue, 0.12, 0.001, 0.0045141600000000006, 0.112249, 112.249
DataValue, 0.1, 0.001, 0.0034430000000000003, 0.112235, 112.235
DataValue, 0.08, 0.001, 0.00243866, 0.112218, 112.21799999999999
DataValue, 0.06, 0.001, 0.0015652600000000002, 0.112204, 112.204
DataValue, 0.04, 0.001, 0.00085702, 0.112198, 112.198
DataValue, 0.02, 0.001, 0.000333866, 0.112191, 112.191
DataValue, 0, 0.001, -3.2106299999999998E-06, 0.11218300000000002, 112.183
DataValue, 0, 0.001, -3.8679E-06, 0.112182, 112.182
DataValue, 0.02, 0.001, 0.000394518, 0.112191, 112.191
DataValue, 0.04, 0.001, 0.00099323000000000011, 0.11220300000000001, 112.203
DataValue, 0.06, 0.001, 0.00178162, 0.112211, 112.211
DataValue, 0.08, 0.001, 0.0027325599999999998, 0.11222900000000001, 112.229
DataValue, 0.1, 0.001, 0.0038128600000000004, 0.112238, 112.238
DataValue, 0.12, 0.001, 0.0049578800000000004, 0.112258, 112.258
DataValue, 0.13999999999999999, 0.001, 0.0061407400000000004, 0.11227300000000001, 112.273
DataValue, 0.16000000000000003, 0.001, 0.00734274, 0.112299, 112.29899999999999
DataValue, 0.18000000000000002, 0.001, 0.00851866, 0.11231400000000001, 112.31400000000001
DataValue, 0.2, 0.001, 0.00967284, 0.112334, 112.334
DataValue, 0.22000000000000003, 0.001, 0.0107672, 0.112343, 112.34299999999999
DataValue, 0.24, 0.001, 0.011805399999999999, 0.112375, 112.375
DataValue, 0.26, 0.001, 0.012784, 0.112387, 112.38699999999999
DataValue, 0.27999999999999997, 0.001, 0.013674200000000001, 0.112406, 112.406
DataValue, 0.30000000000000004, 0.001, 0.014488399999999999, 0.112415, 112.41499999999999
DataValue, 0.32000000000000006, 0.001, 0.015201000000000001, 0.112419, 112.419
DataValue, 0.34, 0.001, 0.015813999999999998, 0.112432, 112.432
DataValue, 0.36000000000000004, 0.001, 0.0163278, 0.11243900000000001, 112.439
DataValue, 0.38, 0.001, 0.016733400000000002, 0.11244400000000002, 112.44400000000002
DataValue, 0.4, 0.001, 0.0170506, 0.112451, 112.451
DataValue, 0.42000000000000004, 0.001, 0.0172842, 0.11245700000000002, 112.45700000000001
DataValue, 0.44000000000000006, 0.001, 0.0174586, 0.112455, 112.455
DataValue, 0.45999999999999996, 0.001, 0.017589, 0.11245700000000002, 112.45700000000001
DataValue, 0.48, 0.001, 0.0176874, 0.112458, 112.458
DataValue, 0.5, 0.001, 0.0177592, 0.11246400000000001, 112.46400000000001
DataValue, 0.52, 0.001, 0.0178164, 0.11246100000000002, 112.46100000000001
DataValue, 0.54, 0.001, 0.0178624, 0.112472, 112.472
DataValue, 0.55999999999999994, 0.001, 0.0179, 0.11246700000000001, 112.46700000000001
DataValue, 0.58, 0.001, 0.017929999999999998, 0.112462, 112.46199999999999
DataValue, 0.60000000000000009, 0.001, 0.0179574, 0.11246400000000001, 112.46400000000001
DataValue, 0.62000000000000011, 0.001, 0.017978, 0.11246400000000001, 112.46400000000001
DataValue, 0.64000000000000012, 0.001, 0.017998, 0.112472, 112.472
DataValue, 0.66, 0.001, 0.0180148, 0.11246400000000001, 112.46400000000001
DataValue, 0.68, 0.001, 0.018029800000000002, 0.112465, 112.46499999999999
DataValue, 0.70000000000000007, 0.001, 0.0180378, 0.11246700000000001, 112.46700000000001
DataValue, 0.72000000000000008, 0.001, 0.0180512, 0.11246400000000001, 112.46400000000001
DataValue, 0.7400000000000001, 0.001, 0.0180584, 0.112465, 112.46499999999999
DataValue, 0.76, 0.001, 0.018067, 0.11247100000000002, 112.471
DataValue, 0.78, 0.001, 0.018072, 0.112473, 112.473
DataValue, 0.8, 0.001, 0.0180792, 0.11246600000000001, 112.466
DataValue, 0.82, 0.001, 0.018088, 0.11246300000000001, 112.46300000000001
DataValue, 0.84000000000000008, 0.001, 0.0180886, 0.112468, 112.46799999999999
DataValue, 0.86, 0.001, 0.0180932, 0.11246600000000001, 112.466
DataValue, 0.88000000000000012, 0.001, 0.018095200000000002, 0.112468, 112.46799999999999
DataValue, 0.9, 0.001, 0.0180974, 0.11247100000000002, 112.471
DataValue, 0.91999999999999993, 0.001, 0.0181002, 0.112462, 112.46199999999999
DataValue, 0.94000000000000006, 0.001, 0.0181048, 0.11246700000000001, 112.46700000000001
DataValue, 0.96, 0.001, 0.0181032, 0.112462, 112.46199999999999
DataValue, 0.98000000000000009, 0.001, 0.0181006, 0.112468, 112.46799999999999
DataValue, 1, 0.001, 0.0181038, 0.11246700000000001, 112.46700000000001
DataValue, 1.02, 0.001, 0.0181024, 0.11246600000000001, 112.466
DataValue, 1.04, 0.001, 0.018102, 0.11246300000000001, 112.46300000000001
DataValue, 1.06, 0.001, 0.0181038, 0.112468, 112.46799999999999
DataValue, 1.08, 0.001, 0.018101000000000003, 0.112472, 112.472
DataValue, 1.1, 0.001, 0.018101000000000003, 0.11246700000000001, 112.46700000000001
DataValue, 1.12, 0.001, 0.0181, 0.11246600000000001, 112.466
DataValue, 1.14, 0.001, 0.018098200000000002, 0.112468, 112.46799999999999
DataValue, 1.16, 0.001, 0.0180944, 0.11246300000000001, 112.46300000000001
DataValue, 1.18, 0.001, 0.018095200000000002, 0.112462, 112.46199999999999
DataValue, 1.2, 0.001, 0.018092, 0.11247000000000001, 112.47
DataValue, 1.22, 0.001, 0.0180898, 0.11246600000000001, 112.466
DataValue, 1.24, 0.001, 0.018089, 0.11246700000000001, 112.46700000000001
DataValue, 1.26, 0.001, 0.0180862, 0.11246700000000001, 112.46700000000001
DataValue, 1.28, 0.001, 0.0180832, 0.11246400000000001, 112.46400000000001
DataValue, 1.3, 0.001, 0.0180822, 0.112468, 112.46799999999999
DataValue, 1.32, 0.001, 0.0180762, 0.11246400000000001, 112.46400000000001
DataValue, 1.34, 0.001, 0.0180744, 0.112473, 112.473
DataValue, 1.36, 0.001, 0.0180716, 0.112465, 112.46499999999999
DataValue, 1.38, 0.001, 0.0180688, 0.112468, 112.46799999999999
DataValue, 1.4, 0.001, 0.0180656, 0.112465, 112.46499999999999
DataValue, 1.42, 0.001, 0.0180628, 0.11246700000000001, 112.46700000000001
DataValue, 1.44, 0.001, 0.018059000000000002, 0.11246700000000001, 112.46700000000001
DataValue, 1.46, 0.001, 0.0180568, 0.112469, 112.469
DataValue, 1.48, 0.001, 0.018054, 0.11246300000000001, 112.46300000000001
DataValue, 1.5, 0.001, 0.0180506, 0.11246300000000001, 112.46300000000001
DataValue, 1.52, 0.001, 0.0180422, 0.11246300000000001, 112.46300000000001
DataValue, 1.54, 0.001, 0.01804, 0.112469, 112.469
DataValue, 1.56, 0.001, 0.0180358, 0.11247000000000001, 112.47
DataValue, 1.58, 0.001, 0.0180294, 0.112468, 112.46799999999999
DataValue, 1.6, 0.001, 0.0180266, 0.112465, 112.46499999999999
DataValue, 1.62, 0.001, 0.0180224, 0.11246300000000001, 112.46300000000001
DataValue, 1.64, 0.001, 0.0180196, 0.112468, 112.46799999999999
DataValue, 1.66, 0.001, 0.0180148, 0.11246100000000002, 112.46100000000001
DataValue, 1.68, 0.001, 0.0180098, 0.11246600000000001, 112.466
DataValue, 1.7, 0.001, 0.0180044, 0.112468, 112.46799999999999
DataValue, 1.72, 0.001, 0.018000600000000002, 0.11246600000000001, 112.466
DataValue, 1.74, 0.001, 0.0179972, 0.11246300000000001, 112.46300000000001
DataValue, 1.76, 0.001, 0.017991200000000002, 0.112462, 112.46199999999999
DataValue, 1.78, 0.001, 0.017989599999999998, 0.112468, 112.46799999999999
DataValue, 1.8, 0.001, 0.017983, 0.112468, 112.46799999999999
DataValue, 1.82, 0.001, 0.0179806, 0.11246600000000001, 112.466
DataValue, 1.84, 0.001, 0.017974399999999998, 0.11246, 112.46000000000001
DataValue, 1.86, 0.001, 0.0179738, 0.11246400000000001, 112.46400000000001
DataValue, 1.88, 0.001, 0.0179662, 0.112462, 112.46199999999999
DataValue, 1.9, 0.001, 0.0179628, 0.11247100000000002, 112.471
DataValue, 1.92, 0.001, 0.0179558, 0.11246400000000001, 112.46400000000001
DataValue, 1.94, 0.001, 0.017950400000000002, 0.11246300000000001, 112.46300000000001
DataValue, 1.96, 0.001, 0.017946, 0.112462, 112.46199999999999
DataValue, 1.98, 0.001, 0.0179424, 0.112462, 112.46199999999999
DataValue, 2, 0.001, 0.017939, 0.112459, 112.459
DataValue, 2.02, 0.001, 0.017931, 0.112468, 112.46799999999999
DataValue, 2.04, 0.001, 0.0179256, 0.11246400000000001, 112.46400000000001
DataValue, 2.06, 0.001, 0.017922, 0.112459, 112.459
DataValue, 2.08, 0.001, 0.0179184, 0.112458, 112.458
DataValue, 2.1, 0.001, 0.0179146, 0.11246100000000002, 112.46100000000001
DataValue, 2.12, 0.001, 0.01791, 0.11246, 112.46000000000001
DataValue, 2.14, 0.001, 0.0179064, 0.11246700000000001, 112.46700000000001
DataValue, 2.16, 0.001, 0.0179028, 0.11246, 112.46000000000001
DataValue, 2.18, 0.001, 0.017898400000000002, 0.11246, 112.46000000000001
DataValue, 2.2, 0.001, 0.0178952, 0.11246, 112.46000000000001
DataValue, 2.22, 0.001, 0.017891999999999998, 0.11246300000000001, 112.46300000000001
DataValue, 2.24, 0.001, 0.0178892, 0.11246600000000001, 112.466
DataValue, 2.26, 0.001, 0.017883800000000002, 0.11246400000000001, 112.46400000000001
DataValue, 2.28, 0.001, 0.0178836, 0.11246400000000001, 112.46400000000001
DataValue, 2.3, 0.001, 0.017878400000000003, 0.11246600000000001, 112.466
DataValue, 2.32, 0.001, 0.017875600000000002, 0.11246300000000001, 112.46300000000001
DataValue, 2.34, 0.001, 0.0178744, 0.11246, 112.46000000000001
DataValue, 2.36, 0.001, 0.017874, 0.11246, 112.46000000000001
DataValue, 2.38, 0.001, 0.0178728, 0.11246600000000001, 112.466
DataValue, 2.4, 0.001, 0.0178686, 0.11246300000000001, 112.46300000000001
DataValue, 2.42, 0.001, 0.017869200000000002, 0.112459, 112.459
DataValue, 2.44, 0.001, 0.0178676, 0.112459, 112.459
DataValue, 2.46, 0.001, 0.0178658, 0.11246300000000001, 112.46300000000001
DataValue, 2.48, 0.001, 0.0178656, 0.11246400000000001, 112.46400000000001
DataValue, 2.5, 0.001, 0.0178632, 0.112459, 112.459
DataValue, 2.52, 0.001, 0.0178646, 0.112462, 112.46199999999999
DataValue, 2.54, 0.001, 0.0178654, 0.112462, 112.46199999999999
DataValue, 2.56, 0.001, 0.0178656, 0.112458, 112.458
DataValue, 2.58, 0.001, 0.017866200000000002, 0.11245700000000002, 112.45700000000001
DataValue, 2.6, 0.001, 0.0178666, 0.11246300000000001, 112.46300000000001
DataValue, 2.62, 0.001, 0.0178684, 0.112459, 112.459
DataValue, 2.64, 0.001, 0.0178706, 0.11246300000000001, 112.46300000000001
DataValue, 2.66, 0.001, 0.0178724, 0.11245700000000002, 112.45700000000001
DataValue, 2.68, 0.001, 0.0178786, 0.11246400000000001, 112.46400000000001
DataValue, 2.7, 0.001, 0.0178834, 0.11246400000000001, 112.46400000000001
DataValue, 2.72, 0.001, 0.0178834, 0.11246400000000001, 112.46400000000001
DataValue, 2.74, 0.001, 0.017889, 0.11246600000000001, 112.466
DataValue, 2.76, 0.001, 0.017897, 0.112462, 112.46199999999999
DataValue, 2.78, 0.001, 0.0178998, 0.112462, 112.46199999999999
DataValue, 2.8, 0.001, 0.017906000000000002, 0.112462, 112.46199999999999
DataValue, 2.82, 0.001, 0.0179122, 0.11246, 112.46000000000001
DataValue, 2.84, 0.001, 0.017920600000000002, 0.11246300000000001, 112.46300000000001
DataValue, 2.86, 0.001, 0.017928, 0.11247000000000001, 112.47
DataValue, 2.88, 0.001, 0.0179362, 0.11246100000000002, 112.46100000000001
DataValue, 2.9, 0.001, 0.0179456, 0.11246600000000001, 112.466
DataValue, 2.92, 0.001, 0.0179548, 0.112462, 112.46199999999999
DataValue, 2.94, 0.001, 0.017967800000000003, 0.112462, 112.46199999999999
DataValue, 2.96, 0.001, 0.017977, 0.112468, 112.46799999999999
DataValue, 2.98, 0.001, 0.017989599999999998, 0.112468, 112.46799999999999
DataValue, 3, 0.001, 0.0180026, 0.11246700000000001, 112.46700000000001
DataValue, 3, 0.001, 0.0180018, 0.11246400000000001, 112.46400000000001
DataValue, 2.98, 0.001, 0.0179814, 0.11246, 112.46000000000001
DataValue, 2.96, 0.001, 0.0179626, 0.11247100000000002, 112.471
DataValue, 2.94, 0.001, 0.0179472, 0.112465, 112.46499999999999
DataValue, 2.92, 0.001, 0.0179296, 0.11245700000000002, 112.45700000000001
DataValue, 2.9, 0.001, 0.0179156, 0.11246600000000001, 112.466
DataValue, 2.88, 0.001, 0.0179022, 0.112458, 112.458
DataValue, 2.86, 0.001, 0.017889600000000002, 0.11246300000000001, 112.46300000000001
DataValue, 2.84, 0.001, 0.0178792, 0.11246400000000001, 112.46400000000001
DataValue, 2.82, 0.001, 0.017865, 0.112462, 112.46199999999999
DataValue, 2.8, 0.001, 0.0178562, 0.112465, 112.46499999999999
DataValue, 2.78, 0.001, 0.0178438, 0.11245400000000001, 112.45400000000001
DataValue, 2.76, 0.001, 0.0178356, 0.11246300000000001, 112.46300000000001
DataValue, 2.74, 0.001, 0.017826599999999998, 0.11246, 112.46000000000001
DataValue, 2.72, 0.001, 0.017819400000000003, 0.11246600000000001, 112.466
DataValue, 2.7, 0.001, 0.0178128, 0.11246, 112.46000000000001
DataValue, 2.68, 0.001, 0.0178058, 0.112459, 112.459
DataValue, 2.66, 0.001, 0.0177988, 0.112459, 112.459
DataValue, 2.64, 0.001, 0.0177948, 0.11246, 112.46000000000001
DataValue, 2.62, 0.001, 0.017792, 0.112458, 112.458
DataValue, 2.6, 0.001, 0.017785, 0.112459, 112.459
DataValue, 2.58, 0.001, 0.017780400000000002, 0.11246400000000001, 112.46400000000001
DataValue, 2.56, 0.001, 0.0177762, 0.11246, 112.46000000000001
DataValue, 2.54, 0.001, 0.0177742, 0.112455, 112.455
DataValue, 2.52, 0.001, 0.017774, 0.112462, 112.46199999999999
DataValue, 2.5, 0.001, 0.0177724, 0.11246100000000002, 112.46100000000001
DataValue, 2.48, 0.001, 0.0177708, 0.11246300000000001, 112.46300000000001
DataValue, 2.46, 0.001, 0.0177708, 0.112458, 112.458
DataValue, 2.44, 0.001, 0.0177682, 0.112459, 112.459
DataValue, 2.42, 0.001, 0.0177646, 0.112455, 112.455
DataValue, 2.4, 0.001, 0.0177648, 0.112462, 112.46199999999999
DataValue, 2.38, 0.001, 0.0177658, 0.112462, 112.46199999999999
DataValue, 2.36, 0.001, 0.0177672, 0.11246100000000002, 112.46100000000001
DataValue, 2.34, 0.001, 0.0177654, 0.11246, 112.46000000000001
DataValue, 2.32, 0.001, 0.0177664, 0.11246, 112.46000000000001
DataValue, 2.3, 0.001, 0.017767, 0.11245700000000002, 112.45700000000001
DataValue, 2.28, 0.001, 0.0177684, 0.112455, 112.455
DataValue, 2.26, 0.001, 0.017768, 0.11246, 112.46000000000001
DataValue, 2.24, 0.001, 0.01777, 0.112459, 112.459
DataValue, 2.22, 0.001, 0.0177714, 0.11246300000000001, 112.46300000000001
DataValue, 2.2, 0.001, 0.017775000000000003, 0.11246300000000001, 112.46300000000001
DataValue, 2.18, 0.001, 0.0177768, 0.11245700000000002, 112.45700000000001
DataValue, 2.16, 0.001, 0.0177798, 0.112459, 112.459
DataValue, 2.14, 0.001, 0.0177796, 0.112465, 112.46499999999999
DataValue, 2.12, 0.001, 0.0177834, 0.112459, 112.459
DataValue, 2.1, 0.001, 0.017786200000000002, 0.11246, 112.46000000000001
DataValue, 2.08, 0.001, 0.017790200000000003, 0.11246, 112.46000000000001
DataValue, 2.06, 0.001, 0.0177944, 0.112462, 112.46199999999999
DataValue, 2.04, 0.001, 0.0177934, 0.112459, 112.459
DataValue, 2.02, 0.001, 0.0177954, 0.112458, 112.458
DataValue, 2, 0.001, 0.0177972, 0.11245700000000002, 112.45700000000001
DataValue, 1.98, 0.001, 0.017804, 0.11246, 112.46000000000001
DataValue, 1.96, 0.001, 0.0178038, 0.11246300000000001, 112.46300000000001
DataValue, 1.94, 0.001, 0.017808, 0.112458, 112.458
DataValue, 1.92, 0.001, 0.0178114, 0.112458, 112.458
DataValue, 1.9, 0.001, 0.0178144, 0.11245400000000001, 112.45400000000001
DataValue, 1.88, 0.001, 0.0178174, 0.11246100000000002, 112.46100000000001
DataValue, 1.86, 0.001, 0.0178188, 0.11245700000000002, 112.45700000000001
DataValue, 1.84, 0.001, 0.017824800000000002, 0.112462, 112.46199999999999
DataValue, 1.82, 0.001, 0.0178286, 0.112459, 112.459
DataValue, 1.8, 0.001, 0.017831800000000002, 0.112459, 112.459
DataValue, 1.78, 0.001, 0.0178368, 0.112456, 112.456
DataValue, 1.76, 0.001, 0.0178408, 0.112459, 112.459
DataValue, 1.74, 0.001, 0.0178448, 0.11246, 112.46000000000001
DataValue, 1.72, 0.001, 0.0178494, 0.11246400000000001, 112.46400000000001
DataValue, 1.7, 0.001, 0.0178524, 0.11246, 112.46000000000001
DataValue, 1.68, 0.001, 0.0178534, 0.112458, 112.458
DataValue, 1.66, 0.001, 0.0178582, 0.11246100000000002, 112.46100000000001
DataValue, 1.64, 0.001, 0.0178612, 0.112465, 112.46499999999999
DataValue, 1.62, 0.001, 0.017863, 0.11246400000000001, 112.46400000000001
DataValue, 1.6, 0.001, 0.0178684, 0.112462, 112.46199999999999
DataValue, 1.58, 0.001, 0.017868, 0.11245700000000002, 112.45700000000001
DataValue, 1.56, 0.001, 0.0178742, 0.11246300000000001, 112.46300000000001
DataValue, 1.54, 0.001, 0.017877, 0.112462, 112.46199999999999
DataValue, 1.52, 0.001, 0.01788, 0.112459, 112.459
DataValue, 1.5, 0.001, 0.0178836, 0.112458, 112.458
DataValue, 1.48, 0.001, 0.017887800000000002, 0.112458, 112.458
DataValue, 1.46, 0.001, 0.017891, 0.11246, 112.46000000000001
DataValue, 1.44, 0.001, 0.0178934, 0.112462, 112.46199999999999
DataValue, 1.42, 0.001, 0.017896000000000002, 0.11246400000000001, 112.46400000000001
DataValue, 1.4, 0.001, 0.0179022, 0.112462, 112.46199999999999
DataValue, 1.38, 0.001, 0.0179052, 0.11245700000000002, 112.45700000000001
DataValue, 1.36, 0.001, 0.0179046, 0.11246600000000001, 112.466
DataValue, 1.34, 0.001, 0.0179094, 0.11246300000000001, 112.46300000000001
DataValue, 1.32, 0.001, 0.017913, 0.112465, 112.46499999999999
DataValue, 1.3, 0.001, 0.017915399999999998, 0.11246, 112.46000000000001
DataValue, 1.28, 0.001, 0.0179184, 0.11246600000000001, 112.466
DataValue, 1.26, 0.001, 0.0179208, 0.112462, 112.46199999999999
DataValue, 1.24, 0.001, 0.017922800000000003, 0.112458, 112.458
DataValue, 1.22, 0.001, 0.0179256, 0.11245700000000002, 112.45700000000001
DataValue, 1.2, 0.001, 0.017928200000000002, 0.11246300000000001, 112.46300000000001
DataValue, 1.18, 0.001, 0.0179288, 0.11246600000000001, 112.466
DataValue, 1.16, 0.001, 0.0179296, 0.11246400000000001, 112.46400000000001
DataValue, 1.14, 0.001, 0.017931600000000002, 0.11246, 112.46000000000001
DataValue, 1.12, 0.001, 0.0179332, 0.11246300000000001, 112.46300000000001
DataValue, 1.1, 0.001, 0.0179354, 0.11246100000000002, 112.46100000000001
DataValue, 1.08, 0.001, 0.0179434, 0.112462, 112.46199999999999
DataValue, 1.06, 0.001, 0.0179432, 0.112465, 112.46499999999999
DataValue, 1.04, 0.001, 0.0179456, 0.11246300000000001, 112.46300000000001
DataValue, 1.02, 0.001, 0.0179454, 0.11246300000000001, 112.46300000000001
DataValue, 1, 0.001, 0.0179444, 0.112462, 112.46199999999999
DataValue, 0.98000000000000009, 0.001, 0.017944, 0.11245700000000002, 112.45700000000001
DataValue, 0.96, 0.001, 0.017943800000000003, 0.11246, 112.46000000000001
DataValue, 0.94000000000000006, 0.001, 0.017948, 0.11246600000000001, 112.466
DataValue, 0.91999999999999993, 0.001, 0.0179414, 0.11246400000000001, 112.46400000000001
DataValue, 0.9, 0.001, 0.017942, 0.11246, 112.46000000000001
DataValue, 0.88000000000000012, 0.001, 0.017937, 0.112462, 112.46199999999999
DataValue, 0.86, 0.001, 0.017937, 0.11246, 112.46000000000001
DataValue, 0.84000000000000008, 0.001, 0.017936399999999998, 0.11246400000000001, 112.46400000000001
DataValue, 0.82, 0.001, 0.0179318, 0.11246100000000002, 112.46100000000001
DataValue, 0.8, 0.001, 0.0179288, 0.11246100000000002, 112.46100000000001
DataValue, 0.78, 0.001, 0.017923400000000003, 0.112458, 112.458
DataValue, 0.76, 0.001, 0.0179158, 0.112459, 112.459
DataValue, 0.7400000000000001, 0.001, 0.0179084, 0.11245700000000002, 112.45700000000001
DataValue, 0.72000000000000008, 0.001, 0.0179038, 0.11246, 112.46000000000001
DataValue, 0.70000000000000007, 0.001, 0.0178932, 0.11246100000000002, 112.46100000000001
DataValue, 0.68, 0.001, 0.0178846, 0.11246, 112.46000000000001
DataValue, 0.66, 0.001, 0.0178702, 0.11246, 112.46000000000001
DataValue, 0.64000000000000012, 0.001, 0.0178554, 0.11246100000000002, 112.46100000000001
DataValue, 0.62000000000000011, 0.001, 0.017839, 0.112458, 112.458
DataValue, 0.60000000000000009, 0.001, 0.0178182, 0.112462, 112.46199999999999
DataValue, 0.58, 0.001, 0.0177946, 0.112458, 112.458
DataValue, 0.55999999999999994, 0.001, 0.017765, 0.112456, 112.456
DataValue, 0.54, 0.001, 0.0177298, 0.112462, 112.46199999999999
DataValue, 0.52, 0.001, 0.0176878, 0.11246100000000002, 112.46100000000001
DataValue, 0.5, 0.001, 0.0176304, 0.112452, 112.452
DataValue, 0.48, 0.001, 0.0175604, 0.112455, 112.455
DataValue, 0.45999999999999996, 0.001, 0.017467200000000002, 0.11245400000000001, 112.45400000000001
DataValue, 0.44000000000000006, 0.001, 0.0173402, 0.11245700000000002, 112.45700000000001
DataValue, 0.42000000000000004, 0.001, 0.0171728, 0.112451, 112.451
DataValue, 0.4, 0.001, 0.016943, 0.11244400000000002, 112.44400000000002
DataValue, 0.38, 0.001, 0.0166342, 0.112441, 112.44099999999999
DataValue, 0.36000000000000004, 0.001, 0.0162366, 0.11243399999999999, 112.43399999999998
DataValue, 0.34, 0.001, 0.0157294, 0.11242600000000001, 112.426
DataValue, 0.32000000000000006, 0.001, 0.015123800000000002, 0.112418, 112.41799999999999
DataValue, 0.30000000000000004, 0.001, 0.014416400000000001, 0.11241000000000001, 112.41000000000001
DataValue, 0.27999999999999997, 0.001, 0.013609800000000002, 0.112394, 112.39399999999999
DataValue, 0.26, 0.001, 0.012724, 0.11238300000000001, 112.38300000000001
DataValue, 0.24, 0.001, 0.0117528, 0.112365, 112.36500000000001
DataValue, 0.22000000000000003, 0.001, 0.0107206, 0.11235, 112.35
DataValue, 0.2, 0.001, 0.009629239999999999, 0.11232, 112.32
DataValue, 0.18000000000000002, 0.001, 0.00847982, 0.11230500000000002, 112.305
DataValue, 0.16000000000000003, 0.001, 0.00730858, 0.112289, 112.28899999999999
DataValue, 0.13999999999999999, 0.001, 0.0061109, 0.112272, 112.27199999999999
DataValue, 0.12, 0.001, 0.0049327, 0.112252, 112.252
DataValue, 0.1, 0.001, 0.0037924000000000005, 0.112235, 112.235
DataValue, 0.08, 0.001, 0.0027172, 0.112222, 112.222
DataValue, 0.06, 0.001, 0.00177084, 0.11220200000000001, 112.202
DataValue, 0.04, 0.001, 0.000987356, 0.112191, 112.191
DataValue, 0.02, 0.001, 0.00039206800000000003, 0.11218300000000002, 112.183
DataValue, 0, 0.001, -3.87559E-06, 0.112182, 112.182
